This is LuaHBTeX, Version 1.24.0 (TeX Live 2026/Debian)  (format=lualatex 2026.8.4)  6 AUG 2026 12:24
 restricted system commands enabled.
**main.tex porbr2018_a4.tex porbr2018_all.tex porbr2018_book.tex porbr2018_prt.
tex print.tex
(./main.tex
LaTeX2e <2026-06-01>
L3 programming layer <2026-06-18>
Lua module: luaotfload 2024-12-03 v3.29 Lua based OpenType font support
Lua module: lualibs 2023-07-13 v2.76 ConTeXt Lua standard libraries.
Lua module: lualibs-extended 2023-07-13 v2.76 ConTeXt Lua libraries -- extended 
collection.
luaotfload | conf : Root cache directory is "/home/localadmin/.texlive2026/texmf
-var/luatex-cache/generic/names".
luaotfload | init : Loading fontloader "fontloader-2023-12-28.lua" from kpse-res
olved path "/usr/share/texlive/texmf-dist/tex/luatex/luaotfload/fontloader-2023-
12-28.lua".
Lua-only attribute luaotfload@noligature = 1
luaotfload | init : Context OpenType loader version 3.134
Inserting `luaotfload.node_processor' in `pre_linebreak_filter'.
Inserting `luaotfload.node_processor' in `hpack_filter'.
Inserting `luaotfload.glyph_stream' in `glyph_stream_provider'.
Inserting `luaotfload.define_font' in `define_font'.
Lua-only attribute luaotfload_color_attribute = 2
luaotfload | conf : Root cache directory is "/home/localadmin/.texlive2026/texmf
-var/luatex-cache/generic/names".
Inserting `luaotfload.harf.strip_prefix' in `find_opentype_file'.
Inserting `luaotfload.harf.strip_prefix' in `find_truetype_file'.
Removing  `luaotfload.glyph_stream' from `glyph_stream_provider'.
Inserting `luaotfload.harf.glyphstream' in `glyph_stream_provider'.
Inserting `luaotfload.harf.finalize_vlist' in `post_linebreak_filter'.
Inserting `luaotfload.harf.finalize_hlist' in `hpack_filter'.
Inserting `luaotfload.cleanup_files' in `wrapup_run'.
Inserting `luaotfload.harf.finalize_unicode' in `finish_pdffile'.
Inserting `luaotfload.glyphinfo' in `glyph_info'.
Lua-only attribute luaotfload.letterspace_done = 3
Inserting `luaotfload.aux.set_sscale_dimens' in `luaotfload.patch_font'.
Inserting `luaotfload.aux.set_font_index' in `luaotfload.patch_font'.
Inserting `luaotfload.aux.patch_cambria_domh' in `luaotfload.patch_font'.
Inserting `luaotfload.aux.fixup_fontdata' in `luaotfload.patch_font_unsafe'.
Inserting `luaotfload.aux.set_capheight' in `luaotfload.patch_font'.
Inserting `luaotfload.aux.set_xheight' in `luaotfload.patch_font'.
Inserting `luaotfload.rewrite_fontname' in `luaotfload.patch_font'.
Inserting `tracingstacklevels' in `input_level_string'. (./preamble/12pt.tex
(/usr/share/texlive/texmf-dist/tex/latex/memoir/memoir.cls
Document Class: memoir 2025/11/04 v3.8.4b configurable book, report, article do
cument class
(/usr/share/texlive/texmf-dist/tex/latex/xpatch/xpatch.sty
(/usr/share/texlive/texmf-dist/tex/latex/l3kernel/expl3.sty
Package: expl3 2026-06-18 L3 programming layer (loader) 

(/usr/share/texlive/texmf-dist/tex/latex/l3backend/l3backend-luatex.def
File: l3backend-luatex.def 2026-02-18 L3 backend support: PDF output (LuaTeX)
\l__color_backend_stack_int=\count274
Inserting `l3color' in `luaotfload.parse_color'.))
Package: xpatch 2020/03/25 v0.3a Extending etoolbox patching commands

(/usr/share/texlive/texmf-dist/tex/latex/l3packages/xparse/xparse.sty
Package: xparse 2025-10-09 L3 Experimental document command parser
)
(/usr/share/texlive/texmf-dist/tex/latex/etoolbox/etoolbox.sty
Package: etoolbox 2025/10/02 v2.5m e-TeX tools for LaTeX (JAW)
\etb@tempcnta=\count275
))
\onelineskip=\skip49
\lxvchars=\skip50
\xlvchars=\skip51
\@memcnta=\count276
\c@@memmarkcntra=\count277

(/usr/share/texlive/texmf-dist/tex/generic/iftex/iftex.sty
Package: iftex 2024/12/12 v1.0g TeX engine tests
)
\trimtop=\skip52
\trimedge=\skip53

(/usr/share/texlive/texmf-dist/tex/latex/memoir/mem12.clo
File: mem12.clo 2022/07/29 v0.5 memoir class 12pt size option
luaotfload | db : Font names database loaded from /home/localadmin/.texlive2026/
texmf-var/luatex-cache/generic/names/luaotfload-names.luc.gz)
\binding=\skip54
\spinemargin=\skip55
\foremargin=\skip56
\uppermargin=\skip57
\lowermargin=\skip58
\headdrop=\skip59
\normalrulethickness=\skip60
\mem@maxheadheight=\skip61
\mem@maxfootheight=\skip62
\headwidth=\skip63
\c@storedpagenumber=\count278
\memPD=\dimen149
\m@mabparskip=\skip64
\thanksmarkwidth=\skip65
\thanksmarksep=\skip66
\droptitle=\skip67
\c@book=\count279
\c@part=\count280
\c@chapter=\count281
\c@section=\count282
\c@subsection=\count283
\c@subsubsection=\count284
\c@paragraph=\count285
\c@subparagraph=\count286
\beforechapskip=\skip68
\midchapskip=\skip69
\afterchapskip=\skip70
\chapindent=\skip71
\bottomsectionskip=\skip72
\secindent=\skip73
\beforesecskip=\skip74
\aftersecskip=\skip75
\subsecindent=\skip76
\beforesubsecskip=\skip77
\aftersubsecskip=\skip78
\subsubsecindent=\skip79
\beforesubsubsecskip=\skip80
\aftersubsubsecskip=\skip81
\paraindent=\skip82
\beforeparaskip=\skip83
\afterparaskip=\skip84
\subparaindent=\skip85
\beforesubparaskip=\skip86
\aftersubparaskip=\skip87
\pfbreakskip=\skip88
\c@@ppsavesec=\count287
\c@@ppsaveapp=\count288
\ragrparindent=\dimen150
\everylistparindent=\dimen151
\parsepi=\skip89
\topsepi=\skip90
\itemsepi=\skip91
\parsepii=\skip92
\topsepii=\skip93
\topsepiii=\skip94
\itemsepii=\skip95
\itemsepiii=\skip96
\partopsepii=\skip97
\partopsepiii=\skip98
\m@msavetopsep=\skip99
\m@msavepartopsep=\skip100
\@enLab=\toks17
\abstitleskip=\skip101
\absleftindent=\skip102
\abs@leftindent=\dimen152
\absrightindent=\skip103
\absparindent=\skip104
\absparsep=\skip105
\c@vslineno=\count289
\c@poemline=\count290
\c@modulo@vs=\count291
\c@memfvsline=\count292
\vleftskip=\skip106
\vrightskip=\skip107
\stanzaskip=\skip108
\versewidth=\skip109
\vgap=\skip110
\vindent=\skip111
\vleftmargin=\dimen153
\c@verse=\count293
\c@chrsinstr=\count294
\beforepoemtitleskip=\skip112
\afterpoemtitleskip=\skip113
\c@poem=\count295
\beforePoemTitleskip=\skip114
\midPoemTitleskip=\skip115
\afterPoemTitleskip=\skip116

(/usr/share/texlive/texmf-dist/tex/latex/tools/array.sty
Package: array 2026/02/24 v2.7b Tabular extension package (FMi)
\col@sep=\dimen154
\ar@mcellbox=\box53
\extrarowheight=\dimen155
\NC@list=\toks18
\extratabsurround=\skip117
\backup@length=\skip118
\ar@cellbox=\box54
)
(/usr/share/texlive/texmf-dist/tex/latex/tools/dcolumn.sty
Package: dcolumn 2025/10/21 v1.06 decimal alignment package (DPC)
)
(/usr/share/texlive/texmf-dist/tex/latex/tools/delarray.sty
Package: delarray 2014/10/28 v1.01 array delimiter package (DPC)
)
(/usr/share/texlive/texmf-dist/tex/latex/tools/tabularx.sty
Package: tabularx 2023/12/11 v2.12a `tabularx' package (DPC)
\TX@col@width=\dimen156
\TX@old@table=\dimen157
\TX@old@col=\dimen158
\TX@target=\dimen159
\TX@delta=\dimen160
\TX@cols=\count296
\TX@ftn=\toks19
)
(/usr/share/texlive/texmf-dist/tex/latex/booktabs/booktabs.sty
Package: booktabs 2020/01/12 v1.61803398 Publication quality tables
\heavyrulewidth=\dimen161
\lightrulewidth=\dimen162
\cmidrulewidth=\dimen163
\belowrulesep=\dimen164
\belowbottomsep=\dimen165
\aboverulesep=\dimen166
\abovetopsep=\dimen167
\cmidrulesep=\dimen168
\cmidrulekern=\dimen169
\defaultaddspace=\dimen170
\@cmidla=\count297
\@cmidlb=\count298
\@aboverulesep=\dimen171
\@belowrulesep=\dimen172
\@thisruleclass=\count299
\@lastruleclass=\count300
\@thisrulewidth=\dimen173
)
\ctableftskip=\skip119
\ctabrightskip=\skip120
\abovecolumnspenalty=\count301
\@linestogo=\count302
\@cellstogo=\count303
\@cellsincolumn=\count304
\crtok=\toks20
\@mincolumnwidth=\dimen174
\c@newflo@tctr=\count305
\mem@margin@floatbox=\box55
\@contcwidth=\skip121
\@contindw=\skip122
\abovecaptionskip=\skip123
\belowcaptionskip=\skip124
\subfloattopskip=\skip125
\subfloatcapskip=\skip126
\subfloatcaptopadj=\skip127
\subfloatbottomskip=\skip128
\subfloatlabelskip=\skip129
\subfloatcapmargin=\dimen175
\c@@contsubnum=\count306
\m@mscap@capbox=\box56
\m@mscap@fbox=\box57
\sidecapsep=\dimen176
\sidecapwidth=\dimen177
\m@m@tempdima=\dimen178
\m@mscapraise=\dimen179
\sidecapraise=\dimen180
\m@mscapmainwidth=\dimen181
\m@mscaplkern=\dimen182
\beforeepigraphskip=\skip130
\afterepigraphskip=\skip131
\epigraphwidth=\skip132
\epigraphrule=\skip133

(/usr/share/texlive/texmf-dist/tex/latex/hyperref/nameref.sty
Package: nameref 2026-01-29 v2.58 Cross-referencing by name of section

(/usr/share/texlive/texmf-dist/tex/latex/refcount/refcount.sty
Package: refcount 2019/12/15 v3.6 Data extraction from label references (HO)

(/usr/share/texlive/texmf-dist/tex/generic/ltxcmds/ltxcmds.sty
Package: ltxcmds 2023-12-04 v1.26 LaTeX kernel commands for general use (HO)
)
(/usr/share/texlive/texmf-dist/tex/generic/infwarerr/infwarerr.sty
Package: infwarerr 2019/12/03 v1.5 Providing info/warning/error messages (HO)
))
(/usr/share/texlive/texmf-dist/tex/generic/gettitlestring/gettitlestring.sty
Package: gettitlestring 2019/12/15 v1.6 Cleanup title references (HO)

(/usr/share/texlive/texmf-dist/tex/latex/kvoptions/kvoptions.sty
Package: kvoptions 2022-06-15 v3.15 Key value format for package options (HO)

(/usr/share/texlive/texmf-dist/tex/latex/graphics/keyval.sty
Package: keyval 2026-05-17 v1.15 key=value parser (DPC)
\KV@toks@=\toks21
)
(/usr/share/texlive/texmf-dist/tex/latex/kvsetkeys/kvsetkeys.sty
Package: kvsetkeys 2022-10-05 v1.19 Key value parser (HO)
)))
\c@section@level=\count307
)
\tocentryskip=\skip134
\tocbaseline=\skip135
\cftparskip=\skip136
\cftbeforebookskip=\skip137
\cftbookindent=\dimen183
\cftbooknumwidth=\dimen184
\cftbeforepartskip=\skip138
\cftpartindent=\skip139
\cftpartnumwidth=\skip140
\cftbeforechapterskip=\skip141
\cftchapterindent=\skip142
\cftchapternumwidth=\skip143
\cftbeforesectionskip=\skip144
\cftsectionindent=\skip145
\cftsectionnumwidth=\skip146
\cftbeforesubsectionskip=\skip147
\cftsubsectionindent=\skip148
\cftsubsectionnumwidth=\skip149
\cftbeforesubsubsectionskip=\skip150
\cftsubsubsectionindent=\skip151
\cftsubsubsectionnumwidth=\skip152
\cftbeforeparagraphskip=\skip153
\cftparagraphindent=\skip154
\cftparagraphnumwidth=\skip155
\cftbeforesubparagraphskip=\skip156
\cftsubparagraphindent=\skip157
\cftsubparagraphnumwidth=\skip158
\prechapterprecisshift=\dimen185
\c@maxsecnumdepth=\count308
\bibindent=\dimen186
\bibitemsep=\skip159
\indexcolsep=\skip160
\indexrule=\skip161
\indexmarkstyle=\toks22
\@indexbox=\insert252
LaTeX Info: Redefining \raggedbottom on input line 8095.
LaTeX Info: Redefining \flushbottom on input line 8099.
\glossarycolsep=\dimen187
\glossaryrule=\dimen188
\sideparvshift=\skip162
\sideins=\insert251
\sidebartopsep=\skip163
\sidebarhsep=\skip164
\sidebarvsep=\skip165
\sidebarwidth=\skip166
\footmarkwidth=\skip167
\footmarksep=\skip168
\footparindent=\skip169
\footinsdim=\skip170
\footinsv@r=\insert250
\@mpfootinsv@r=\insert249
\m@m@k=\count309
\m@m@h=\dimen189
\m@mipn@skip=\skip171
\sidefootins=\insert248
\sidefootadjust=\skip172
\sidefootheight=\skip173
\sidefoothsep=\skip174
\sidefootvsep=\skip175
\sidefootwidth=\skip176
\m@mdownsf=\skip177
\c@sidefootnote=\count310
\sidefootmarkwidth=\skip178
\sidefootmarksep=\skip179
\sidefootparindent=\skip180
\c@pagenote=\count311
\c@pagenoteshadow=\count312
\mem@pn@lastkern=\skip181

(/usr/share/texlive/texmf-dist/tex/latex/tools/verbatim.sty
Package: verbatim 2024-01-22 v1.5x LaTeX2e package for verbatim enhancements
\every@verbatim=\toks23
\verbatim@line=\toks24
\verbatim@in@stream=\read2
)
\verbatimindent=\skip182
\verbatim@out=\write3

(/usr/share/texlive/texmf-dist/tex/latex/base/shortvrb.sty
Package: shortvrb 2026-03-13 v3.0r Standard LaTeX documentation package V3 (FMi
)
)
\bvboxsep=\skip183
\c@memfbvline=\count313
\c@bvlinectr=\count314
\bvnumlength=\skip184
\fb@frw=\dimen190
\fb@frh=\dimen191
\FrameRule=\dimen192
\FrameSep=\dimen193
\c@cp@cntr=\count315
\c@ism@mctr=\count316
\c@xsm@mctr=\count317
\c@csm@mctr=\count318
\c@ksm@mctr=\count319
\c@xksm@mctr=\count320
\c@cksm@mctr=\count321
\c@msm@mctr=\count322
\c@xmsm@mctr=\count323
\c@cmsm@mctr=\count324
\c@bsm@mctr=\count325
\c@workm@mctr=\count326
\c@sheetsequence=\count327
\c@lastsheet=\count328
\c@lastpage=\count329
\c@figure=\count330
\c@lofdepth=\count331
\cftbeforefigureskip=\skip185
\cftfigureindent=\skip186
\cftfigurenumwidth=\skip187
\c@table=\count332
\c@lotdepth=\count333
\cftbeforetableskip=\skip188
\cfttableindent=\skip189
\cfttablenumwidth=\skip190
Package abstract [2008/07/23] emulated by memoir.
Package appendix [2008/07/23] emulated by memoir.
Package ccaption [2008/07/23] emulated by memoir.
Package changepage [2008/07/23] emulated by memoir.
Package chngcntr [2008/07/23] emulated by memoir.
Package chngpage [2008/07/23] emulated by memoir.
Package crop emulated by memoir.
Package enumerate [2008/07/23] emulated by memoir.
Package epigraph [2008/07/23] emulated by memoir.
Package ifmtarg [2008/07/23] emulated by memoir.
Package index [2008/07/23] emulated by memoir.
Package makeidx [2008/07/23] emulated by memoir.
Package moreverb [2008/07/23] emulated by memoir.
Package needspace [2008/07/23] emulated by memoir.
Package newfile [2008/07/23] emulated by memoir.
Package nextpage [2008/07/23] emulated by memoir.
Package pagenote [2008/07/23] emulated by memoir.
Package parskip [2008/07/23] emulated by memoir.
Package patchcmd [2008/07/23] emulated by memoir.
Package setspace [2008/07/23] emulated by memoir.
Package showidx [2008/07/23] emulated by memoir.
Package titleref [2008/07/23] emulated by memoir.
Package titling [2008/07/23] emulated by memoir.
Package tocbibind [2008/07/23] emulated by memoir.
Package tocloft [2008/07/23] emulated by memoir.
Package tocvsec2 [2008/07/23] emulated by memoir.
Package verse [2008/07/23] emulated by memoir.
)
(./preamble/base_format.tex
(/usr/share/texlive/texmf-dist/tex/latex/fontspec/fontspec.sty
Package: fontspec 2025/09/29 v2.9g Font selection for XeLaTeX and LuaLaTeX
Lua module: fontspec 2025/09/29 v2.9g Font selection for XeLaTeX and LuaLaTeX
(/usr/share/texlive/texmf-dist/tex/latex/fontspec/fontspec-luatex.sty
Package: fontspec-luatex 2025/09/29 v2.9g Font selection for XeLaTeX and LuaLaT
eX
\l__fontspec_script_int=\count334
\l__fontspec_language_int=\count335
\l__fontspec_strnum_int=\count336
\l__fontspec_tmp_int=\count337
\l__fontspec_tmpa_int=\count338
\l__fontspec_tmpb_int=\count339
\l__fontspec_tmpc_int=\count340
\l__fontspec_em_int=\count341
\l__fontspec_emdef_int=\count342
\l__fontspec_strong_int=\count343
\l__fontspec_strongdef_int=\count344
\l__fontspec_tmpa_dim=\dimen194
\l__fontspec_tmpb_dim=\dimen195
\l__fontspec_tmpc_dim=\dimen196

(/usr/share/texlive/texmf-dist/tex/latex/base/fontenc.sty
Package: fontenc 2025/07/18 v2.1d Standard LaTeX package
)
(/usr/share/texlive/texmf-dist/tex/latex/fontspec/fontspec.cfg)))
(/usr/share/texlive/texmf-dist/tex/generic/babel/babel.sty
Package: babel 2026/06/14 v26.9 The multilingual framework for LuaLaTeX, pdfLaT
eX and XeLaTeX

(/usr/share/texlive/texmf-dist/tex/generic/babel/luababel.def
\bbl@readstream=\read3
\l@dumylang=\language2
Package babel Info: Non-standard hyphenation setup on input line 118.
\l@nohyphenation=\language3
\l@ibycus=\language4
\l@greek=\language5
\l@portuguese=\language6
\l@ancientgreek=\language7
\l@monogreek=\language8
\babelcatcodetablenum=\catcodetable14
\bbl@pattcodes=\catcodetable15
)
\babel@savecnt=\count345
LaTeX Encoding Info:    Redeclaring text command \ij (encoding OT1) on input li
ne 2084.
LaTeX Encoding Info:    Redeclaring text command \IJ (encoding OT1) on input li
ne 2086.
LaTeX Encoding Info:    Redeclaring text command \ij (encoding T1) on input lin
e 2088.
LaTeX Encoding Info:    Redeclaring text command \IJ (encoding T1) on input lin
e 2089.
LaTeX Encoding Info:    Ignoring declaration for text command \ij (encoding ?) 
on input line 2090.
LaTeX Encoding Info:    Ignoring declaration for text command \IJ (encoding ?) 
on input line 2092.
LaTeX Encoding Info:    Ignoring declaration for text command \SS (encoding ?) 
on input line 2117.
\U@D=\dimen197
\l@unhyphenated=\language9

(/usr/share/texlive/texmf-dist/tex/generic/babel/luababel.def
\bbl@attr@locale=\attribute4
)
(/usr/share/texlive/texmf-dist/tex/generic/babel/locale/pt/babel-brazilian.tex)
Package babel Info: Importing font and identification data for 'brazilian'
(babel)             from babel-pt-BR.ini. Reported on input line 4380.
(/usr/share/texlive/texmf-dist/tex/generic/babel-portuges/brazilian.ldf
Language: portuges 2026/01/24 v1.2u Portuguese support from the babel system
Package babel Info: Hyphen rules for 'brazilian' set to \l@portuguese
(babel)             (\language6). Reported on input line 100.
Package babel Info: Making " an active character on input line 132.

(/usr/share/texlive/texmf-dist/tex/generic/hyph-utf8/loadhyph/loadhyph-pt.tex
UTF-8 Portuguese hyphenation patterns
(/usr/share/texlive/texmf-dist/tex/generic/hyph-utf8/patterns/tex/hyph-pt.tex)))
) (/usr/share/texlive/texmf-dist/tex/latex/microtype/microtype.sty
Package: microtype 2026/03/01 v3.2d Micro-typographical refinements (RS)
\MT@toks=\toks25
\MT@tempbox=\box58
\MT@count=\count346
LaTeX Info: Redefining \noprotrusionifhmode on input line 1084.
LaTeX Info: Redefining \leftprotrusion on input line 1085.
\MT@prot@toks=\toks26
LaTeX Info: Redefining \rightprotrusion on input line 1104.
LaTeX Info: Redefining \textls on input line 1449.
\MT@outer@kern=\dimen198
LaTeX Info: Redefining \microtypecontext on input line 2053.
LaTeX Info: Redefining \textmicrotypecontext on input line 2070.
\MT@listname@count=\count347

(/usr/share/texlive/texmf-dist/tex/latex/microtype/microtype-luatex.def
File: microtype-luatex.def 2026/03/01 v3.2d Definitions specific to luatex (RS)

Lua module: microtype 2026/03/01 v3.2d microtype module.
Module microtype Info: overwriting function `keepligature' on input line 63
LaTeX Info: Redefining \lsstyle on input line 779.
LaTeX Info: Redefining \lslig on input line 779.
\MT@outer@space=\skip191
)
Package microtype Info: Loading configuration file microtype.cfg.

(/usr/share/texlive/texmf-dist/tex/latex/microtype/microtype.cfg
File: microtype.cfg 2026/03/01 v3.2d microtype main configuration file (RS)
)
LaTeX Info: Redefining \microtypesetup on input line 3065.
)
(/usr/share/texlive/texmf-dist/tex/latex/xcolor/xcolor.sty
Package: xcolor 2024/09/29 v3.02 LaTeX color extensions (UK)

(/usr/share/texlive/texmf-dist/tex/latex/graphics-cfg/color.cfg
File: color.cfg 2016/01/02 v1.6 sample color configuration
)
Package xcolor Info: Driver file: luatex.def on input line 274.

(/usr/share/texlive/texmf-dist/tex/latex/graphics-def/luatex.def
File: luatex.def 2025/09/29 v1.2f Graphics/color driver for luatex
)
(/usr/share/texlive/texmf-dist/tex/latex/graphics/mathcolor.ltx)
Package xcolor Info: Model `cmy' substituted by `cmy0' on input line 1349.
Package xcolor Info: Model `hsb' substituted by `rgb' on input line 1353.
Package xcolor Info: Model `RGB' extended on input line 1365.
Package xcolor Info: Model `HTML' substituted by `rgb' on input line 1367.
Package xcolor Info: Model `Hsb' substituted by `hsb' on input line 1368.
Package xcolor Info: Model `tHsb' substituted by `hsb' on input line 1369.
Package xcolor Info: Model `HSB' substituted by `hsb' on input line 1370.
Package xcolor Info: Model `Gray' substituted by `gray' on input line 1371.
Package xcolor Info: Model `wave' substituted by `hsb' on input line 1372.
)
(/usr/share/texlive/texmf-dist/tex/latex/fontsetup/fontsetup.sty
Package: fontsetup 2026/06/04 v2.6.0 For easily using font families with mathem
atics

(/usr/share/texlive/texmf-dist/tex/generic/oberdiek/iflang.sty
Package: iflang 2018/01/21 v1.7 Checks for the current language (HO)

(/usr/share/texlive/texmf-dist/tex/generic/pdftexcmds/pdftexcmds.sty
Package: pdftexcmds 2020-06-27 v0.33 Utility functions of pdfTeX for LuaTeX (HO
)
Package pdftexcmds Info: \pdf@primitive is available.
Package pdftexcmds Info: \pdf@ifprimitive is available.
Package pdftexcmds Info: \pdfdraftmode found.
\pdftexcmds@toks=\toks27
)
Package iflang Info: Naming convention for patterns: babel.
)
(/usr/share/texlive/texmf-dist/tex/latex/unicode-math/unicode-math.sty
Package: unicode-math 2023/08/13 v0.8r Unicode maths in XeLaTeX and LuaLaTeX

(/usr/share/texlive/texmf-dist/tex/latex/unicode-math/unicode-math-luatex.sty
Package: unicode-math-luatex 2023/08/13 v0.8r Unicode maths in XeLaTeX and LuaL
aTeX

(/usr/share/texlive/texmf-dist/tex/latex/l3packages/l3keys2e/l3keys2e.sty
Package: l3keys2e 2025-10-09 LaTeX2e option processing using LaTeX3 keys
)
(/usr/share/texlive/texmf-dist/tex/latex/base/fix-cm.sty
Package: fix-cm 2020/11/24 v1.1t fixes to LaTeX

(/usr/share/texlive/texmf-dist/tex/latex/base/ts1enc.def
File: ts1enc.def 2001/06/05 v3.0e (jk/car/fm) Standard LaTeX file
LaTeX Font Info:    Redeclaring font encoding TS1 on input line 47.
LaTeX Encoding Info:    Redeclaring text command \capitalcedilla (encoding TS1)
 on input line 49.
LaTeX Encoding Info:    Redeclaring text command \capitalogonek (encoding TS1) 
on input line 52.
LaTeX Encoding Info:    Redeclaring text command \capitalgrave (encoding TS1) o
n input line 55.
LaTeX Encoding Info:    Redeclaring text command \capitalacute (encoding TS1) o
n input line 56.
LaTeX Encoding Info:    Redeclaring text command \capitalcircumflex (encoding T
S1) on input line 57.
LaTeX Encoding Info:    Redeclaring text command \capitaltilde (encoding TS1) o
n input line 58.
LaTeX Encoding Info:    Redeclaring text command \capitaldieresis (encoding TS1
) on input line 59.
LaTeX Encoding Info:    Redeclaring text command \capitalhungarumlaut (encoding
 TS1) on input line 60.
LaTeX Encoding Info:    Redeclaring text command \capitalring (encoding TS1) on
 input line 61.
LaTeX Encoding Info:    Redeclaring text command \capitalcaron (encoding TS1) o
n input line 62.
LaTeX Encoding Info:    Redeclaring text command \capitalbreve (encoding TS1) o
n input line 63.
LaTeX Encoding Info:    Redeclaring text command \capitalmacron (encoding TS1) 
on input line 64.
LaTeX Encoding Info:    Redeclaring text command \capitaldotaccent (encoding TS
1) on input line 65.
LaTeX Encoding Info:    Redeclaring text command \t (encoding TS1) on input lin
e 66.
LaTeX Encoding Info:    Redeclaring text command \capitaltie (encoding TS1) on 
input line 67.
LaTeX Encoding Info:    Redeclaring text command \newtie (encoding TS1) on inpu
t line 68.
LaTeX Encoding Info:    Redeclaring text command \capitalnewtie (encoding TS1) 
on input line 69.
LaTeX Encoding Info:    Redeclaring text symbol \textcapitalcompwordmark (encod
ing TS1) on input line 70.
LaTeX Encoding Info:    Redeclaring text symbol \textascendercompwordmark (enco
ding TS1) on input line 71.
LaTeX Encoding Info:    Redeclaring text symbol \textquotestraightbase (encodin
g TS1) on input line 72.
LaTeX Encoding Info:    Redeclaring text symbol \textquotestraightdblbase (enco
ding TS1) on input line 73.
LaTeX Encoding Info:    Redeclaring text symbol \texttwelveudash (encoding TS1)
 on input line 74.
LaTeX Encoding Info:    Redeclaring text symbol \textthreequartersemdash (encod
ing TS1) on input line 75.
LaTeX Encoding Info:    Redeclaring text symbol \textleftarrow (encoding TS1) o
n input line 76.
LaTeX Encoding Info:    Redeclaring text symbol \textrightarrow (encoding TS1) 
on input line 77.
LaTeX Encoding Info:    Redeclaring text symbol \textblank (encoding TS1) on in
put line 78.
LaTeX Encoding Info:    Redeclaring text symbol \textdollar (encoding TS1) on i
nput line 79.
LaTeX Encoding Info:    Redeclaring text symbol \textquotesingle (encoding TS1)
 on input line 80.
LaTeX Encoding Info:    Redeclaring text command \textasteriskcentered (encodin
g TS1) on input line 81.
LaTeX Encoding Info:    Redeclaring text symbol \textdblhyphen (encoding TS1) o
n input line 92.
LaTeX Encoding Info:    Redeclaring text symbol \textfractionsolidus (encoding 
TS1) on input line 93.
LaTeX Encoding Info:    Redeclaring text symbol \textzerooldstyle (encoding TS1
) on input line 94.
LaTeX Encoding Info:    Redeclaring text symbol \textoneoldstyle (encoding TS1)
 on input line 95.
LaTeX Encoding Info:    Redeclaring text symbol \texttwooldstyle (encoding TS1)
 on input line 96.
LaTeX Encoding Info:    Redeclaring text symbol \textthreeoldstyle (encoding TS
1) on input line 97.
LaTeX Encoding Info:    Redeclaring text symbol \textfouroldstyle (encoding TS1
) on input line 98.
LaTeX Encoding Info:    Redeclaring text symbol \textfiveoldstyle (encoding TS1
) on input line 99.
LaTeX Encoding Info:    Redeclaring text symbol \textsixoldstyle (encoding TS1)
 on input line 100.
LaTeX Encoding Info:    Redeclaring text symbol \textsevenoldstyle (encoding TS
1) on input line 101.
LaTeX Encoding Info:    Redeclaring text symbol \texteightoldstyle (encoding TS
1) on input line 102.
LaTeX Encoding Info:    Redeclaring text symbol \textnineoldstyle (encoding TS1
) on input line 103.
LaTeX Encoding Info:    Redeclaring text symbol \textlangle (encoding TS1) on i
nput line 104.
LaTeX Encoding Info:    Redeclaring text symbol \textminus (encoding TS1) on in
put line 105.
LaTeX Encoding Info:    Redeclaring text symbol \textrangle (encoding TS1) on i
nput line 106.
LaTeX Encoding Info:    Redeclaring text symbol \textmho (encoding TS1) on inpu
t line 107.
LaTeX Encoding Info:    Redeclaring text symbol \textbigcircle (encoding TS1) o
n input line 108.
LaTeX Encoding Info:    Redeclaring text command \textcircled (encoding TS1) on
 input line 109.
LaTeX Encoding Info:    Redeclaring text symbol \textohm (encoding TS1) on inpu
t line 115.
LaTeX Encoding Info:    Redeclaring text symbol \textlbrackdbl (encoding TS1) o
n input line 116.
LaTeX Encoding Info:    Redeclaring text symbol \textrbrackdbl (encoding TS1) o
n input line 117.
LaTeX Encoding Info:    Redeclaring text symbol \textuparrow (encoding TS1) on 
input line 118.
LaTeX Encoding Info:    Redeclaring text symbol \textdownarrow (encoding TS1) o
n input line 119.
LaTeX Encoding Info:    Redeclaring text symbol \textasciigrave (encoding TS1) 
on input line 120.
LaTeX Encoding Info:    Redeclaring text symbol \textborn (encoding TS1) on inp
ut line 121.
LaTeX Encoding Info:    Redeclaring text symbol \textdivorced (encoding TS1) on
 input line 122.
LaTeX Encoding Info:    Redeclaring text symbol \textdied (encoding TS1) on inp
ut line 123.
LaTeX Encoding Info:    Redeclaring text symbol \textleaf (encoding TS1) on inp
ut line 124.
LaTeX Encoding Info:    Redeclaring text symbol \textmarried (encoding TS1) on 
input line 125.
LaTeX Encoding Info:    Redeclaring text symbol \textmusicalnote (encoding TS1)
 on input line 126.
LaTeX Encoding Info:    Redeclaring text symbol \texttildelow (encoding TS1) on
 input line 127.
LaTeX Encoding Info:    Redeclaring text symbol \textdblhyphenchar (encoding TS
1) on input line 128.
LaTeX Encoding Info:    Redeclaring text symbol \textasciibreve (encoding TS1) 
on input line 129.
LaTeX Encoding Info:    Redeclaring text symbol \textasciicaron (encoding TS1) 
on input line 130.
LaTeX Encoding Info:    Redeclaring text symbol \textacutedbl (encoding TS1) on
 input line 131.
LaTeX Encoding Info:    Redeclaring text symbol \textgravedbl (encoding TS1) on
 input line 132.
LaTeX Encoding Info:    Redeclaring text symbol \textdagger (encoding TS1) on i
nput line 133.
LaTeX Encoding Info:    Redeclaring text symbol \textdaggerdbl (encoding TS1) o
n input line 134.
LaTeX Encoding Info:    Redeclaring text symbol \textbardbl (encoding TS1) on i
nput line 135.
LaTeX Encoding Info:    Redeclaring text symbol \textperthousand (encoding TS1)
 on input line 136.
LaTeX Encoding Info:    Redeclaring text symbol \textbullet (encoding TS1) on i
nput line 137.
LaTeX Encoding Info:    Redeclaring text symbol \textcelsius (encoding TS1) on 
input line 138.
LaTeX Encoding Info:    Redeclaring text symbol \textdollaroldstyle (encoding T
S1) on input line 139.
LaTeX Encoding Info:    Redeclaring text symbol \textcentoldstyle (encoding TS1
) on input line 140.
LaTeX Encoding Info:    Redeclaring text symbol \textflorin (encoding TS1) on i
nput line 141.
LaTeX Encoding Info:    Redeclaring text symbol \textcolonmonetary (encoding TS
1) on input line 142.
LaTeX Encoding Info:    Redeclaring text symbol \textwon (encoding TS1) on inpu
t line 143.
LaTeX Encoding Info:    Redeclaring text symbol \textnaira (encoding TS1) on in
put line 144.
LaTeX Encoding Info:    Redeclaring text symbol \textguarani (encoding TS1) on 
input line 145.
LaTeX Encoding Info:    Redeclaring text symbol \textpeso (encoding TS1) on inp
ut line 146.
LaTeX Encoding Info:    Redeclaring text symbol \textlira (encoding TS1) on inp
ut line 147.
LaTeX Encoding Info:    Redeclaring text symbol \textrecipe (encoding TS1) on i
nput line 148.
LaTeX Encoding Info:    Redeclaring text symbol \textinterrobang (encoding TS1)
 on input line 149.
LaTeX Encoding Info:    Redeclaring text symbol \textinterrobangdown (encoding 
TS1) on input line 150.
LaTeX Encoding Info:    Redeclaring text symbol \textdong (encoding TS1) on inp
ut line 151.
LaTeX Encoding Info:    Redeclaring text symbol \texttrademark (encoding TS1) o
n input line 152.
LaTeX Encoding Info:    Redeclaring text symbol \textpertenthousand (encoding T
S1) on input line 153.
LaTeX Encoding Info:    Redeclaring text symbol \textpilcrow (encoding TS1) on 
input line 154.
LaTeX Encoding Info:    Redeclaring text symbol \textbaht (encoding TS1) on inp
ut line 155.
LaTeX Encoding Info:    Redeclaring text symbol \textnumero (encoding TS1) on i
nput line 156.
LaTeX Encoding Info:    Redeclaring text symbol \textdiscount (encoding TS1) on
 input line 157.
LaTeX Encoding Info:    Redeclaring text symbol \textestimated (encoding TS1) o
n input line 158.
LaTeX Encoding Info:    Redeclaring text symbol \textopenbullet (encoding TS1) 
on input line 159.
LaTeX Encoding Info:    Redeclaring text symbol \textservicemark (encoding TS1)
 on input line 160.
LaTeX Encoding Info:    Redeclaring text symbol \textlquill (encoding TS1) on i
nput line 161.
LaTeX Encoding Info:    Redeclaring text symbol \textrquill (encoding TS1) on i
nput line 162.
LaTeX Encoding Info:    Redeclaring text symbol \textcent (encoding TS1) on inp
ut line 163.
LaTeX Encoding Info:    Redeclaring text symbol \textsterling (encoding TS1) on
 input line 164.
LaTeX Encoding Info:    Redeclaring text symbol \textcurrency (encoding TS1) on
 input line 165.
LaTeX Encoding Info:    Redeclaring text symbol \textyen (encoding TS1) on inpu
t line 166.
LaTeX Encoding Info:    Redeclaring text symbol \textbrokenbar (encoding TS1) o
n input line 167.
LaTeX Encoding Info:    Redeclaring text symbol \textsection (encoding TS1) on 
input line 168.
LaTeX Encoding Info:    Redeclaring text symbol \textasciidieresis (encoding TS
1) on input line 169.
LaTeX Encoding Info:    Redeclaring text symbol \textcopyright (encoding TS1) o
n input line 170.
LaTeX Encoding Info:    Redeclaring text symbol \textordfeminine (encoding TS1)
 on input line 171.
LaTeX Encoding Info:    Redeclaring text symbol \textcopyleft (encoding TS1) on
 input line 172.
LaTeX Encoding Info:    Redeclaring text symbol \textlnot (encoding TS1) on inp
ut line 173.
LaTeX Encoding Info:    Redeclaring text symbol \textcircledP (encoding TS1) on
 input line 174.
LaTeX Encoding Info:    Redeclaring text symbol \textregistered (encoding TS1) 
on input line 175.
LaTeX Encoding Info:    Redeclaring text symbol \textasciimacron (encoding TS1)
 on input line 176.
LaTeX Encoding Info:    Redeclaring text symbol \textdegree (encoding TS1) on i
nput line 177.
LaTeX Encoding Info:    Redeclaring text symbol \textpm (encoding TS1) on input
 line 178.
LaTeX Encoding Info:    Redeclaring text symbol \texttwosuperior (encoding TS1)
 on input line 179.
LaTeX Encoding Info:    Redeclaring text symbol \textthreesuperior (encoding TS
1) on input line 180.
LaTeX Encoding Info:    Redeclaring text symbol \textasciiacute (encoding TS1) 
on input line 181.
LaTeX Encoding Info:    Redeclaring text symbol \textmu (encoding TS1) on input
 line 182.
LaTeX Encoding Info:    Redeclaring text symbol \textparagraph (encoding TS1) o
n input line 183.
LaTeX Encoding Info:    Redeclaring text symbol \textperiodcentered (encoding T
S1) on input line 184.
LaTeX Encoding Info:    Redeclaring text symbol \textreferencemark (encoding TS
1) on input line 185.
LaTeX Encoding Info:    Redeclaring text symbol \textonesuperior (encoding TS1)
 on input line 186.
LaTeX Encoding Info:    Redeclaring text symbol \textordmasculine (encoding TS1
) on input line 187.
LaTeX Encoding Info:    Redeclaring text symbol \textsurd (encoding TS1) on inp
ut line 188.
LaTeX Encoding Info:    Redeclaring text symbol \textonequarter (encoding TS1) 
on input line 189.
LaTeX Encoding Info:    Redeclaring text symbol \textonehalf (encoding TS1) on 
input line 190.
LaTeX Encoding Info:    Redeclaring text symbol \textthreequarters (encoding TS
1) on input line 191.
LaTeX Encoding Info:    Redeclaring text symbol \texteuro (encoding TS1) on inp
ut line 192.
LaTeX Encoding Info:    Redeclaring text symbol \texttimes (encoding TS1) on in
put line 193.
LaTeX Encoding Info:    Redeclaring text symbol \textdiv (encoding TS1) on inpu
t line 194.
))
(/usr/share/texlive/texmf-dist/tex/latex/amsmath/amsmath.sty
Package: amsmath 2026/05/19 v2.18d AMS math features
\@mathmargin=\skip192

For additional information on amsmath, use the `?' option.
(/usr/share/texlive/texmf-dist/tex/latex/amsmath/amstext.sty
Package: amstext 2024/11/17 v2.01 AMS text

(/usr/share/texlive/texmf-dist/tex/latex/amsmath/amsgen.sty
File: amsgen.sty 1999/11/30 v2.0 generic functions
\@emptytoks=\toks28
\ex@=\dimen199
))
(/usr/share/texlive/texmf-dist/tex/latex/amsmath/amsbsy.sty
Package: amsbsy 1999/11/29 v1.2d Bold Symbols
\pmbraise@=\dimen256
)
(/usr/share/texlive/texmf-dist/tex/latex/amsmath/amsopn.sty
Package: amsopn 2022/04/08 v2.04 operator names
)
\inf@bad=\count348
LaTeX Info: Redefining \frac on input line 235.
\uproot@=\count349
\leftroot@=\count350
LaTeX Info: Redefining \overline on input line 398.
LaTeX Info: Redefining \colon on input line 409.
\classnum@=\count351
\DOTSCASE@=\count352
LaTeX Info: Redefining \ldots on input line 495.
LaTeX Info: Redefining \dots on input line 498.
LaTeX Info: Redefining \cdots on input line 619.
\Mathstrutbox@=\box59
\strutbox@=\box60
LaTeX Info: Redefining \big on input line 721.
LaTeX Info: Redefining \Big on input line 722.
LaTeX Info: Redefining \bigg on input line 723.
LaTeX Info: Redefining \Bigg on input line 724.
\big@size=\dimen257
LaTeX Font Info:    Redeclaring font encoding OML on input line 742.
LaTeX Font Info:    Redeclaring font encoding OMS on input line 743.
\macc@depth=\count353
LaTeX Info: Redefining \bmod on input line 904.
LaTeX Info: Redefining \pmod on input line 909.
LaTeX Info: Redefining \smash on input line 939.
LaTeX Info: Redefining \relbar on input line 969.
LaTeX Info: Redefining \Relbar on input line 970.
\c@MaxMatrixCols=\count354
\dotsspace@=\muskip17
\c@parentequation=\count355
\dspbrk@lvl=\count356
\tag@help=\toks29
\row@=\count357
\column@=\count358
\maxfields@=\count359
\andhelp@=\toks30
\eqnshift@=\dimen258
\alignsep@=\dimen259
\tagshift@=\dimen260
\tagwidth@=\dimen261
\totwidth@=\dimen262
\lineht@=\dimen263
\@envbody=\toks31
\multlinegap=\skip193
\multlinetaggap=\skip194
\mathdisplay@stack=\toks32
LaTeX Info: Redefining \[ on input line 2965.
LaTeX Info: Redefining \] on input line 2966.
)
(/usr/share/texlive/texmf-dist/tex/lualatex/lualatex-math/lualatex-math.sty
Package: lualatex-math 2022/01/01 v1.12 Patches for mathematics typesetting wit
h LuaLaTeX
Lua module: lualatex-math 2013/08/03 v1.3 Patches for mathematics typesetting wi
th LuaLaTeX)
\g__um_fam_int=\count360
\g__um_fonts_used_int=\count361
\l__um_primecount_int=\count362
\g__um_primekern_muskip=\muskip18

(/usr/share/texlive/texmf-dist/tex/latex/unicode-math/unicode-math-table.tex))) (/usr/share/texlive/texmf-dist/tex/latex/fontsetup/fspdefault.tex
(/usr/share/texlive/texmf-dist/tex/latex/newcomputermodern/NewCM10-Book.fontspe
c)

Package fontspec Info: 
(fontspec)             Font family 'NewCM10-Book.otf(0)' created for font
(fontspec)             'NewCM10-Book.otf' with options
(fontspec)             [Ligatures=TeX,UprightFont={NewCM10-Book.otf},UprightFea
tures={SizeFeatures={{Size={-8},Font={NewCM08-Book.otf}},{Size={8},Font={NewCM0
8-Book.otf}},{Size={8-},Font={NewCM10-Book.otf}},}},ItalicFont={NewCM10-BookIta
lic.otf},ItalicFeatures={SizeFeatures={{Size={-8},Font={NewCM08-BookItalic.otf}
},{Size={8},Font={NewCM08-BookItalic.otf}},{Size={8-},Font={NewCM10-BookItalic.
otf}},}},BoldFont={NewCM10-Bold.otf},BoldFeatures={SizeFeatures={{Size={0-},Fon
t={NewCM10-Bold.otf}},}},BoldItalicFont={NewCM10-BoldItalic.otf},BoldItalicFeat
ures={SizeFeatures={{Size={0-},Font={NewCM10-BoldItalic.otf}},}},SlantedFont={N
ewCM10-Book.otf},SlantedFeatures={SizeFeatures={{Size={-8},FakeSlant={0.25},Fon
t={NewCM08-Book.otf}},{Size={8},FakeSlant={0.25},Font={NewCM08-Book.otf}},{Size
={8-},FakeSlant={0.25},Font={NewCM10-Book.otf}},}},BoldSlantedFont={NewCM10-Bol
d.otf},BoldSlantedFeatures={SizeFeatures={{Size={0-},FakeSlant={0.25},Font={New
CM10-Bold.otf}},}},SwashFont={NewCM10-Book.otf},SwashFeatures={SizeFeatures={{S
ize={-8},Font={NewCM08-Book.otf}},{Size={8},Font={NewCM08-Book.otf}},{Size={8-}
,Font={NewCM10-Book.otf}},}},BoldSwashFont={NewCM10-Bold.otf},BoldSwashFeatures
={SizeFeatures={{Size={0-},Font={NewCM10-Bold.otf}},}}].
(fontspec)              
(fontspec)              This font family consists of the following NFSS
(fontspec)             series/shapes:
(fontspec)              
(fontspec)             - 'normal' (m/n) with NFSS spec.:
(fontspec)             <-8>"[NewCM08-Book.otf]:mode=node;script=latn;language=d
flt;+tlig;"<8>"[NewCM08-Book.otf]:mode=node;script=latn;language=dflt;+tlig;"<8
->"[NewCM10-Book.otf]:mode=node;script=latn;language=dflt;+tlig;"
(fontspec)             - 'small caps'  (m/sc) with NFSS spec.:
(fontspec)             <-8>"[NewCM08-Book.otf]:mode=node;script=latn;language=d
flt;+tlig;+smcp;"<8>"[NewCM08-Book.otf]:mode=node;script=latn;language=dflt;+tl
ig;+smcp;"<8->"[NewCM10-Book.otf]:mode=node;script=latn;language=dflt;+tlig;+sm
cp;"
(fontspec)             - 'bold' (b/n) with NFSS spec.:
(fontspec)             <0->"[NewCM10-Bold.otf]:mode=node;script=latn;language=d
flt;+tlig;"
(fontspec)             - 'bold small caps'  (b/sc) with NFSS spec.:
(fontspec)             <0->"[NewCM10-Bold.otf]:mode=node;script=latn;language=d
flt;+tlig;+smcp;"
(fontspec)             - 'italic' (m/it) with NFSS spec.:
(fontspec)             <-8>"[NewCM08-BookItalic.otf]:mode=node;script=latn;lang
uage=dflt;+tlig;"<8>"[NewCM08-BookItalic.otf]:mode=node;script=latn;language=df
lt;+tlig;"<8->"[NewCM10-BookItalic.otf]:mode=node;script=latn;language=dflt;+tl
ig;"
(fontspec)             - 'italic small caps'  (m/scit) with NFSS spec.:
(fontspec)             <-8>"[NewCM08-BookItalic.otf]:mode=node;script=latn;lang
uage=dflt;+tlig;+smcp;"<8>"[NewCM08-BookItalic.otf]:mode=node;script=latn;langu
age=dflt;+tlig;+smcp;"<8->"[NewCM10-BookItalic.otf]:mode=node;script=latn;langu
age=dflt;+tlig;+smcp;"
(fontspec)             - 'slanted' (m/sl) with NFSS spec.:
(fontspec)             <-8>"[NewCM08-Book.otf]:mode=node;script=latn;language=d
flt;slant=0.25;+tlig;"<8>"[NewCM08-Book.otf]:mode=node;script=latn;language=dfl
t;slant=0.25;+tlig;"<8->"[NewCM10-Book.otf]:mode=node;script=latn;language=dflt
;slant=0.25;+tlig;"
(fontspec)             - 'slanted small caps'  (m/scsl) with NFSS spec.:
(fontspec)             <-8>"[NewCM08-Book.otf]:mode=node;script=latn;language=d
flt;slant=0.25;+tlig;+smcp;"<8>"[NewCM08-Book.otf]:mode=node;script=latn;langua
ge=dflt;slant=0.25;+tlig;+smcp;"<8->"[NewCM10-Book.otf]:mode=node;script=latn;l
anguage=dflt;slant=0.25;+tlig;+smcp;"
(fontspec)             - 'swash' (m/sw) with NFSS spec.:
(fontspec)             <-8>"[NewCM08-Book.otf]:mode=node;script=latn;language=d
flt;+tlig;"<8>"[NewCM08-Book.otf]:mode=node;script=latn;language=dflt;+tlig;"<8
->"[NewCM10-Book.otf]:mode=node;script=latn;language=dflt;+tlig;"
(fontspec)             -  (m/scsw) with NFSS spec.:
(fontspec)             <-8>"[NewCM08-Book.otf]:mode=node;script=latn;language=d
flt;+tlig;+smcp;"<8>"[NewCM08-Book.otf]:mode=node;script=latn;language=dflt;+tl
ig;+smcp;"<8->"[NewCM10-Book.otf]:mode=node;script=latn;language=dflt;+tlig;+sm
cp;"
(fontspec)             - 'bold italic' (b/it) with NFSS spec.:
(fontspec)             <0->"[NewCM10-BoldItalic.otf]:mode=node;script=latn;lang
uage=dflt;+tlig;"
(fontspec)             - 'bold italic small caps'  (b/scit) with NFSS spec.:
(fontspec)             <0->"[NewCM10-BoldItalic.otf]:mode=node;script=latn;lang
uage=dflt;+tlig;+smcp;"
(fontspec)             - 'bold slanted' (b/sl) with NFSS spec.:
(fontspec)             <0->"[NewCM10-Bold.otf]:mode=node;script=latn;language=d
flt;slant=0.25;+tlig;"
(fontspec)             - 'bold slanted small caps'  (b/scsl) with NFSS spec.:
(fontspec)             <0->"[NewCM10-Bold.otf]:mode=node;script=latn;language=d
flt;slant=0.25;+tlig;+smcp;"
(fontspec)             - 'bold swash' (b/sw) with NFSS spec.:
(fontspec)             <0->"[NewCM10-Bold.otf]:mode=node;script=latn;language=d
flt;+tlig;"
(fontspec)             -  (b/scsw) with NFSS spec.:
(fontspec)             <0->"[NewCM10-Bold.otf]:mode=node;script=latn;language=d
flt;+tlig;+smcp;"


Package fontspec Info: 
(fontspec)             Font family 'NewCM10-Book.otf(1)' created for font
(fontspec)             'NewCM10-Book.otf' with options
(fontspec)             [UprightFont={NewCM10-Book.otf},UprightFeatures={SizeFea
tures={{Size={-8},Font={NewCM08-Book.otf}},{Size={8},Font={NewCM08-Book.otf}},{
Size={8-},Font={NewCM10-Book.otf}},}},ItalicFont={NewCM10-BookItalic.otf},Itali
cFeatures={SizeFeatures={{Size={-8},Font={NewCM08-BookItalic.otf}},{Size={8},Fo
nt={NewCM08-BookItalic.otf}},{Size={8-},Font={NewCM10-BookItalic.otf}},}},BoldF
ont={NewCM10-Bold.otf},BoldFeatures={SizeFeatures={{Size={0-},Font={NewCM10-Bol
d.otf}},}},BoldItalicFont={NewCM10-BoldItalic.otf},BoldItalicFeatures={SizeFeat
ures={{Size={0-},Font={NewCM10-BoldItalic.otf}},}},SlantedFont={NewCM10-Book.ot
f},SlantedFeatures={SizeFeatures={{Size={-8},FakeSlant={0.25},Font={NewCM08-Boo
k.otf}},{Size={8},FakeSlant={0.25},Font={NewCM08-Book.otf}},{Size={8-},FakeSlan
t={0.25},Font={NewCM10-Book.otf}},}},BoldSlantedFont={NewCM10-Bold.otf},BoldSla
ntedFeatures={SizeFeatures={{Size={0-},FakeSlant={0.25},Font={NewCM10-Bold.otf}
},}},SwashFont={NewCM10-Book.otf},SwashFeatures={SizeFeatures={{Size={-8},Font=
{NewCM08-Book.otf}},{Size={8},Font={NewCM08-Book.otf}},{Size={8-},Font={NewCM10
-Book.otf}},}},BoldSwashFont={NewCM10-Bold.otf},BoldSwashFeatures={SizeFeatures
={{Size={0-},Font={NewCM10-Bold.otf}},}},Renderer=Basic].
(fontspec)              
(fontspec)              This font family consists of the following NFSS
(fontspec)             series/shapes:
(fontspec)              
(fontspec)             - 'normal' (m/n) with NFSS spec.:
(fontspec)             <-8>"[NewCM08-Book.otf]:mode=base;script=latn;language=d
flt;"<8>"[NewCM08-Book.otf]:mode=base;script=latn;language=dflt;"<8->"[NewCM10-
Book.otf]:mode=base;script=latn;language=dflt;"
(fontspec)             - 'small caps'  (m/sc) with NFSS spec.:
(fontspec)             <-8>"[NewCM08-Book.otf]:mode=base;script=latn;language=d
flt;+smcp;"<8>"[NewCM08-Book.otf]:mode=base;script=latn;language=dflt;+smcp;"<8
->"[NewCM10-Book.otf]:mode=base;script=latn;language=dflt;+smcp;"
(fontspec)             - 'bold' (b/n) with NFSS spec.:
(fontspec)             <0->"[NewCM10-Bold.otf]:mode=base;script=latn;language=d
flt;"
(fontspec)             - 'bold small caps'  (b/sc) with NFSS spec.:
(fontspec)             <0->"[NewCM10-Bold.otf]:mode=base;script=latn;language=d
flt;+smcp;"
(fontspec)             - 'italic' (m/it) with NFSS spec.:
(fontspec)             <-8>"[NewCM08-BookItalic.otf]:mode=base;script=latn;lang
uage=dflt;"<8>"[NewCM08-BookItalic.otf]:mode=base;script=latn;language=dflt;"<8
->"[NewCM10-BookItalic.otf]:mode=base;script=latn;language=dflt;"
(fontspec)             - 'italic small caps'  (m/scit) with NFSS spec.:
(fontspec)             <-8>"[NewCM08-BookItalic.otf]:mode=base;script=latn;lang
uage=dflt;+smcp;"<8>"[NewCM08-BookItalic.otf]:mode=base;script=latn;language=df
lt;+smcp;"<8->"[NewCM10-BookItalic.otf]:mode=base;script=latn;language=dflt;+sm
cp;"
(fontspec)             - 'slanted' (m/sl) with NFSS spec.:
(fontspec)             <-8>"[NewCM08-Book.otf]:mode=base;script=latn;language=d
flt;slant=0.25;"<8>"[NewCM08-Book.otf]:mode=base;script=latn;language=dflt;slan
t=0.25;"<8->"[NewCM10-Book.otf]:mode=base;script=latn;language=dflt;slant=0.25;
"
(fontspec)             - 'slanted small caps'  (m/scsl) with NFSS spec.:
(fontspec)             <-8>"[NewCM08-Book.otf]:mode=base;script=latn;language=d
flt;slant=0.25;+smcp;"<8>"[NewCM08-Book.otf]:mode=base;script=latn;language=dfl
t;slant=0.25;+smcp;"<8->"[NewCM10-Book.otf]:mode=base;script=latn;language=dflt
;slant=0.25;+smcp;"
(fontspec)             - 'swash' (m/sw) with NFSS spec.:
(fontspec)             <-8>"[NewCM08-Book.otf]:mode=base;script=latn;language=d
flt;"<8>"[NewCM08-Book.otf]:mode=base;script=latn;language=dflt;"<8->"[NewCM10-
Book.otf]:mode=base;script=latn;language=dflt;"
(fontspec)             -  (m/scsw) with NFSS spec.:
(fontspec)             <-8>"[NewCM08-Book.otf]:mode=base;script=latn;language=d
flt;+smcp;"<8>"[NewCM08-Book.otf]:mode=base;script=latn;language=dflt;+smcp;"<8
->"[NewCM10-Book.otf]:mode=base;script=latn;language=dflt;+smcp;"
(fontspec)             - 'bold italic' (b/it) with NFSS spec.:
(fontspec)             <0->"[NewCM10-BoldItalic.otf]:mode=base;script=latn;lang
uage=dflt;"
(fontspec)             - 'bold italic small caps'  (b/scit) with NFSS spec.:
(fontspec)             <0->"[NewCM10-BoldItalic.otf]:mode=base;script=latn;lang
uage=dflt;+smcp;"
(fontspec)             - 'bold slanted' (b/sl) with NFSS spec.:
(fontspec)             <0->"[NewCM10-Bold.otf]:mode=base;script=latn;language=d
flt;slant=0.25;"
(fontspec)             - 'bold slanted small caps'  (b/scsl) with NFSS spec.:
(fontspec)             <0->"[NewCM10-Bold.otf]:mode=base;script=latn;language=d
flt;slant=0.25;+smcp;"
(fontspec)             - 'bold swash' (b/sw) with NFSS spec.:
(fontspec)             <0->"[NewCM10-Bold.otf]:mode=base;script=latn;language=d
flt;"
(fontspec)             -  (b/scsw) with NFSS spec.:
(fontspec)             <0->"[NewCM10-Bold.otf]:mode=base;script=latn;language=d
flt;+smcp;"

LaTeX Font Info:    Overwriting math alphabet `\mathrm' in version `normal'
(Font)                  OT1/cmr/m/n --> TU/NewCM10-Book.otf(1)/m/n on input lin
e 3.
LaTeX Font Info:    Overwriting math alphabet `\mathit' in version `normal'
(Font)                  OT1/cmr/m/it --> TU/NewCM10-Book.otf(1)/m/it on input l
ine 3.
LaTeX Font Info:    Overwriting math alphabet `\mathbf' in version `normal'
(Font)                  OT1/cmr/bx/n --> TU/NewCM10-Book.otf(1)/b/n on input li
ne 3.

(/usr/share/texlive/texmf-dist/tex/latex/newcomputermodern/NewCMSans10-Book.fon
tspec)

Package fontspec Info: 
(fontspec)             Font family 'NewCMSans10-Book.otf(0)' created for font
(fontspec)             'NewCMSans10-Book.otf' with options
(fontspec)             [Ligatures=TeX,UprightFont={NewCMSans10-Book.otf},Uprigh
tFeatures={SizeFeatures={{Size={-8},Font={NewCMSans08-Book.otf}},{Size={8},Font
={NewCMSans08-Book.otf}},{Size={8-},Font={NewCMSans10-Book.otf}},}},ItalicFont=
{NewCMSans10-BookOblique.otf},ItalicFeatures={SizeFeatures={{Size={-8},Font={Ne
wCMSans08-BookOblique.otf}},{Size={8},Font={NewCMSans08-BookOblique.otf}},{Size
={8-},Font={NewCMSans10-BookOblique.otf}},}},BoldFont={NewCMSans10-Bold.otf},Bo
ldFeatures={SizeFeatures={{Size={0-},Font={NewCMSans10-Bold.otf}},}},BoldItalic
Font={NewCMSans10-BoldOblique.otf},BoldItalicFeatures={SizeFeatures={{Size={0-}
,Font={NewCMSans10-BoldOblique.otf}},}},SlantedFont={NewCMSans10-Book.otf},Slan
tedFeatures={SizeFeatures={{Size={-8},FakeSlant={0.25},Font={NewCMSans08-Book.o
tf}},{Size={8},FakeSlant={0.25},Font={NewCMSans08-Book.otf}},{Size={8-},FakeSla
nt={0.25},Font={NewCMSans10-Book.otf}},}},BoldSlantedFont={NewCMSans10-Bold.otf
},BoldSlantedFeatures={SizeFeatures={{Size={0-},FakeSlant={0.25},Font={NewCMSan
s10-Bold.otf}},}},SwashFont={NewCMSans10-Book.otf},SwashFeatures={SizeFeatures=
{{Size={-8},Font={NewCMSans08-Book.otf}},{Size={8},Font={NewCMSans08-Book.otf}}
,{Size={8-},Font={NewCMSans10-Book.otf}},}},BoldSwashFont={NewCMSans10-Bold.otf
},BoldSwashFeatures={SizeFeatures={{Size={0-},Font={NewCMSans10-Bold.otf}},}}].

(fontspec)              
(fontspec)              This font family consists of the following NFSS
(fontspec)             series/shapes:
(fontspec)              
(fontspec)             - 'normal' (m/n) with NFSS spec.:
(fontspec)             <-8>"[NewCMSans08-Book.otf]:mode=node;script=latn;langua
ge=dflt;+tlig;"<8>"[NewCMSans08-Book.otf]:mode=node;script=latn;language=dflt;+
tlig;"<8->"[NewCMSans10-Book.otf]:mode=node;script=latn;language=dflt;+tlig;"
(fontspec)             - 'small caps'  (m/sc) with NFSS spec.:
(fontspec)             <-8>"[NewCMSans08-Book.otf]:mode=node;script=latn;langua
ge=dflt;+tlig;+smcp;"<8>"[NewCMSans08-Book.otf]:mode=node;script=latn;language=
dflt;+tlig;+smcp;"<8->"[NewCMSans10-Book.otf]:mode=node;script=latn;language=df
lt;+tlig;+smcp;"
(fontspec)             - 'bold' (b/n) with NFSS spec.:
(fontspec)             <0->"[NewCMSans10-Bold.otf]:mode=node;script=latn;langua
ge=dflt;+tlig;"
(fontspec)             - 'bold small caps'  (b/sc) with NFSS spec.:
(fontspec)             <0->"[NewCMSans10-Bold.otf]:mode=node;script=latn;langua
ge=dflt;+tlig;+smcp;"
(fontspec)             - 'italic' (m/it) with NFSS spec.:
(fontspec)             <-8>"[NewCMSans08-BookOblique.otf]:mode=node;script=latn
;language=dflt;+tlig;"<8>"[NewCMSans08-BookOblique.otf]:mode=node;script=latn;l
anguage=dflt;+tlig;"<8->"[NewCMSans10-BookOblique.otf]:mode=node;script=latn;la
nguage=dflt;+tlig;"
(fontspec)             - 'italic small caps'  (m/scit) with NFSS spec.:
(fontspec)             <-8>"[NewCMSans08-BookOblique.otf]:mode=node;script=latn
;language=dflt;+tlig;+smcp;"<8>"[NewCMSans08-BookOblique.otf]:mode=node;script=
latn;language=dflt;+tlig;+smcp;"<8->"[NewCMSans10-BookOblique.otf]:mode=node;sc
ript=latn;language=dflt;+tlig;+smcp;"
(fontspec)             - 'slanted' (m/sl) with NFSS spec.:
(fontspec)             <-8>"[NewCMSans08-Book.otf]:mode=node;script=latn;langua
ge=dflt;slant=0.25;+tlig;"<8>"[NewCMSans08-Book.otf]:mode=node;script=latn;lang
uage=dflt;slant=0.25;+tlig;"<8->"[NewCMSans10-Book.otf]:mode=node;script=latn;l
anguage=dflt;slant=0.25;+tlig;"
(fontspec)             - 'slanted small caps'  (m/scsl) with NFSS spec.:
(fontspec)             <-8>"[NewCMSans08-Book.otf]:mode=node;script=latn;langua
ge=dflt;slant=0.25;+tlig;+smcp;"<8>"[NewCMSans08-Book.otf]:mode=node;script=lat
n;language=dflt;slant=0.25;+tlig;+smcp;"<8->"[NewCMSans10-Book.otf]:mode=node;s
cript=latn;language=dflt;slant=0.25;+tlig;+smcp;"
(fontspec)             - 'swash' (m/sw) with NFSS spec.:
(fontspec)             <-8>"[NewCMSans08-Book.otf]:mode=node;script=latn;langua
ge=dflt;+tlig;"<8>"[NewCMSans08-Book.otf]:mode=node;script=latn;language=dflt;+
tlig;"<8->"[NewCMSans10-Book.otf]:mode=node;script=latn;language=dflt;+tlig;"
(fontspec)             -  (m/scsw) with NFSS spec.:
(fontspec)             <-8>"[NewCMSans08-Book.otf]:mode=node;script=latn;langua
ge=dflt;+tlig;+smcp;"<8>"[NewCMSans08-Book.otf]:mode=node;script=latn;language=
dflt;+tlig;+smcp;"<8->"[NewCMSans10-Book.otf]:mode=node;script=latn;language=df
lt;+tlig;+smcp;"
(fontspec)             - 'bold italic' (b/it) with NFSS spec.:
(fontspec)             <0->"[NewCMSans10-BoldOblique.otf]:mode=node;script=latn
;language=dflt;+tlig;"
(fontspec)             - 'bold italic small caps'  (b/scit) with NFSS spec.:
(fontspec)             <0->"[NewCMSans10-BoldOblique.otf]:mode=node;script=latn
;language=dflt;+tlig;+smcp;"
(fontspec)             - 'bold slanted' (b/sl) with NFSS spec.:
(fontspec)             <0->"[NewCMSans10-Bold.otf]:mode=node;script=latn;langua
ge=dflt;slant=0.25;+tlig;"
(fontspec)             - 'bold slanted small caps'  (b/scsl) with NFSS spec.:
(fontspec)             <0->"[NewCMSans10-Bold.otf]:mode=node;script=latn;langua
ge=dflt;slant=0.25;+tlig;+smcp;"
(fontspec)             - 'bold swash' (b/sw) with NFSS spec.:
(fontspec)             <0->"[NewCMSans10-Bold.otf]:mode=node;script=latn;langua
ge=dflt;+tlig;"
(fontspec)             -  (b/scsw) with NFSS spec.:
(fontspec)             <0->"[NewCMSans10-Bold.otf]:mode=node;script=latn;langua
ge=dflt;+tlig;+smcp;"


Package fontspec Info: 
(fontspec)             Font family 'NewCMSans10-Book.otf(1)' created for font
(fontspec)             'NewCMSans10-Book.otf' with options
(fontspec)             [UprightFont={NewCMSans10-Book.otf},UprightFeatures={Siz
eFeatures={{Size={-8},Font={NewCMSans08-Book.otf}},{Size={8},Font={NewCMSans08-
Book.otf}},{Size={8-},Font={NewCMSans10-Book.otf}},}},ItalicFont={NewCMSans10-B
ookOblique.otf},ItalicFeatures={SizeFeatures={{Size={-8},Font={NewCMSans08-Book
Oblique.otf}},{Size={8},Font={NewCMSans08-BookOblique.otf}},{Size={8-},Font={Ne
wCMSans10-BookOblique.otf}},}},BoldFont={NewCMSans10-Bold.otf},BoldFeatures={Si
zeFeatures={{Size={0-},Font={NewCMSans10-Bold.otf}},}},BoldItalicFont={NewCMSan
s10-BoldOblique.otf},BoldItalicFeatures={SizeFeatures={{Size={0-},Font={NewCMSa
ns10-BoldOblique.otf}},}},SlantedFont={NewCMSans10-Book.otf},SlantedFeatures={S
izeFeatures={{Size={-8},FakeSlant={0.25},Font={NewCMSans08-Book.otf}},{Size={8}
,FakeSlant={0.25},Font={NewCMSans08-Book.otf}},{Size={8-},FakeSlant={0.25},Font
={NewCMSans10-Book.otf}},}},BoldSlantedFont={NewCMSans10-Bold.otf},BoldSlantedF
eatures={SizeFeatures={{Size={0-},FakeSlant={0.25},Font={NewCMSans10-Bold.otf}}
,}},SwashFont={NewCMSans10-Book.otf},SwashFeatures={SizeFeatures={{Size={-8},Fo
nt={NewCMSans08-Book.otf}},{Size={8},Font={NewCMSans08-Book.otf}},{Size={8-},Fo
nt={NewCMSans10-Book.otf}},}},BoldSwashFont={NewCMSans10-Bold.otf},BoldSwashFea
tures={SizeFeatures={{Size={0-},Font={NewCMSans10-Bold.otf}},}},Renderer=Basic]
.
(fontspec)              
(fontspec)              This font family consists of the following NFSS
(fontspec)             series/shapes:
(fontspec)              
(fontspec)             - 'normal' (m/n) with NFSS spec.:
(fontspec)             <-8>"[NewCMSans08-Book.otf]:mode=base;script=latn;langua
ge=dflt;"<8>"[NewCMSans08-Book.otf]:mode=base;script=latn;language=dflt;"<8->"[
NewCMSans10-Book.otf]:mode=base;script=latn;language=dflt;"
(fontspec)             - 'small caps'  (m/sc) with NFSS spec.:
(fontspec)             <-8>"[NewCMSans08-Book.otf]:mode=base;script=latn;langua
ge=dflt;+smcp;"<8>"[NewCMSans08-Book.otf]:mode=base;script=latn;language=dflt;+
smcp;"<8->"[NewCMSans10-Book.otf]:mode=base;script=latn;language=dflt;+smcp;"
(fontspec)             - 'bold' (b/n) with NFSS spec.:
(fontspec)             <0->"[NewCMSans10-Bold.otf]:mode=base;script=latn;langua
ge=dflt;"
(fontspec)             - 'bold small caps'  (b/sc) with NFSS spec.:
(fontspec)             <0->"[NewCMSans10-Bold.otf]:mode=base;script=latn;langua
ge=dflt;+smcp;"
(fontspec)             - 'italic' (m/it) with NFSS spec.:
(fontspec)             <-8>"[NewCMSans08-BookOblique.otf]:mode=base;script=latn
;language=dflt;"<8>"[NewCMSans08-BookOblique.otf]:mode=base;script=latn;languag
e=dflt;"<8->"[NewCMSans10-BookOblique.otf]:mode=base;script=latn;language=dflt;
"
(fontspec)             - 'italic small caps'  (m/scit) with NFSS spec.:
(fontspec)             <-8>"[NewCMSans08-BookOblique.otf]:mode=base;script=latn
;language=dflt;+smcp;"<8>"[NewCMSans08-BookOblique.otf]:mode=base;script=latn;l
anguage=dflt;+smcp;"<8->"[NewCMSans10-BookOblique.otf]:mode=base;script=latn;la
nguage=dflt;+smcp;"
(fontspec)             - 'slanted' (m/sl) with NFSS spec.:
(fontspec)             <-8>"[NewCMSans08-Book.otf]:mode=base;script=latn;langua
ge=dflt;slant=0.25;"<8>"[NewCMSans08-Book.otf]:mode=base;script=latn;language=d
flt;slant=0.25;"<8->"[NewCMSans10-Book.otf]:mode=base;script=latn;language=dflt
;slant=0.25;"
(fontspec)             - 'slanted small caps'  (m/scsl) with NFSS spec.:
(fontspec)             <-8>"[NewCMSans08-Book.otf]:mode=base;script=latn;langua
ge=dflt;slant=0.25;+smcp;"<8>"[NewCMSans08-Book.otf]:mode=base;script=latn;lang
uage=dflt;slant=0.25;+smcp;"<8->"[NewCMSans10-Book.otf]:mode=base;script=latn;l
anguage=dflt;slant=0.25;+smcp;"
(fontspec)             - 'swash' (m/sw) with NFSS spec.:
(fontspec)             <-8>"[NewCMSans08-Book.otf]:mode=base;script=latn;langua
ge=dflt;"<8>"[NewCMSans08-Book.otf]:mode=base;script=latn;language=dflt;"<8->"[
NewCMSans10-Book.otf]:mode=base;script=latn;language=dflt;"
(fontspec)             -  (m/scsw) with NFSS spec.:
(fontspec)             <-8>"[NewCMSans08-Book.otf]:mode=base;script=latn;langua
ge=dflt;+smcp;"<8>"[NewCMSans08-Book.otf]:mode=base;script=latn;language=dflt;+
smcp;"<8->"[NewCMSans10-Book.otf]:mode=base;script=latn;language=dflt;+smcp;"
(fontspec)             - 'bold italic' (b/it) with NFSS spec.:
(fontspec)             <0->"[NewCMSans10-BoldOblique.otf]:mode=base;script=latn
;language=dflt;"
(fontspec)             - 'bold italic small caps'  (b/scit) with NFSS spec.:
(fontspec)             <0->"[NewCMSans10-BoldOblique.otf]:mode=base;script=latn
;language=dflt;+smcp;"
(fontspec)             - 'bold slanted' (b/sl) with NFSS spec.:
(fontspec)             <0->"[NewCMSans10-Bold.otf]:mode=base;script=latn;langua
ge=dflt;slant=0.25;"
(fontspec)             - 'bold slanted small caps'  (b/scsl) with NFSS spec.:
(fontspec)             <0->"[NewCMSans10-Bold.otf]:mode=base;script=latn;langua
ge=dflt;slant=0.25;+smcp;"
(fontspec)             - 'bold swash' (b/sw) with NFSS spec.:
(fontspec)             <0->"[NewCMSans10-Bold.otf]:mode=base;script=latn;langua
ge=dflt;"
(fontspec)             -  (b/scsw) with NFSS spec.:
(fontspec)             <0->"[NewCMSans10-Bold.otf]:mode=base;script=latn;langua
ge=dflt;+smcp;"

LaTeX Font Info:    Overwriting math alphabet `\mathsf' in version `normal'
(Font)                  OT1/cmss/m/n --> TU/NewCMSans10-Book.otf(1)/m/n on inpu
t line 4.
LaTeX Font Info:    Overwriting math alphabet `\mathsf' in version `bold'
(Font)                  OT1/cmss/bx/n --> TU/NewCMSans10-Book.otf(1)/b/n on inp
ut line 4.

(/usr/share/texlive/texmf-dist/tex/latex/newcomputermodern/NewCMMono10-Book.fon
tspec)

Package fontspec Info: 
(fontspec)             Font family 'NewCMMono10-Book.otf(0)' created for font
(fontspec)             'NewCMMono10-Book.otf' with options
(fontspec)             [WordSpace={1,0,0},HyphenChar=None,PunctuationSpace=Word
Space,UprightFont={NewCMMono10-Book.otf},UprightFeatures={SizeFeatures={{Size={
0-},Font={NewCMMono10-Book.otf}},}},ItalicFont={NewCMMono10-BookItalic.otf},Ita
licFeatures={SizeFeatures={{Size={0-},Font={NewCMMono10-BookItalic.otf}},}},Bol
dFont={NewCMMono10-Bold.otf},BoldFeatures={SizeFeatures={{Size={0-},Font={NewCM
Mono10-Bold.otf}},}},BoldItalicFont={NewCMMono10-BoldOblique.otf},BoldItalicFea
tures={SizeFeatures={{Size={0-},Font={NewCMMono10-BoldOblique.otf}},}},SlantedF
ont={NewCMMono10-Book.otf},SlantedFeatures={SizeFeatures={{Size={0-},FakeSlant=
{0.25},Font={NewCMMono10-Book.otf}},}},BoldSlantedFont={NewCMMono10-Bold.otf},B
oldSlantedFeatures={SizeFeatures={{Size={0-},FakeSlant={0.25},Font={NewCMMono10
-Bold.otf}},}},SwashFont={NewCMMono10-Book.otf},SwashFeatures={SizeFeatures={{S
ize={0-},Font={NewCMMono10-Book.otf}},}},BoldSwashFont={NewCMMono10-Bold.otf},B
oldSwashFeatures={SizeFeatures={{Size={0-},Font={NewCMMono10-Bold.otf}},}}].
(fontspec)              
(fontspec)              This font family consists of the following NFSS
(fontspec)             series/shapes:
(fontspec)              
(fontspec)             - 'normal' (m/n) with NFSS spec.:
(fontspec)             <0->"[NewCMMono10-Book.otf]:mode=node;script=latn;langua
ge=dflt;"
(fontspec)             - 'small caps'  (m/sc) with NFSS spec.:
(fontspec)             <0->"[NewCMMono10-Book.otf]:mode=node;script=latn;langua
ge=dflt;+smcp;"
(fontspec)             and font adjustment code:
(fontspec)             \fontdimen 2\font =1\fontdimen 2\font \fontdimen 3\font
(fontspec)             =0\fontdimen 3\font \fontdimen 4\font =0\fontdimen
(fontspec)             4\font \fontdimen 7\font =0\fontdimen 2\font
(fontspec)             \tex_hyphenchar:D \font =-1\scan_stop: 
(fontspec)             - 'bold' (b/n) with NFSS spec.:
(fontspec)             <0->"[NewCMMono10-Bold.otf]:mode=node;script=latn;langua
ge=dflt;"
(fontspec)             - 'bold small caps'  (b/sc) with NFSS spec.:
(fontspec)             <0->"[NewCMMono10-Bold.otf]:mode=node;script=latn;langua
ge=dflt;+smcp;"
(fontspec)             and font adjustment code:
(fontspec)             \fontdimen 2\font =1\fontdimen 2\font \fontdimen 3\font
(fontspec)             =0\fontdimen 3\font \fontdimen 4\font =0\fontdimen
(fontspec)             4\font \fontdimen 7\font =0\fontdimen 2\font
(fontspec)             \tex_hyphenchar:D \font =-1\scan_stop: 
(fontspec)             - 'italic' (m/it) with NFSS spec.:
(fontspec)             <0->"[NewCMMono10-BookItalic.otf]:mode=node;script=latn;
language=dflt;"
(fontspec)             - 'italic small caps'  (m/scit) with NFSS spec.:
(fontspec)             <0->"[NewCMMono10-BookItalic.otf]:mode=node;script=latn;
language=dflt;+smcp;"
(fontspec)             and font adjustment code:
(fontspec)             \fontdimen 2\font =1\fontdimen 2\font \fontdimen 3\font
(fontspec)             =0\fontdimen 3\font \fontdimen 4\font =0\fontdimen
(fontspec)             4\font \fontdimen 7\font =0\fontdimen 2\font
(fontspec)             \tex_hyphenchar:D \font =-1\scan_stop: 
(fontspec)             - 'slanted' (m/sl) with NFSS spec.:
(fontspec)             <0->"[NewCMMono10-Book.otf]:mode=node;script=latn;langua
ge=dflt;slant=0.25;"
(fontspec)             - 'slanted small caps'  (m/scsl) with NFSS spec.:
(fontspec)             <0->"[NewCMMono10-Book.otf]:mode=node;script=latn;langua
ge=dflt;slant=0.25;+smcp;"
(fontspec)             and font adjustment code:
(fontspec)             \fontdimen 2\font =1\fontdimen 2\font \fontdimen 3\font
(fontspec)             =0\fontdimen 3\font \fontdimen 4\font =0\fontdimen
(fontspec)             4\font \fontdimen 7\font =0\fontdimen 2\font
(fontspec)             \tex_hyphenchar:D \font =-1\scan_stop: 
(fontspec)             - 'swash' (m/sw) with NFSS spec.:
(fontspec)             <0->"[NewCMMono10-Book.otf]:mode=node;script=latn;langua
ge=dflt;"
(fontspec)             -  (m/scsw) with NFSS spec.:
(fontspec)             <0->"[NewCMMono10-Book.otf]:mode=node;script=latn;langua
ge=dflt;+smcp;"
(fontspec)             and font adjustment code:
(fontspec)             \fontdimen 2\font =1\fontdimen 2\font \fontdimen 3\font
(fontspec)             =0\fontdimen 3\font \fontdimen 4\font =0\fontdimen
(fontspec)             4\font \fontdimen 7\font =0\fontdimen 2\font
(fontspec)             \tex_hyphenchar:D \font =-1\scan_stop: 
(fontspec)             - 'bold italic' (b/it) with NFSS spec.:
(fontspec)             <0->"[NewCMMono10-BoldOblique.otf]:mode=node;script=latn
;language=dflt;"
(fontspec)             - 'bold italic small caps'  (b/scit) with NFSS spec.:
(fontspec)             <0->"[NewCMMono10-BoldOblique.otf]:mode=node;script=latn
;language=dflt;+smcp;"
(fontspec)             and font adjustment code:
(fontspec)             \fontdimen 2\font =1\fontdimen 2\font \fontdimen 3\font
(fontspec)             =0\fontdimen 3\font \fontdimen 4\font =0\fontdimen
(fontspec)             4\font \fontdimen 7\font =0\fontdimen 2\font
(fontspec)             \tex_hyphenchar:D \font =-1\scan_stop: 
(fontspec)             - 'bold slanted' (b/sl) with NFSS spec.:
(fontspec)             <0->"[NewCMMono10-Bold.otf]:mode=node;script=latn;langua
ge=dflt;slant=0.25;"
(fontspec)             - 'bold slanted small caps'  (b/scsl) with NFSS spec.:
(fontspec)             <0->"[NewCMMono10-Bold.otf]:mode=node;script=latn;langua
ge=dflt;slant=0.25;+smcp;"
(fontspec)             and font adjustment code:
(fontspec)             \fontdimen 2\font =1\fontdimen 2\font \fontdimen 3\font
(fontspec)             =0\fontdimen 3\font \fontdimen 4\font =0\fontdimen
(fontspec)             4\font \fontdimen 7\font =0\fontdimen 2\font
(fontspec)             \tex_hyphenchar:D \font =-1\scan_stop: 
(fontspec)             - 'bold swash' (b/sw) with NFSS spec.:
(fontspec)             <0->"[NewCMMono10-Bold.otf]:mode=node;script=latn;langua
ge=dflt;"
(fontspec)             -  (b/scsw) with NFSS spec.:
(fontspec)             <0->"[NewCMMono10-Bold.otf]:mode=node;script=latn;langua
ge=dflt;+smcp;"
(fontspec)             and font adjustment code:
(fontspec)             \fontdimen 2\font =1\fontdimen 2\font \fontdimen 3\font
(fontspec)             =0\fontdimen 3\font \fontdimen 4\font =0\fontdimen
(fontspec)             4\font \fontdimen 7\font =0\fontdimen 2\font
(fontspec)             \tex_hyphenchar:D \font =-1\scan_stop: 


Package fontspec Info: 
(fontspec)             Font family 'NewCMMono10-Book.otf(1)' created for font
(fontspec)             'NewCMMono10-Book.otf' with options
(fontspec)             [UprightFont={NewCMMono10-Book.otf},UprightFeatures={Siz
eFeatures={{Size={0-},Font={NewCMMono10-Book.otf}},}},ItalicFont={NewCMMono10-B
ookItalic.otf},ItalicFeatures={SizeFeatures={{Size={0-},Font={NewCMMono10-BookI
talic.otf}},}},BoldFont={NewCMMono10-Bold.otf},BoldFeatures={SizeFeatures={{Siz
e={0-},Font={NewCMMono10-Bold.otf}},}},BoldItalicFont={NewCMMono10-BoldOblique.
otf},BoldItalicFeatures={SizeFeatures={{Size={0-},Font={NewCMMono10-BoldOblique
.otf}},}},SlantedFont={NewCMMono10-Book.otf},SlantedFeatures={SizeFeatures={{Si
ze={0-},FakeSlant={0.25},Font={NewCMMono10-Book.otf}},}},BoldSlantedFont={NewCM
Mono10-Bold.otf},BoldSlantedFeatures={SizeFeatures={{Size={0-},FakeSlant={0.25}
,Font={NewCMMono10-Bold.otf}},}},SwashFont={NewCMMono10-Book.otf},SwashFeatures
={SizeFeatures={{Size={0-},Font={NewCMMono10-Book.otf}},}},BoldSwashFont={NewCM
Mono10-Bold.otf},BoldSwashFeatures={SizeFeatures={{Size={0-},Font={NewCMMono10-
Bold.otf}},}},Renderer=Basic].
(fontspec)              
(fontspec)              This font family consists of the following NFSS
(fontspec)             series/shapes:
(fontspec)              
(fontspec)             - 'normal' (m/n) with NFSS spec.:
(fontspec)             <0->"[NewCMMono10-Book.otf]:mode=base;script=latn;langua
ge=dflt;"
(fontspec)             - 'small caps'  (m/sc) with NFSS spec.:
(fontspec)             <0->"[NewCMMono10-Book.otf]:mode=base;script=latn;langua
ge=dflt;+smcp;"
(fontspec)             - 'bold' (b/n) with NFSS spec.:
(fontspec)             <0->"[NewCMMono10-Bold.otf]:mode=base;script=latn;langua
ge=dflt;"
(fontspec)             - 'bold small caps'  (b/sc) with NFSS spec.:
(fontspec)             <0->"[NewCMMono10-Bold.otf]:mode=base;script=latn;langua
ge=dflt;+smcp;"
(fontspec)             - 'italic' (m/it) with NFSS spec.:
(fontspec)             <0->"[NewCMMono10-BookItalic.otf]:mode=base;script=latn;
language=dflt;"
(fontspec)             - 'italic small caps'  (m/scit) with NFSS spec.:
(fontspec)             <0->"[NewCMMono10-BookItalic.otf]:mode=base;script=latn;
language=dflt;+smcp;"
(fontspec)             - 'slanted' (m/sl) with NFSS spec.:
(fontspec)             <0->"[NewCMMono10-Book.otf]:mode=base;script=latn;langua
ge=dflt;slant=0.25;"
(fontspec)             - 'slanted small caps'  (m/scsl) with NFSS spec.:
(fontspec)             <0->"[NewCMMono10-Book.otf]:mode=base;script=latn;langua
ge=dflt;slant=0.25;+smcp;"
(fontspec)             - 'swash' (m/sw) with NFSS spec.:
(fontspec)             <0->"[NewCMMono10-Book.otf]:mode=base;script=latn;langua
ge=dflt;"
(fontspec)             -  (m/scsw) with NFSS spec.:
(fontspec)             <0->"[NewCMMono10-Book.otf]:mode=base;script=latn;langua
ge=dflt;+smcp;"
(fontspec)             - 'bold italic' (b/it) with NFSS spec.:
(fontspec)             <0->"[NewCMMono10-BoldOblique.otf]:mode=base;script=latn
;language=dflt;"
(fontspec)             - 'bold italic small caps'  (b/scit) with NFSS spec.:
(fontspec)             <0->"[NewCMMono10-BoldOblique.otf]:mode=base;script=latn
;language=dflt;+smcp;"
(fontspec)             - 'bold slanted' (b/sl) with NFSS spec.:
(fontspec)             <0->"[NewCMMono10-Bold.otf]:mode=base;script=latn;langua
ge=dflt;slant=0.25;"
(fontspec)             - 'bold slanted small caps'  (b/scsl) with NFSS spec.:
(fontspec)             <0->"[NewCMMono10-Bold.otf]:mode=base;script=latn;langua
ge=dflt;slant=0.25;+smcp;"
(fontspec)             - 'bold swash' (b/sw) with NFSS spec.:
(fontspec)             <0->"[NewCMMono10-Bold.otf]:mode=base;script=latn;langua
ge=dflt;"
(fontspec)             -  (b/scsw) with NFSS spec.:
(fontspec)             <0->"[NewCMMono10-Bold.otf]:mode=base;script=latn;langua
ge=dflt;+smcp;"

LaTeX Font Info:    Overwriting math alphabet `\mathtt' in version `normal'
(Font)                  OT1/cmtt/m/n --> TU/NewCMMono10-Book.otf(1)/m/n on inpu
t line 5.
LaTeX Font Info:    Overwriting math alphabet `\mathtt' in version `bold'
(Font)                  OT1/cmtt/m/n --> TU/NewCMMono10-Book.otf(1)/b/n on inpu
t line 5.

Package fontspec Info: 
(fontspec)             Font family 'NewCMUncial10-Book.otf(0)' created for
(fontspec)             font 'NewCMUncial10-Book.otf' with options
(fontspec)             [SizeFeatures={{Size=-8, Font=NewCMUncial08-Book.otf,
(fontspec)             BoldFont=NewCMUncial10-Bold.otf,SlantedFont=NewCMUncial0
8-Book.otf,BoldSlantedFont=NewCMUncial10-Bold.otf,},
(fontspec)             {Size=8, Font=NewCMUncial08-Book.otf,
(fontspec)             BoldFont=NewCMUncial08-Bold.otf,SlantedFont=NewCMUncial0
8-Book.otf,BoldSlantedFont=NewCMUncial10-Bold.otf,},
(fontspec)             {Size= 9-, Font = NewCMUncial10-Book.otf,
(fontspec)             BoldFont=NewCMUncial10-Bold.otf,SlantedFont=NewCMUncial1
0-Book.otf,BoldSlantedFont=NewCMUncial10-Bold.otf,}},BoldSlantedFont=NewCMUncia
l10-Bold.otf,SlantedFont=NewCMUncial10-Book.otf,BoldFont=NewCMUncial10-Bold.otf
,SlantedFeatures={FakeSlant=0.25},BoldSlantedFeatures={FakeSlant=0.25}].
(fontspec)              
(fontspec)              This font family consists of the following NFSS
(fontspec)             series/shapes:
(fontspec)              
(fontspec)             - 'normal' (m/n) with NFSS spec.:
(fontspec)             <-8>"[NewCMUncial08-Book.otf]:mode=node;script=latn;lang
uage=dflt;"<8>"[NewCMUncial08-Book.otf]:mode=node;script=latn;language=dflt;"<9
->"[NewCMUncial10-Book.otf]:mode=node;script=latn;language=dflt;"
(fontspec)             - 'bold' (b/n) with NFSS spec.:
(fontspec)             <->"[NewCMUncial10-Bold.otf]:mode=node;script=latn;langu
age=dflt;"
(fontspec)             - 'slanted' (m/sl) with NFSS spec.:
(fontspec)             <->"[NewCMUncial10-Book.otf]:mode=node;script=latn;langu
age=dflt;slant=0.25;"
(fontspec)             - 'bold slanted' (b/sl) with NFSS spec.:
(fontspec)             <->"[NewCMUncial10-Bold.otf]:mode=node;script=latn;langu
age=dflt;slant=0.25;"


Package fontspec Info: 
(fontspec)             Font family 'NewCMMath-Book.otf(0)' created for font
(fontspec)             'NewCMMath-Book.otf' with options
(fontspec)             [Renderer=Basic,BoldItalicFont={},ItalicFont={},SmallCap
sFont={},Script=Math,RawFeature={mathfontdimen=xetex}].
(fontspec)              
(fontspec)              This font family consists of the following NFSS
(fontspec)             series/shapes:
(fontspec)              
(fontspec)             - 'normal' (m/n) with NFSS spec.:
(fontspec)             <->"[NewCMMath-Book.otf]:mode=base;script=math;language=
dflt;mathfontdimen=xetex;"


Package fontspec Info: 
(fontspec)             Font family 'NewCMMath-Book.otf(1)' created for font
(fontspec)             'NewCMMath-Book.otf' with options
(fontspec)             [Renderer=Basic,BoldItalicFont={},ItalicFont={},SmallCap
sFont={},Script=Math,SizeFeatures={{Size=10.2-},{Size=7.2-10.2,Font=NewCMMath-B
ook.otf,Style=MathScript},{Size=-7.2,Font=NewCMMath-Book.otf,Style=MathScriptSc
ript}},RawFeature={mathfontdimen=xetex}].
(fontspec)              
(fontspec)              This font family consists of the following NFSS
(fontspec)             series/shapes:
(fontspec)              
(fontspec)             - 'normal' (m/n) with NFSS spec.:
(fontspec)             <10.2->"[NewCMMath-Book.otf]:mode=base;script=math;langu
age=dflt;mathfontdimen=xetex;"<7.2-10.2>"[NewCMMath-Book.otf]:mode=base;script=
math;language=dflt;mathfontdimen=xetex;+ssty=0;"<-7.2>"[NewCMMath-Book.otf]:mod
e=base;script=math;language=dflt;mathfontdimen=xetex;+ssty=1;"

LaTeX Font Info:    Encoding `OT1' has changed to `TU' for symbol font
(Font)              `operators' in the math version `normal' on input line 31.
LaTeX Font Info:    Overwriting symbol font `operators' in version `normal'
(Font)                  OT1/cmr/m/n --> TU/NewCMMath-Book.otf(1)/m/n on input l
ine 31.
LaTeX Font Info:    Encoding `OT1' has changed to `TU' for symbol font
(Font)              `operators' in the math version `bold' on input line 31.
LaTeX Font Info:    Overwriting symbol font `operators' in version `bold'
(Font)                  OT1/cmr/bx/n --> TU/NewCMMath-Book.otf(1)/b/n on input 
line 31.

Package fontspec Info: 
(fontspec)             Font family 'NewCMMath-Book.otf(2)' created for font
(fontspec)             'NewCMMath-Book.otf' with options
(fontspec)             [Renderer=Basic,BoldItalicFont={},ItalicFont={},SmallCap
sFont={},Script=Math,SizeFeatures={{Size=10.2-},{Size=7.2-10.2,Font=NewCMMath-B
ook.otf,Style=MathScript},{Size=-7.2,Font=NewCMMath-Book.otf,Style=MathScriptSc
ript}},RawFeature={mathfontdimen=xetex},RawFeature={mathfontdimen=tex2}].
(fontspec)              
(fontspec)              This font family consists of the following NFSS
(fontspec)             series/shapes:
(fontspec)              
(fontspec)             - 'normal' (m/n) with NFSS spec.:
(fontspec)             <10.2->"[NewCMMath-Book.otf]:mode=base;script=math;langu
age=dflt;mathfontdimen=xetex;mathfontdimen=tex2;"<7.2-10.2>"[NewCMMath-Book.otf
]:mode=base;script=math;language=dflt;mathfontdimen=xetex;mathfontdimen=tex2;+s
sty=0;"<-7.2>"[NewCMMath-Book.otf]:mode=base;script=math;language=dflt;mathfont
dimen=xetex;mathfontdimen=tex2;+ssty=1;"

LaTeX Font Info:    Encoding `OMS' has changed to `TU' for symbol font
(Font)              `symbols' in the math version `normal' on input line 31.
LaTeX Font Info:    Overwriting symbol font `symbols' in version `normal'
(Font)                  OMS/cmsy/m/n --> TU/NewCMMath-Book.otf(2)/m/n on input 
line 31.
LaTeX Font Info:    Encoding `OMS' has changed to `TU' for symbol font
(Font)              `symbols' in the math version `bold' on input line 31.
LaTeX Font Info:    Overwriting symbol font `symbols' in version `bold'
(Font)                  OMS/cmsy/b/n --> TU/NewCMMath-Book.otf(2)/b/n on input 
line 31.

Package fontspec Info: 
(fontspec)             Font family 'NewCMMath-Book.otf(3)' created for font
(fontspec)             'NewCMMath-Book.otf' with options
(fontspec)             [Renderer=Basic,BoldItalicFont={},ItalicFont={},SmallCap
sFont={},Script=Math,SizeFeatures={{Size=10.2-},{Size=7.2-10.2,Font=NewCMMath-B
ook.otf,Style=MathScript},{Size=-7.2,Font=NewCMMath-Book.otf,Style=MathScriptSc
ript}},RawFeature={mathfontdimen=xetex},RawFeature={mathfontdimen=tex3}].
(fontspec)              
(fontspec)              This font family consists of the following NFSS
(fontspec)             series/shapes:
(fontspec)              
(fontspec)             - 'normal' (m/n) with NFSS spec.:
(fontspec)             <10.2->"[NewCMMath-Book.otf]:mode=base;script=math;langu
age=dflt;mathfontdimen=xetex;mathfontdimen=tex3;"<7.2-10.2>"[NewCMMath-Book.otf
]:mode=base;script=math;language=dflt;mathfontdimen=xetex;mathfontdimen=tex3;+s
sty=0;"<-7.2>"[NewCMMath-Book.otf]:mode=base;script=math;language=dflt;mathfont
dimen=xetex;mathfontdimen=tex3;+ssty=1;"

LaTeX Font Info:    Encoding `OMX' has changed to `TU' for symbol font
(Font)              `largesymbols' in the math version `normal' on input line 3
1.
LaTeX Font Info:    Overwriting symbol font `largesymbols' in version `normal'
(Font)                  OMX/cmex/m/n --> TU/NewCMMath-Book.otf(3)/m/n on input 
line 31.
LaTeX Font Info:    Encoding `OMX' has changed to `TU' for symbol font
(Font)              `largesymbols' in the math version `bold' on input line 31.

LaTeX Font Info:    Overwriting symbol font `largesymbols' in version `bold'
(Font)                  OMX/cmex/m/n --> TU/NewCMMath-Book.otf(3)/b/n on input 
line 31.
LaTeX Font Info:    Redeclaring math version `bold' on input line 31.

Package fontspec Info: 
(fontspec)             Font family 'NewCMMath-Bold.otf(0)' created for font
(fontspec)             'NewCMMath-Bold.otf' with options
(fontspec)             [Renderer=Basic,BoldItalicFont={},ItalicFont={},SmallCap
sFont={},Script=Math,RawFeature={mathfontdimen=xetex}].
(fontspec)              
(fontspec)              This font family consists of the following NFSS
(fontspec)             series/shapes:
(fontspec)              
(fontspec)             - 'normal' (m/n) with NFSS spec.:
(fontspec)             <->"[NewCMMath-Bold.otf]:mode=base;script=math;language=
dflt;mathfontdimen=xetex;"


Package fontspec Info: 
(fontspec)             Font family 'NewCMMath-Bold.otf(1)' created for font
(fontspec)             'NewCMMath-Bold.otf' with options
(fontspec)             [Renderer=Basic,BoldItalicFont={},ItalicFont={},SmallCap
sFont={},Script=Math,SizeFeatures={{Size=10.2-},{Size=7.2-10.2,Font=NewCMMath-B
old.otf,Style=MathScript},{Size=-7.2,Font=NewCMMath-Bold.otf,Style=MathScriptSc
ript}},RawFeature={mathfontdimen=xetex}].
(fontspec)              
(fontspec)              This font family consists of the following NFSS
(fontspec)             series/shapes:
(fontspec)              
(fontspec)             - 'normal' (m/n) with NFSS spec.:
(fontspec)             <10.2->"[NewCMMath-Bold.otf]:mode=base;script=math;langu
age=dflt;mathfontdimen=xetex;"<7.2-10.2>"[NewCMMath-Bold.otf]:mode=base;script=
math;language=dflt;mathfontdimen=xetex;+ssty=0;"<-7.2>"[NewCMMath-Bold.otf]:mod
e=base;script=math;language=dflt;mathfontdimen=xetex;+ssty=1;"

LaTeX Font Info:    Encoding `OT1' has changed to `TU' for symbol font
(Font)              `operators' in the math version `bold' on input line 31.
LaTeX Font Info:    Overwriting symbol font `operators' in version `bold'
(Font)                  OT1/cmr/m/n --> TU/NewCMMath-Bold.otf(1)/m/n on input l
ine 31.

Package fontspec Info: 
(fontspec)             Font family 'NewCMMath-Bold.otf(2)' created for font
(fontspec)             'NewCMMath-Bold.otf' with options
(fontspec)             [Renderer=Basic,BoldItalicFont={},ItalicFont={},SmallCap
sFont={},Script=Math,SizeFeatures={{Size=10.2-},{Size=7.2-10.2,Font=NewCMMath-B
old.otf,Style=MathScript},{Size=-7.2,Font=NewCMMath-Bold.otf,Style=MathScriptSc
ript}},RawFeature={mathfontdimen=xetex},RawFeature={mathfontdimen=tex2}].
(fontspec)              
(fontspec)              This font family consists of the following NFSS
(fontspec)             series/shapes:
(fontspec)              
(fontspec)             - 'normal' (m/n) with NFSS spec.:
(fontspec)             <10.2->"[NewCMMath-Bold.otf]:mode=base;script=math;langu
age=dflt;mathfontdimen=xetex;mathfontdimen=tex2;"<7.2-10.2>"[NewCMMath-Bold.otf
]:mode=base;script=math;language=dflt;mathfontdimen=xetex;mathfontdimen=tex2;+s
sty=0;"<-7.2>"[NewCMMath-Bold.otf]:mode=base;script=math;language=dflt;mathfont
dimen=xetex;mathfontdimen=tex2;+ssty=1;"

LaTeX Font Info:    Encoding `OMS' has changed to `TU' for symbol font
(Font)              `symbols' in the math version `bold' on input line 31.
LaTeX Font Info:    Overwriting symbol font `symbols' in version `bold'
(Font)                  OMS/cmsy/m/n --> TU/NewCMMath-Bold.otf(2)/m/n on input 
line 31.

Package fontspec Info: 
(fontspec)             Font family 'NewCMMath-Bold.otf(3)' created for font
(fontspec)             'NewCMMath-Bold.otf' with options
(fontspec)             [Renderer=Basic,BoldItalicFont={},ItalicFont={},SmallCap
sFont={},Script=Math,SizeFeatures={{Size=10.2-},{Size=7.2-10.2,Font=NewCMMath-B
old.otf,Style=MathScript},{Size=-7.2,Font=NewCMMath-Bold.otf,Style=MathScriptSc
ript}},RawFeature={mathfontdimen=xetex},RawFeature={mathfontdimen=tex3}].
(fontspec)              
(fontspec)              This font family consists of the following NFSS
(fontspec)             series/shapes:
(fontspec)              
(fontspec)             - 'normal' (m/n) with NFSS spec.:
(fontspec)             <10.2->"[NewCMMath-Bold.otf]:mode=base;script=math;langu
age=dflt;mathfontdimen=xetex;mathfontdimen=tex3;"<7.2-10.2>"[NewCMMath-Bold.otf
]:mode=base;script=math;language=dflt;mathfontdimen=xetex;mathfontdimen=tex3;+s
sty=0;"<-7.2>"[NewCMMath-Bold.otf]:mode=base;script=math;language=dflt;mathfont
dimen=xetex;mathfontdimen=tex3;+ssty=1;"

LaTeX Font Info:    Encoding `OMX' has changed to `TU' for symbol font
(Font)              `largesymbols' in the math version `bold' on input line 31.

LaTeX Font Info:    Overwriting symbol font `largesymbols' in version `bold'
(Font)                  OMX/cmex/m/n --> TU/NewCMMath-Bold.otf(3)/m/n on input 
line 31.

Package fontspec Info: 
(fontspec)             Font family 'NewCMMath-Book.otf(4)' created for font
(fontspec)             'NewCMMath-Book.otf' with options
(fontspec)             [Renderer=Basic,BoldItalicFont={},ItalicFont={},SmallCap
sFont={},Script=Math,SizeFeatures={{Size=10.2-},{Size=7.2-10.2,Font=NewCMMath-B
ook.otf,Style=MathScript},{Size=-7.2,Font=NewCMMath-Book.otf,Style=MathScriptSc
ript}},RawFeature={mathfontdimen=xetex},StylisticSet={6}].
(fontspec)              
(fontspec)              This font family consists of the following NFSS
(fontspec)             series/shapes:
(fontspec)              
(fontspec)             - 'normal' (m/n) with NFSS spec.:
(fontspec)             <10.2->"[NewCMMath-Book.otf]:mode=base;script=math;langu
age=dflt;mathfontdimen=xetex;+ss06;"<7.2-10.2>"[NewCMMath-Book.otf]:mode=base;s
cript=math;language=dflt;mathfontdimen=xetex;+ss06;+ssty=0;"<-7.2>"[NewCMMath-B
ook.otf]:mode=base;script=math;language=dflt;mathfontdimen=xetex;+ss06;+ssty=1;
"

\sym__um_fam1=\mathgroup4
LaTeX Font Info:    Overwriting symbol font `__um_fam1' in version `normal'
(Font)                  TU/NewCMMath-Book.otf(4)/m/n --> TU/NewCMMath-Book.otf(
4)/m/n on input line 37.
LaTeX Font Info:    Overwriting symbol font `__um_fam1' in version `bold'
(Font)                  TU/NewCMMath-Book.otf(4)/m/n --> TU/NewCMMath-Book.otf(
4)/b/n on input line 37.

Package fontspec Info: 
(fontspec)             Font family 'NewCMMath-Book.otf(5)' created for font
(fontspec)             'NewCMMath-Book.otf' with options
(fontspec)             [Renderer=Basic,BoldItalicFont={},ItalicFont={},SmallCap
sFont={},Script=Math,SizeFeatures={{Size=10.2-},{Size=7.2-10.2,Font=NewCMMath-B
ook.otf,Style=MathScript},{Size=-7.2,Font=NewCMMath-Book.otf,Style=MathScriptSc
ript}},RawFeature={mathfontdimen=xetex},StylisticSet={1}].
(fontspec)              
(fontspec)              This font family consists of the following NFSS
(fontspec)             series/shapes:
(fontspec)              
(fontspec)             - 'normal' (m/n) with NFSS spec.:
(fontspec)             <10.2->"[NewCMMath-Book.otf]:mode=base;script=math;langu
age=dflt;mathfontdimen=xetex;+ss01;"<7.2-10.2>"[NewCMMath-Book.otf]:mode=base;s
cript=math;language=dflt;mathfontdimen=xetex;+ss01;+ssty=0;"<-7.2>"[NewCMMath-B
ook.otf]:mode=base;script=math;language=dflt;mathfontdimen=xetex;+ss01;+ssty=1;
"

\sym__um_fam2=\mathgroup5
LaTeX Font Info:    Overwriting symbol font `__um_fam2' in version `normal'
(Font)                  TU/NewCMMath-Book.otf(5)/m/n --> TU/NewCMMath-Book.otf(
5)/m/n on input line 46.
LaTeX Font Info:    Overwriting symbol font `__um_fam2' in version `bold'
(Font)                  TU/NewCMMath-Book.otf(5)/m/n --> TU/NewCMMath-Book.otf(
5)/b/n on input line 46.
LaTeX Info: Redefining \increasingconvex on input line 360.
)

Package fontspec Info: 
(fontspec)             Font family 'NewCMMath-Book.otf(6)' created for font
(fontspec)             'NewCMMath-Book.otf' with options
(fontspec)             [Renderer=Basic,BoldItalicFont={},ItalicFont={},SmallCap
sFont={},Script=Math,RawFeature={mathfontdimen=xetex},CharacterVariant={2}].
(fontspec)              
(fontspec)              This font family consists of the following NFSS
(fontspec)             series/shapes:
(fontspec)              
(fontspec)             - 'normal' (m/n) with NFSS spec.:
(fontspec)             <->"[NewCMMath-Book.otf]:mode=base;script=math;language=
dflt;mathfontdimen=xetex;+cv02=0;"


Package fontspec Info: 
(fontspec)             Font family 'NewCMMath-Book.otf(7)' created for font
(fontspec)             'NewCMMath-Book.otf' with options
(fontspec)             [Renderer=Basic,BoldItalicFont={},ItalicFont={},SmallCap
sFont={},Script=Math,SizeFeatures={{Size=10.2-},{Size=7.2-10.2,Font=NewCMMath-B
ook.otf,Style=MathScript},{Size=-7.2,Font=NewCMMath-Book.otf,Style=MathScriptSc
ript}},RawFeature={mathfontdimen=xetex},CharacterVariant={2}].
(fontspec)              
(fontspec)              This font family consists of the following NFSS
(fontspec)             series/shapes:
(fontspec)              
(fontspec)             - 'normal' (m/n) with NFSS spec.:
(fontspec)             <10.2->"[NewCMMath-Book.otf]:mode=base;script=math;langu
age=dflt;mathfontdimen=xetex;+cv02=0;"<7.2-10.2>"[NewCMMath-Book.otf]:mode=base
;script=math;language=dflt;mathfontdimen=xetex;+cv02=0;+ssty=0;"<-7.2>"[NewCMMa
th-Book.otf]:mode=base;script=math;language=dflt;mathfontdimen=xetex;+cv02=0;+s
sty=1;"

LaTeX Font Info:    Overwriting symbol font `operators' in version `normal'
(Font)                  TU/NewCMMath-Book.otf(1)/m/n --> TU/NewCMMath-Book.otf(
7)/m/n on input line 208.
LaTeX Font Info:    Overwriting symbol font `operators' in version `bold'
(Font)                  TU/NewCMMath-Bold.otf(1)/m/n --> TU/NewCMMath-Book.otf(
7)/b/n on input line 208.

Package fontspec Info: 
(fontspec)             Font family 'NewCMMath-Book.otf(8)' created for font
(fontspec)             'NewCMMath-Book.otf' with options
(fontspec)             [Renderer=Basic,BoldItalicFont={},ItalicFont={},SmallCap
sFont={},Script=Math,SizeFeatures={{Size=10.2-},{Size=7.2-10.2,Font=NewCMMath-B
ook.otf,Style=MathScript},{Size=-7.2,Font=NewCMMath-Book.otf,Style=MathScriptSc
ript}},RawFeature={mathfontdimen=xetex},CharacterVariant={2},RawFeature={mathfo
ntdimen=tex2}].
(fontspec)              
(fontspec)              This font family consists of the following NFSS
(fontspec)             series/shapes:
(fontspec)              
(fontspec)             - 'normal' (m/n) with NFSS spec.:
(fontspec)             <10.2->"[NewCMMath-Book.otf]:mode=base;script=math;langu
age=dflt;mathfontdimen=xetex;+cv02=0;mathfontdimen=tex2;"<7.2-10.2>"[NewCMMath-
Book.otf]:mode=base;script=math;language=dflt;mathfontdimen=xetex;+cv02=0;mathf
ontdimen=tex2;+ssty=0;"<-7.2>"[NewCMMath-Book.otf]:mode=base;script=math;langua
ge=dflt;mathfontdimen=xetex;+cv02=0;mathfontdimen=tex2;+ssty=1;"

LaTeX Font Info:    Overwriting symbol font `symbols' in version `normal'
(Font)                  TU/NewCMMath-Book.otf(2)/m/n --> TU/NewCMMath-Book.otf(
8)/m/n on input line 208.
LaTeX Font Info:    Overwriting symbol font `symbols' in version `bold'
(Font)                  TU/NewCMMath-Bold.otf(2)/m/n --> TU/NewCMMath-Book.otf(
8)/b/n on input line 208.

Package fontspec Info: 
(fontspec)             Font family 'NewCMMath-Book.otf(9)' created for font
(fontspec)             'NewCMMath-Book.otf' with options
(fontspec)             [Renderer=Basic,BoldItalicFont={},ItalicFont={},SmallCap
sFont={},Script=Math,SizeFeatures={{Size=10.2-},{Size=7.2-10.2,Font=NewCMMath-B
ook.otf,Style=MathScript},{Size=-7.2,Font=NewCMMath-Book.otf,Style=MathScriptSc
ript}},RawFeature={mathfontdimen=xetex},CharacterVariant={2},RawFeature={mathfo
ntdimen=tex3}].
(fontspec)              
(fontspec)              This font family consists of the following NFSS
(fontspec)             series/shapes:
(fontspec)              
(fontspec)             - 'normal' (m/n) with NFSS spec.:
(fontspec)             <10.2->"[NewCMMath-Book.otf]:mode=base;script=math;langu
age=dflt;mathfontdimen=xetex;+cv02=0;mathfontdimen=tex3;"<7.2-10.2>"[NewCMMath-
Book.otf]:mode=base;script=math;language=dflt;mathfontdimen=xetex;+cv02=0;mathf
ontdimen=tex3;+ssty=0;"<-7.2>"[NewCMMath-Book.otf]:mode=base;script=math;langua
ge=dflt;mathfontdimen=xetex;+cv02=0;mathfontdimen=tex3;+ssty=1;"

LaTeX Font Info:    Overwriting symbol font `largesymbols' in version `normal'
(Font)                  TU/NewCMMath-Book.otf(3)/m/n --> TU/NewCMMath-Book.otf(
9)/m/n on input line 208.
LaTeX Font Info:    Overwriting symbol font `largesymbols' in version `bold'
(Font)                  TU/NewCMMath-Bold.otf(3)/m/n --> TU/NewCMMath-Book.otf(
9)/b/n on input line 208.
LaTeX Font Info:    Redeclaring math version `bold' on input line 208.

Package fontspec Info: 
(fontspec)             Font family 'NewCMMath-Bold.otf(4)' created for font
(fontspec)             'NewCMMath-Bold.otf' with options
(fontspec)             [Renderer=Basic,BoldItalicFont={},ItalicFont={},SmallCap
sFont={},Script=Math,RawFeature={mathfontdimen=xetex},CharacterVariant={2}].
(fontspec)              
(fontspec)              This font family consists of the following NFSS
(fontspec)             series/shapes:
(fontspec)              
(fontspec)             - 'normal' (m/n) with NFSS spec.:
(fontspec)             <->"[NewCMMath-Bold.otf]:mode=base;script=math;language=
dflt;mathfontdimen=xetex;+cv02=0;"


Package fontspec Info: 
(fontspec)             Font family 'NewCMMath-Bold.otf(5)' created for font
(fontspec)             'NewCMMath-Bold.otf' with options
(fontspec)             [Renderer=Basic,BoldItalicFont={},ItalicFont={},SmallCap
sFont={},Script=Math,SizeFeatures={{Size=10.2-},{Size=7.2-10.2,Font=NewCMMath-B
old.otf,Style=MathScript},{Size=-7.2,Font=NewCMMath-Bold.otf,Style=MathScriptSc
ript}},RawFeature={mathfontdimen=xetex},CharacterVariant={2}].
(fontspec)              
(fontspec)              This font family consists of the following NFSS
(fontspec)             series/shapes:
(fontspec)              
(fontspec)             - 'normal' (m/n) with NFSS spec.:
(fontspec)             <10.2->"[NewCMMath-Bold.otf]:mode=base;script=math;langu
age=dflt;mathfontdimen=xetex;+cv02=0;"<7.2-10.2>"[NewCMMath-Bold.otf]:mode=base
;script=math;language=dflt;mathfontdimen=xetex;+cv02=0;+ssty=0;"<-7.2>"[NewCMMa
th-Bold.otf]:mode=base;script=math;language=dflt;mathfontdimen=xetex;+cv02=0;+s
sty=1;"

LaTeX Font Info:    Encoding `OT1' has changed to `TU' for symbol font
(Font)              `operators' in the math version `bold' on input line 208.
LaTeX Font Info:    Overwriting symbol font `operators' in version `bold'
(Font)                  OT1/cmr/m/n --> TU/NewCMMath-Bold.otf(5)/m/n on input l
ine 208.

Package fontspec Info: 
(fontspec)             Font family 'NewCMMath-Bold.otf(6)' created for font
(fontspec)             'NewCMMath-Bold.otf' with options
(fontspec)             [Renderer=Basic,BoldItalicFont={},ItalicFont={},SmallCap
sFont={},Script=Math,SizeFeatures={{Size=10.2-},{Size=7.2-10.2,Font=NewCMMath-B
old.otf,Style=MathScript},{Size=-7.2,Font=NewCMMath-Bold.otf,Style=MathScriptSc
ript}},RawFeature={mathfontdimen=xetex},CharacterVariant={2},RawFeature={mathfo
ntdimen=tex2}].
(fontspec)              
(fontspec)              This font family consists of the following NFSS
(fontspec)             series/shapes:
(fontspec)              
(fontspec)             - 'normal' (m/n) with NFSS spec.:
(fontspec)             <10.2->"[NewCMMath-Bold.otf]:mode=base;script=math;langu
age=dflt;mathfontdimen=xetex;+cv02=0;mathfontdimen=tex2;"<7.2-10.2>"[NewCMMath-
Bold.otf]:mode=base;script=math;language=dflt;mathfontdimen=xetex;+cv02=0;mathf
ontdimen=tex2;+ssty=0;"<-7.2>"[NewCMMath-Bold.otf]:mode=base;script=math;langua
ge=dflt;mathfontdimen=xetex;+cv02=0;mathfontdimen=tex2;+ssty=1;"

LaTeX Font Info:    Encoding `OMS' has changed to `TU' for symbol font
(Font)              `symbols' in the math version `bold' on input line 208.
LaTeX Font Info:    Overwriting symbol font `symbols' in version `bold'
(Font)                  OMS/cmsy/m/n --> TU/NewCMMath-Bold.otf(6)/m/n on input 
line 208.

Package fontspec Info: 
(fontspec)             Font family 'NewCMMath-Bold.otf(7)' created for font
(fontspec)             'NewCMMath-Bold.otf' with options
(fontspec)             [Renderer=Basic,BoldItalicFont={},ItalicFont={},SmallCap
sFont={},Script=Math,SizeFeatures={{Size=10.2-},{Size=7.2-10.2,Font=NewCMMath-B
old.otf,Style=MathScript},{Size=-7.2,Font=NewCMMath-Bold.otf,Style=MathScriptSc
ript}},RawFeature={mathfontdimen=xetex},CharacterVariant={2},RawFeature={mathfo
ntdimen=tex3}].
(fontspec)              
(fontspec)              This font family consists of the following NFSS
(fontspec)             series/shapes:
(fontspec)              
(fontspec)             - 'normal' (m/n) with NFSS spec.:
(fontspec)             <10.2->"[NewCMMath-Bold.otf]:mode=base;script=math;langu
age=dflt;mathfontdimen=xetex;+cv02=0;mathfontdimen=tex3;"<7.2-10.2>"[NewCMMath-
Bold.otf]:mode=base;script=math;language=dflt;mathfontdimen=xetex;+cv02=0;mathf
ontdimen=tex3;+ssty=0;"<-7.2>"[NewCMMath-Bold.otf]:mode=base;script=math;langua
ge=dflt;mathfontdimen=xetex;+cv02=0;mathfontdimen=tex3;+ssty=1;"

LaTeX Font Info:    Encoding `OMX' has changed to `TU' for symbol font
(Font)              `largesymbols' in the math version `bold' on input line 208
.
LaTeX Font Info:    Overwriting symbol font `largesymbols' in version `bold'
(Font)                  OMX/cmex/m/n --> TU/NewCMMath-Bold.otf(7)/m/n on input 
line 208.

Package fontspec Info: 
(fontspec)             Font family 'NewCMMath-Book.otf(10)' created for font
(fontspec)             'NewCMMath-Book.otf' with options
(fontspec)             [Renderer=Basic,BoldItalicFont={},ItalicFont={},SmallCap
sFont={},Script=Math,SizeFeatures={{Size=10.2-},{Size=7.2-10.2,Font=NewCMMath-B
ook.otf,Style=MathScript},{Size=-7.2,Font=NewCMMath-Book.otf,Style=MathScriptSc
ript}},RawFeature={mathfontdimen=xetex},StylisticSet={1},CharacterVariant={2}].

(fontspec)              
(fontspec)              This font family consists of the following NFSS
(fontspec)             series/shapes:
(fontspec)              
(fontspec)             - 'normal' (m/n) with NFSS spec.:
(fontspec)             <10.2->"[NewCMMath-Book.otf]:mode=base;script=math;langu
age=dflt;mathfontdimen=xetex;+ss01;+cv02=0;"<7.2-10.2>"[NewCMMath-Book.otf]:mod
e=base;script=math;language=dflt;mathfontdimen=xetex;+ss01;+cv02=0;+ssty=0;"<-7
.2>"[NewCMMath-Book.otf]:mode=base;script=math;language=dflt;mathfontdimen=xete
x;+ss01;+cv02=0;+ssty=1;"

\sym__um_fam3=\mathgroup6
LaTeX Font Info:    Overwriting symbol font `__um_fam3' in version `normal'
(Font)                  TU/NewCMMath-Book.otf(10)/m/n --> TU/NewCMMath-Book.otf
(10)/m/n on input line 208.
LaTeX Font Info:    Overwriting symbol font `__um_fam3' in version `bold'
(Font)                  TU/NewCMMath-Book.otf(10)/m/n --> TU/NewCMMath-Book.otf
(10)/b/n on input line 208.
) (/usr/share/texlive/texmf-dist/tex/latex/hyphenat/hyphenat.sty
Package: hyphenat 2009/09/02 v2.3c hyphenation utilities
\langwohyphens=\language10
LaTeX Info: Redefining \_ on input line 43.
)
(/usr/share/texlive/texmf-dist/tex/latex/datetime2/datetime2.sty
Package: datetime2 2021/03/21 v1.5.7 (NLCT) date and time formats

(/usr/share/texlive/texmf-dist/tex/latex/tracklang/tracklang.sty
Package: tracklang 2026/05/24 v1.6.8 (NLCT) Track Languages

(/usr/share/texlive/texmf-dist/tex/generic/tracklang/tracklang.tex)
Package tracklang Info: Tracking dialect `brazilian' (language `portuges') on i
nput line 264.
Package tracklang Info: Tracking dialect `brazilian' (language `portuges') on i
nput line 264.
)
(/usr/share/texlive/texmf-dist/tex/latex/xkeyval/xkeyval.sty
Package: xkeyval 2025/11/04 v2.10 package option processing (HA)

(/usr/share/texlive/texmf-dist/tex/generic/xkeyval/xkeyval.tex
(/usr/share/texlive/texmf-dist/tex/generic/xkeyval/xkvutils.tex
\XKV@toks=\toks33
\XKV@tempa@toks=\toks34
\XKV@tempb@toks=\toks35
)
\XKV@depth=\count363
File: xkeyval.tex 2014/12/03 v2.7a key=value parser (HA)
))
(/usr/share/texlive/texmf-dist/tex/latex/datetime2-portuges/datetime2-portuges.
ldf
File: datetime2-portuges.ldf 2018/08/21 v1.1
 (/usr/share/texlive/texmf-dist/tex/generic/iftex/ifxetex.sty
Package: ifxetex 2019/10/25 v0.7 ifxetex legacy package. Use iftex instead.
)
(/usr/share/texlive/texmf-dist/tex/generic/iftex/ifluatex.sty
Package: ifluatex 2019/10/25 v1.5 ifluatex legacy package. Use iftex instead.
)
(/usr/share/texlive/texmf-dist/tex/latex/datetime2-portuges/datetime2-portuges-
utf8.ldf
File: datetime2-portuges-utf8.ldf 2018/08/21 v1.1
))) (./preamble/footkmpj.sty

LaTeX Warning: You have requested package `./preamble/footkmpj',
               but the package provides `footkmpj'.

Package: footkmpj 2011/06/06 v5.5b a miscellany of footnote facilities
\FN@temptoken=\toks36
\footnotemargin=\dimen264
\c@pp@next@reset=\count364
Package footkmpj Info: Declaring symbol style bringhurst on input line 868.
Package footkmpj Info: Declaring symbol style chicago on input line 876.
Package footkmpj Info: Declaring symbol style wiley on input line 885.
Package footkmpj Info: Declaring symbol style lamport-robust on input line 896.

Package footkmpj Info: Declaring symbol style lamport* on input line 916.
Package footkmpj Info: Declaring symbol style lamport*-robust on input line 937
.
) (/usr/share/texlive/texmf-dist/tex/latex/tools/calc.sty
Package: calc 2025/03/01 v4.3b Infix arithmetic (KKT,FJ)
\calc@Acount=\count365
\calc@Bcount=\count366
\calc@Adimen=\dimen265
\calc@Bdimen=\dimen266
\calc@Askip=\skip195
\calc@Bskip=\skip196
LaTeX Info: Redefining \setlength on input line 86.
LaTeX Info: Redefining \addtolength on input line 87.
\calc@Ccount=\count367
\calc@Cskip=\skip197
)
(/usr/share/texlive/texmf-dist/tex/latex/parselines/parselines.sty
Package: parselines 2011/02/19 v1.4 - a simple line parser for TeX
\parselin@tk=\toks37
\parselin@read=\read4
)
(/usr/share/texlive/texmf-dist/tex/latex/csquotes/csquotes.sty
Package: csquotes 2026-05-19 v5.2p context-sensitive quotations (JAW)
\csq@reset=\count368
\csq@gtype=\count369
\csq@glevel=\count370
\csq@qlevel=\count371
\csq@maxlvl=\count372
\csq@tshold=\count373
\csq@ltx@everypar=\toks38

(/usr/share/texlive/texmf-dist/tex/latex/csquotes/csquotes.def
File: csquotes.def 2026-05-19 v5.2p csquotes generic definitions (JAW)
)
Package csquotes Info: Trying to load configuration file 'csquotes.cfg'...
Package csquotes Info: ... configuration file loaded successfully.

(/usr/share/texlive/texmf-dist/tex/latex/csquotes/csquotes.cfg
File: csquotes.cfg 
))
(/usr/share/texlive/texmf-dist/tex/latex/fancybox/fancybox.sty
Package: fancybox 2010/05/15 1.4

Style option: `fancybox' v1.4 <2010/05/15> (tvz)
\@fancybox=\box61
\shadowsize=\dimen267
\@Sbox=\box62
\do@VerbBox=\toks39
\the@fancyput=\toks40
\this@fancyput=\toks41
\EndVerbatimTokens=\toks42
\Verbatim@Outfile=\write4
\Verbatim@Infile=\read5
) (/usr/share/texlive/texmf-dist/tex/latex/graphics/graphicx.sty
Package: graphicx 2026-05-17 v1.2e Enhanced LaTeX Graphics (DPC,SPQR)

(/usr/share/texlive/texmf-dist/tex/latex/graphics/graphics.sty
Package: graphics 2026-05-17 v1.4h Standard LaTeX Graphics (DPC,SPQR)

(/usr/share/texlive/texmf-dist/tex/latex/graphics/trig.sty
Package: trig 2023/12/02 v1.11 sin cos tan (DPC)
)
(/usr/share/texlive/texmf-dist/tex/latex/graphics-cfg/graphics.cfg
File: graphics.cfg 2016/06/04 v1.11 sample graphics configuration
)
Package graphics Info: Driver file: luatex.def on input line 106.
)
\Gin@req@height=\dimen268
\Gin@req@width=\dimen269
)
(/usr/share/texlive/texmf-dist/tex/latex/geometry/geometry.sty
Package: geometry 2026/03/07 v6.0 Page Geometry

(/usr/share/texlive/texmf-dist/tex/generic/iftex/ifvtex.sty
Package: ifvtex 2019/10/25 v1.7 ifvtex legacy package. Use iftex instead.
)
\Gm@cnth=\count374
\Gm@cntv=\count375
\c@Gm@tempcnt=\count376
\Gm@bindingoffset=\dimen270
\Gm@wd@mp=\dimen271
\Gm@odd@mp=\dimen272
\Gm@even@mp=\dimen273
\Gm@layoutwidth=\dimen274
\Gm@layoutheight=\dimen275
\Gm@layouthoffset=\dimen276
\Gm@layoutvoffset=\dimen277
\Gm@dimlist=\toks43
)
(/usr/share/texlive/texmf-dist/tex/latex/tools/multicol.sty
Package: multicol 2025/10/21 v2.0b multicolumn formatting (FMi)
\c@tracingmulticols=\count377
\mult@box=\box63
\multicol@leftmargin=\dimen278
\c@unbalance=\count378
\c@collectmore=\count379
\doublecol@number=\count380
\multicoltolerance=\count381
\multicolpretolerance=\count382
\full@width=\dimen279
\page@free=\dimen280
\premulticols=\dimen281
\postmulticols=\dimen282
\multicolsep=\skip198
\multicolbaselineskip=\skip199
\partial@page=\box64
\last@line=\box65
\mc@boxedresult=\box66
\maxbalancingoverflow=\dimen283
\mult@rightbox=\box67
\mult@grightbox=\box68
\mult@firstbox=\box69
\mult@gfirstbox=\box70
\@tempa=\box71
\@tempa=\box72
\@tempa=\box73
\@tempa=\box74
\@tempa=\box75
\@tempa=\box76
\@tempa=\box77
\@tempa=\box78
\@tempa=\box79
\@tempa=\box80
\@tempa=\box81
\@tempa=\box82
\@tempa=\box83
\@tempa=\box84
\@tempa=\box85
\@tempa=\box86
\@tempa=\box87
\@tempa=\box88
\@tempa=\box89
\@tempa=\box90
\@tempa=\box91
\@tempa=\box92
\@tempa=\box93
\@tempa=\box94
\@tempa=\box95
\@tempa=\box96
\@tempa=\box97
\@tempa=\box98
\@tempa=\box99
\@tempa=\box100
\@tempa=\box101
\@tempa=\box102
\@tempa=\box103
\@tempa=\box104
\@tempa=\box105
\@tempa=\box106
\c@minrows=\count383
\c@columnbadness=\count384
\c@finalcolumnbadness=\count385
\last@try=\dimen284
\multicolovershoot=\dimen285
\multicolundershoot=\dimen286
\mult@nat@firstbox=\box107
\colbreak@box=\box108
\mc@col@check@num=\count386
\g__mc_curr_col_int=\count387
)
(/usr/share/texlive/texmf-dist/tex/generic/hologo/hologo.sty
Package: hologo 2026-04-02 v1.17 A logo collection with bookmark support (HO)

(/usr/share/texlive/texmf-dist/tex/generic/kvdefinekeys/kvdefinekeys.sty
Package: kvdefinekeys 2019-12-19 v1.6 Define keys (HO)
))
(/usr/share/texlive/texmf-dist/tex/latex/url/url.sty
\Urlmuskip=\muskip19
Package: url 2013/09/16  ver 3.4  Verb mode for urls, etc.
)
(/usr/share/texlive/texmf-dist/tex/latex/sttools/flushend.sty
Package: flushend 2025/06/18 v4.3 Balancing columns in twocolumn mode (ST)
\flushend@@lastskip@a=\skip256
\flushend@@lastskip@b=\skip257
\flushend@@lastnode=\count388
\var@@loop@iter=\count389
\var@@temp@spread=\dimen287
\var@@temp@a=\dimen288
\var@@temp@loop=\dimen289
\flushend@@page@rule=\dimen290
\flushend@@varbox@lastpage=\box109
\flushend@@varbox@a=\box110
\flushend@@varbox@c=\box111
\flushend@@tempbox@a=\box112
\flushend@@tempbox@c=\box113
\flushend@@floatbox=\box114
\@viper=\box115
\hold@viper=\box116
\atColsBreak=\toks44
\atColsEnd=\toks45
\oldbreak@skip=\dimen291
)))
(/usr/share/texlive/texmf-dist/tex/latex/hyperref/hyperref.sty
Package: hyperref 2026-06-17 v7.01r Hypertext links for LaTeX

(/usr/share/texlive/texmf-dist/tex/generic/pdfescape/pdfescape.sty
Package: pdfescape 2019/12/09 v1.15 Implements pdfTeX's escape features (HO)
)
(/usr/share/texlive/texmf-dist/tex/latex/hycolor/hycolor.sty
Package: hycolor 2020-01-27 v1.10 Color options for hyperref/bookmark (HO)
)
(/usr/share/texlive/texmf-dist/tex/generic/stringenc/stringenc.sty
Package: stringenc 2019/11/29 v1.12 Convert strings between diff. encodings (HO
)
)
\@linkdim=\dimen292
\Hy@linkcounter=\count390
\Hy@pagecounter=\count391

(/usr/share/texlive/texmf-dist/tex/latex/hyperref/pd1enc.def
File: pd1enc.def 2026-06-17 v7.01r Hyperref: PDFDocEncoding definition (HO)
)
(/usr/share/texlive/texmf-dist/tex/generic/intcalc/intcalc.sty
Package: intcalc 2019/12/15 v1.3 Expandable calculations with integers (HO)
)
\Hy@SavedSpaceFactor=\count392

(/usr/share/texlive/texmf-dist/tex/latex/hyperref/puenc.def
File: puenc.def 2026-06-17 v7.01r Hyperref: PDF Unicode definition (HO)
)
Package hyperref Info: Option `colorlinks' set `true' on input line 4070.
Package hyperref Info: Hyper figures OFF on input line 4199.
Package hyperref Info: Link nesting OFF on input line 4204.
Package hyperref Info: Hyper index ON on input line 4207.
Package hyperref Info: Plain pages OFF on input line 4214.
Package hyperref Info: Backreferencing OFF on input line 4219.
Package hyperref Info: Implicit mode ON; LaTeX internals redefined.
Package hyperref Info: Bookmarks ON on input line 4466.
\c@Hy@tempcnt=\count393
LaTeX Info: Redefining \url on input line 4805.
\XeTeXLinkMargin=\dimen293

(/usr/share/texlive/texmf-dist/tex/generic/bitset/bitset.sty
Package: bitset 2019/12/09 v1.3 Handle bit-vector datatype (HO)

(/usr/share/texlive/texmf-dist/tex/generic/bigintcalc/bigintcalc.sty
Package: bigintcalc 2019/12/15 v1.5 Expandable calculations on big integers (HO
)
))
\Fld@menulength=\count394
\Field@Width=\dimen294
\Fld@charsize=\dimen295
Package hyperref Info: Hyper figures OFF on input line 6091.
Package hyperref Info: Link nesting OFF on input line 6096.
Package hyperref Info: Hyper index ON on input line 6099.
Package hyperref Info: backreferencing OFF on input line 6106.
Package hyperref Info: Link coloring ON on input line 6109.
Package hyperref Info: Link coloring with OCG OFF on input line 6116.
Package hyperref Info: PDF/A mode OFF on input line 6121.
\Hy@abspage=\count395
\c@Item=\count396
\c@Hfootnote=\count397
)
Package hyperref Info: Driver (autodetected): hluatex.

(/usr/share/texlive/texmf-dist/tex/latex/hyperref/hluatex.def
File: hluatex.def 2026-06-17 v7.01r Hyperref driver for luaTeX
\Fld@listcount=\count398
\c@bookmark@seq@number=\count399

(/usr/share/texlive/texmf-dist/tex/latex/rerunfilecheck/rerunfilecheck.sty
Package: rerunfilecheck 2025-06-21 v1.11 Rerun checks for auxiliary files (HO)

(/usr/share/texlive/texmf-dist/tex/generic/uniquecounter/uniquecounter.sty
Package: uniquecounter 2019/12/15 v1.4 Provide unlimited unique counter (HO)
)
Package uniquecounter Info: New unique counter `rerunfilecheck' on input line 2
84.
)
\Hy@SectionHShift=\skip258
)
(/usr/share/texlive/texmf-dist/tex/latex/memoir/memhfixc.sty
Package: memhfixc 2025/09/16 v1.24 hyperref package fixes for memoir class
\c@memhycontfloat=\count400
\c@mem@Hpagenote=\count401
)
luaotfload | cache : Lookup cache loaded from /home/localadmin/.texlive2026/texm
f-var/luatex-cache/generic/names/luaotfload-lookup-cache.luc.

Package fontspec Info: 
(fontspec)             Font family 'FreeSerif(0)' created for font 'FreeSerif'
(fontspec)             with options [Ligatures=TeX,Ligatures={NoCommon,
(fontspec)             NoContextual, NoRequired}].
(fontspec)              
(fontspec)              This font family consists of the following NFSS
(fontspec)             series/shapes:
(fontspec)              
(fontspec)             - 'normal' (m/n) with NFSS spec.:
(fontspec)             <->"name:FreeSerif:mode=node;script=latn;language=dflt;+
tlig;-liga;-clig;-rlig;"
(fontspec)             - 'small caps'  (m/sc) with NFSS spec.:
(fontspec)             <->"name:FreeSerif:mode=node;script=latn;language=dflt;+
tlig;-liga;-clig;-rlig;+smcp;"
(fontspec)             - 'bold' (b/n) with NFSS spec.:
(fontspec)             <->"name:FreeSerif/B:mode=node;script=latn;language=dflt
;+tlig;-liga;-clig;-rlig;"
(fontspec)             - 'bold small caps'  (b/sc) with NFSS spec.:
(fontspec)             <->"name:FreeSerif/B:mode=node;script=latn;language=dflt
;+tlig;-liga;-clig;-rlig;+smcp;"
(fontspec)             - 'italic' (m/it) with NFSS spec.:
(fontspec)             <->"name:FreeSerif/I:mode=node;script=latn;language=dflt
;+tlig;-liga;-clig;-rlig;"
(fontspec)             - 'italic small caps'  (m/scit) with NFSS spec.:
(fontspec)             <->"name:FreeSerif/I:mode=node;script=latn;language=dflt
;+tlig;-liga;-clig;-rlig;+smcp;"
(fontspec)             - 'bold italic' (b/it) with NFSS spec.:
(fontspec)             <->"name:FreeSerif/BI:mode=node;script=latn;language=dfl
t;+tlig;-liga;-clig;-rlig;"
(fontspec)             - 'bold italic small caps'  (b/scit) with NFSS spec.:
(fontspec)             <->"name:FreeSerif/BI:mode=node;script=latn;language=dfl
t;+tlig;-liga;-clig;-rlig;+smcp;"

Package csquotes Info: Checking for multilingual support...
Package csquotes Info: ... found 'babel' package.
Package csquotes Info: Adjusting default style.
Package csquotes Info: Redefining alias 'default' -> 'brazilian'.


LaTeX Warning: Unused global option(s):
    [book].

(./build/main.aux
Package babel Info: 'brazilian' activates 'portuges' shorthands.
(babel)             Reported on input line 9.
)
\openout1 = main.aux

LaTeX Font Info:    Checking defaults for OML/cmm/m/it on input line 9.
LaTeX Font Info:    ... okay on input line 9.
LaTeX Font Info:    Checking defaults for OMS/cmsy/m/n on input line 9.
LaTeX Font Info:    ... okay on input line 9.
LaTeX Font Info:    Checking defaults for OT1/cmr/m/n on input line 9.
LaTeX Font Info:    ... okay on input line 9.
LaTeX Font Info:    Checking defaults for T1/cmr/m/n on input line 9.
LaTeX Font Info:    ... okay on input line 9.
LaTeX Font Info:    Checking defaults for TS1/cmr/m/n on input line 9.
LaTeX Font Info:    ... okay on input line 9.
LaTeX Font Info:    Checking defaults for TU/lmr/m/n on input line 9.
LaTeX Font Info:    ... okay on input line 9.
LaTeX Font Info:    Checking defaults for OMX/cmex/m/n on input line 9.
LaTeX Font Info:    ... okay on input line 9.
LaTeX Font Info:    Checking defaults for U/cmr/m/n on input line 9.
LaTeX Font Info:    ... okay on input line 9.
LaTeX Font Info:    Checking defaults for PD1/pdf/m/n on input line 9.
LaTeX Font Info:    ... okay on input line 9.
LaTeX Font Info:    Checking defaults for PU/pdf/m/n on input line 9.
LaTeX Font Info:    ... okay on input line 9.
LaTeX Info: Redefining \microtypecontext on input line 9.
Package microtype Info: Applying patch `item' on input line 9.
Package microtype Info: Applying patch `toc' on input line 9.
Package microtype Info: Applying patch `eqnum' on input line 9.
Package microtype Info: Applying patch `footnote' on input line 9.
Package microtype Info: Applying patch `verbatim' on input line 9.
LaTeX Info: Redefining \microtypesetup on input line 9.
Package microtype Info: Generating PDF output.
Package microtype Info: Character protrusion enabled (level 2).
Package microtype Info: Using default protrusion set `alltext'.
Package microtype Info: Automatic font expansion enabled (level 2),
(microtype)             stretch: 20, shrink: 20, step: 1, non-selected.
Package microtype Info: Using default expansion set `alltext-nott'.
Package microtype Info: Patching command `\showhyphens'.
Package microtype Info: No adjustment of tracking.
Package microtype Info: No adjustment of spacing.
Package microtype Info: No adjustment of kerning.
Package microtype Info: Redefining babel's language switching commands.
Package microtype Info: Loading generic protrusion settings for font family
(microtype)             `FreeSerif' (encoding: TU).
(microtype)             For optimal results, create family-specific settings.
(microtype)             See the microtype manual for details.

(/usr/share/texlive/texmf-dist/tex/context/base/mkii/supp-pdf.mkii
[Loading MPS to PDF converter (version 2006.09.02).]
\scratchcounter=\count402
\scratchdimen=\dimen296
\scratchbox=\box117
\nofMPsegments=\count403
\nofMParguments=\count404
\everyMPshowfont=\toks46
\MPscratchCnt=\count405
\MPscratchDim=\dimen297
\MPnumerator=\count406
\makeMPintoPDFobject=\count407
\everyMPtoPDFconversion=\toks47
) (/usr/share/texlive/texmf-dist/tex/latex/epstopdf-pkg/epstopdf-base.sty
Package: epstopdf-base 2020-01-24 v2.11 Base part for package epstopdf
Package epstopdf-base Info: Redefining graphics rule for `.eps' on input line 4
85.

(/usr/share/texlive/texmf-dist/tex/latex/latexconfig/epstopdf-sys.cfg
File: epstopdf-sys.cfg 2010/07/13 v1.3 Configuration of (r)epstopdf for TeX Liv
e
))
*geometry* driver: auto-detecting
*geometry* detected driver: luatex
*geometry* verbose mode - [ preamble ] result:
* driver: luatex
* paper: letterpaper
* layout: <same size as paper>
* layoutoffset:(h,v)=(0.0pt,0.0pt)
* modes: includehead twoside 
* h-part:(L,W,R)=(72.26999pt, 487.82251pt, 54.2025pt)
* v-part:(T,H,B)=(54.2025pt, 686.56499pt, 54.2025pt)
* \paperwidth=614.295pt
* \paperheight=794.96999pt
* \textwidth=487.82251pt
* \textheight=660.06499pt
* \oddsidemargin=0.0pt
* \evensidemargin=-18.06749pt
* \topmargin=-18.06749pt
* \headheight=14.5pt
* \headsep=12.0pt
* \topskip=12.0pt
* \footskip=30.0pt
* \marginparwidth=102.0pt
* \marginparsep=7.0pt
* \columnsep=11.0pt
* \skip\footins=12.0pt plus 4.0pt minus 4.0pt
* \hoffset=0.0pt
* \voffset=0.0pt
* \mag=1000
* \@twocolumnfalse
* \@twosidetrue
* \@mparswitchtrue
* \@reversemarginfalse
* (1in=72.27pt=25.4mm, 1cm=28.453pt)

Package hyperref Info: Link coloring ON on input line 9.
(./build/main.out) (./build/main.out)
\@outlinefile=\write5

\openout5 = main.out
Package babel Info: Main language set to 'brazilian'.
 (./preamble/CPR.tex
<figures/Cross.png, id=80, 491.87567pt x 797.9927pt>
File: figures/Cross.png Graphic file (type png)
<use figures/Cross.png>
Package luatex.def Info: figures/Cross.png  used on input line 34.
(luatex.def)             Requested size: 147.56383pt x 239.39966pt.
) (./preamble/FA.tex
[1



{/var/lib/texmf/fonts/map/pdftex/updmap/pdftex.map}<./figures/Cross.png>]
Package microtype Info: Loading generic protrusion settings for font family
(microtype)             `NewCMMath-Book.otf' (encoding: TU).
(microtype)             For optimal results, create family-specific settings.
(microtype)             See the microtype manual for details.
Package microtype Info: Loading generic protrusion settings for font family
(microtype)             `NewCMMono10-Book.otf' (encoding: TU).
(microtype)             For optimal results, create family-specific settings.
(microtype)             See the microtype manual for details.

[2

]) (./preamble/PFC.tex [3

]) (./build/main.toc) [4

] [1


] [2]
("./source/AT/01 - GEN_src.tex"

Package hyperref Warning: Difference (2) between bookmark levels is greater 
(hyperref)                than one, level fixed on input line 1.


Underfull \hbox (badness 1005) in paragraph at lines 4--35
\TU/FreeSerif(0)/m/n/14.4 Ma-res; e viu Deus que era bom. [][] []E
 []


Underfull \hbox (badness 1097) in paragraph at lines 4--35
\TU/FreeSerif(0)/m/n/14.4 e na noite, e para se-pa-rar a luz e as
 []


Underfull \vbox (badness 10000) has occurred while \output is active []

[leftcolumn badness]: 1000000 on 0.1152pt
[rightcolumn badness]: 1000000 on 0.1152pt
[leftcolumn badness]: 1000000 on 0.1152pt
[rightcolumn badness]: 1000000 on 0.1152pt
[leftcolumn badness]: 1000000 on 0.1152pt
[rightcolumn badness]: 1000000 on 0.1152pt
[leftcolumn badness]: 1000000 on 0.1152pt
[rightcolumn badness]: 1000000 on 0.1152pt
[leftcolumn badness]: 1000000 on 0.1152pt
[rightcolumn badness]: 1000000 on 0.1152pt
[leftcolumn badness]: 1000000 on 0.1152pt
[rightcolumn badness]: 1000000 on 0.1152pt
[leftcolumn badness]: 1000000 on 0.1152pt
[rightcolumn badness]: 1000000 on 0.1152pt
[leftcolumn badness]: 1000000 on 0.1152pt
[rightcolumn badness]: 1000000 on 0.1152pt
[leftcolumn badness]: 1000000 on 0.1152pt
[rightcolumn badness]: 1000000 on 0.1152pt
[leftcolumn badness]: 1000000 on 0.1152pt
[rightcolumn badness]: 1000000 on 0.1152pt
[leftcolumn badness]: 1000000 on 0.1152pt
[rightcolumn badness]: 1000000 on 0.1152pt
[leftcolumn badness]: 1000000 on 0.1152pt
[rightcolumn badness]: 1000000 on 0.1152pt
- LAST -
Extra skip:0.0pt
Left:605.28293pt/3.1392pt
Right:576.29819pt/0.0pt
Split: 605.34053pt
Output:597.60239pt
Pageshrink: 0.0pt
Pagestretch: 0.0pt
@colht:597.60239pt
FLUSHEND [output]: 597.60239pt
FLUSHEND [leftcolumn badness]: 1000000
FUSHEND [rightcolumn badness]: 10000
Package babel Info: 'brazilian' activates 'portuges' shorthands.
(babel)             Reported on input line 35.
 [3


]

LaTeX Warning: Reference `0' on page 4 undefined on input line 37.


Underfull \vbox (badness 10000) has occurred while \output is active []

 [4]

LaTeX Warning: Reference `0' on page 5 undefined on input line 64.


Underfull \vbox (badness 1931) has occurred while \output is active []

 [5]

LaTeX Warning: Reference `0' on page 6 undefined on input line 90.


Underfull \hbox (badness 1715) in paragraph at lines 90--116
\TU/FreeSerif(0)/m/n/14.4 da terra. [][] []E acon-te-ceu, de-cor-rendo o
 []


Underfull \vbox (badness 10000) has occurred while \output is active []

 [6]

LaTeX Warning: Reference `0' on page 7 undefined on input line 119.


Underfull \vbox (badness 10000) has occurred while \output is active []

 [7]

LaTeX Warning: Reference `0' on page 8 undefined on input line 154.


Underfull \hbox (badness 2707) in paragraph at lines 154--179
\TU/FreeSerif(0)/m/n/14.4 os fi-lhos de Deus que as fi-lhas dos
 []


Underfull \hbox (badness 2221) in paragraph at lines 154--179
\TU/FreeSerif(0)/m/n/14.4 ho-mens eram be-las, to-ma-ram para si
 []


Underfull \vbox (badness 10000) has occurred while \output is active []

 [8]

LaTeX Warning: Reference `0' on page 9 undefined on input line 182.


LaTeX Warning: Reference `0' on page 9 undefined on input line 209.


Underfull \vbox (badness 10000) has occurred while \output is active []

 [9]
Underfull \vbox (badness 10000) has occurred while \output is active []



LaTeX Warning: Reference `0' on page 10 undefined on input line 234.


Underfull \hbox (badness 1087) in paragraph at lines 234--263
[][] []\TU/FreeSerif(0)/m/n/14.4 E Deus aben-çoou Noé e seus fi-lhos,
 []


Underfull \hbox (badness 1248) in paragraph at lines 234--263
\TU/FreeSerif(0)/m/n/14.4 com sua vida, que é seu san-gue, não
 []

[10]
Underfull \vbox (badness 10000) has occurred while \output is active []



LaTeX Warning: Reference `0' on page 11 undefined on input line 266.

[11]
Underfull \vbox (badness 10000) has occurred while \output is active []



LaTeX Warning: Reference `0' on page 12 undefined on input line 301.

[12]
Underfull \vbox (badness 10000) has occurred while \output is active []



LaTeX Warning: Reference `0' on page 13 undefined on input line 336.

[13]
Underfull \vbox (badness 10000) has occurred while \output is active []



LaTeX Warning: Reference `0' on page 14 undefined on input line 362.


Underfull \hbox (badness 1546) in paragraph at lines 362--380
\TU/FreeSerif(0)/m/n/14.4 e va-cas, e ten-das. [][] []E a terra não os
 []

[14]

LaTeX Warning: Reference `0' on page 15 undefined on input line 383.


Underfull \hbox (badness 10000) in paragraph at lines 383--407
[][] []\TU/FreeSerif(0)/m/n/14.4 E acon-te-ceu nos dias de An-ra-fel,
 []


Underfull \hbox (badness 1708) in paragraph at lines 383--407
\TU/FreeSerif(0)/m/n/14.4 rei de Si-near, Ari-o-que, rei de Ela-sar,
 []


Underfull \hbox (badness 1092) in paragraph at lines 383--407
\TU/FreeSerif(0)/m/n/14.4 e ca-í-ram ali; e os de-mais fu-gi-ram ao
 []


Underfull \hbox (badness 1584) in paragraph at lines 383--407
\TU/FreeSerif(0)/m/n/14.4 man-ti-men-tos, e se fo-ram. [][] []Tomaram
 []


Underfull \hbox (badness 2772) in paragraph at lines 383--407
\TU/FreeSerif(0)/m/n/14.4 ha-bi-tava no vale de Manre, amor-reu,
 []


Underfull \hbox (badness 2111) in paragraph at lines 383--407
\TU/FreeSerif(0)/m/n/14.4 era sa-cer-dote do Deus al-tís-simo; [][] []E
 []


Underfull \vbox (badness 10000) has occurred while \output is active []

 [15]

LaTeX Warning: Reference `0' on page 16 undefined on input line 410.


Underfull \hbox (badness 1215) in paragraph at lines 410--410
[][][][] \TU/FreeSerif(0)/b/n/10 15:1 \TU/FreeSerif(0)/m/n/10 Ou: eu sou o teu 
es-cudo, e tua muito grande
 []


Underfull \hbox (badness 7256) in paragraph at lines 410--431
[][] []\TU/FreeSerif(0)/m/n/14.4 De-pois des-tas coi-sas a pa-la-vra do
 []


LaTeX Warning: Reference `0' on page 16 undefined on input line 434.

[16]
Underfull \vbox (badness 1968) has occurred while \output is active []



LaTeX Warning: Reference `0' on page 17 undefined on input line 452.


Underfull \hbox (badness 2253) in paragraph at lines 452--479
\TU/FreeSerif(0)/m/n/14.4 de-pois de ti. [][] []E da-rei a ti, e à tua
 []


Underfull \hbox (badness 1721) in paragraph at lines 452--479
\TU/FreeSerif(0)/m/n/14.4 des-cen-dên-cia de-pois de ti, a terra de
 []


Underfull \hbox (badness 1616) in paragraph at lines 452--479
\TU/FreeSerif(0)/m/n/14.4 em he-rança per-pé-tua; e se-rei o Deus
 []


Underfull \hbox (badness 2644) in paragraph at lines 452--479
\TU/FreeSerif(0)/m/n/14.4 en-tre mim e vós e tua des-cen-dên-cia
 []

[17]
Underfull \vbox (badness 10000) has occurred while \output is active []



LaTeX Warning: Reference `0' on page 18 undefined on input line 481.

[18]
Underfull \vbox (badness 10000) has occurred while \output is active []


Underfull \vbox (badness 10000) has occurred while \output is active []

 [19]

LaTeX Warning: Reference `0' on page 20 undefined on input line 517.


Underfull \hbox (badness 1584) in paragraph at lines 517--555
\TU/FreeSerif(0)/m/n/14.4 o mais ve-lho; [][] []E cha-ma-ram a Ló, e
 []


Underfull \hbox (badness 1210) in paragraph at lines 517--555
[]\TU/FreeSerif(0)/m/n/14.4 Veio este aqui para ha-bi-tar como um
 []


Underfull \hbox (badness 1215) in paragraph at lines 517--555
\TU/FreeSerif(0)/m/n/14.4 lu-gar, por-quanto o cla-mor de-les su-biu
 []


Underfull \hbox (badness 1005) in paragraph at lines 517--555
\TU/FreeSerif(0)/m/n/14.4 duas fi-lhas se-gundo a mi-se-ri-cór-dia do
 []


Underfull \hbox (badness 1603) in paragraph at lines 517--555
\TU/FreeSerif(0)/m/n/14.4 a ci-dade de que fa-laste. [][] []Apressa-te,
 []


Underfull \vbox (badness 1968) has occurred while \output is active []

 [20]
Underfull \vbox (badness 10000) has occurred while \output is active []



LaTeX Warning: Reference `0' on page 21 undefined on input line 557.


Underfull \hbox (badness 2005) in paragraph at lines 557--575
\TU/FreeSerif(0)/m/n/14.4 mor-re-rás, com tudo o que for teu[]. [][]
 []

[21]
Underfull \vbox (badness 10000) has occurred while \output is active []



LaTeX Warning: Reference `0' on page 22 undefined on input line 578.


Underfull \hbox (badness 1533) in paragraph at lines 578--614
\TU/FreeSerif(0)/m/n/14.4 Abraão o nome de seu fi-lho que lhe
 []


Underfull \hbox (badness 1571) in paragraph at lines 578--614
\TU/FreeSerif(0)/m/n/14.4 Isa-que[]. [][] []Este dito pa-re-ceu grave em
 []


Underfull \hbox (badness 1038) in paragraph at lines 578--614
\TU/FreeSerif(0)/m/n/14.4 muito cedo, e to-mou pão, e um odre
 []

[22]
Underfull \vbox (badness 10000) has occurred while \output is active []



LaTeX Warning: Reference `0' on page 23 undefined on input line 616.


Underfull \hbox (badness 1005) in paragraph at lines 616--640
\TU/FreeSerif(0)/m/n/14.4 Abraão seus olhos, e olhou, e eis um
 []


Underfull \hbox (badness 4024) in paragraph at lines 616--640
\TU/FreeSerif(0)/m/n/14.4 em lu-gar de seu fi-lho. [][] []E cha-mou
 []


Underfull \hbox (badness 1231) in paragraph at lines 616--640
\TU/FreeSerif(0)/m/n/14.4 as por-tas de seus ini-mi-gos: [][] []Em tua
 []

[23]
Underfull \vbox (badness 10000) has occurred while \output is active []



LaTeX Warning: Reference `0' on page 24 undefined on input line 643.

[24]
Underfull \vbox (badness 10000) has occurred while \output is active []



LaTeX Warning: Reference `0' on page 25 undefined on input line 666.


Underfull \hbox (badness 1014) in paragraph at lines 666--733
[]\TU/FreeSerif(0)/m/n/14.4 Põe agora tua mão de-baixo de mi-nha
 []


Underfull \hbox (badness 1184) in paragraph at lines 666--733
\TU/FreeSerif(0)/m/n/14.4 e se vol-tava. [][] []Então o cri-ado cor-reu
 []


Underfull \hbox (badness 1242) in paragraph at lines 666--733
\TU/FreeSerif(0)/m/n/14.4 de be-ber[]. [][] []E apressou-se, e es-va-ziou
 []


Underfull \hbox (badness 1077) in paragraph at lines 666--733
\TU/FreeSerif(0)/m/n/14.4 to-dos os seus ca-me-los. [][] []E o ho-mem
 []


Underfull \hbox (badness 1043) in paragraph at lines 666--733
\TU/FreeSerif(0)/m/n/14.4 Deus de meu se-nhor Abraão, que me
 []

[25]
Underfull \vbox (badness 10000) has occurred while \output is active []


Underfull \vbox (badness 10000) has occurred while \output is active []

 [26]
Underfull \vbox (badness 1968) has occurred while \output is active []


Underfull \vbox (badness 10000) has occurred while \output is active []

 [27]

LaTeX Warning: Reference `0' on page 28 undefined on input line 736.


Underfull \vbox (badness 1968) has occurred while \output is active []

 [28]
Underfull \vbox (badness 10000) has occurred while \output is active []



LaTeX Warning: Reference `0' on page 29 undefined on input line 773.


Underfull \hbox (badness 2469) in paragraph at lines 773--808
\TU/FreeSerif(0)/m/n/14.4 meus man-da-men-tos, meus es-ta-tu-tos e
 []


Underfull \hbox (badness 2351) in paragraph at lines 773--808
\TU/FreeSerif(0)/m/n/14.4 Abraão[]. [][] []E edi-fi-cou ali um al-tar, e
 []


Underfull \hbox (badness 2020) in paragraph at lines 773--808
\TU/FreeSerif(0)/m/n/14.4 ti, e fa-re-mos ali-ança con-tigo”: [][] []Que
 []


Underfull \hbox (badness 1810) in paragraph at lines 773--808
\TU/FreeSerif(0)/m/n/14.4 não nos fa-ças mal, como nós não te
 []


Underfull \hbox (badness 1817) in paragraph at lines 773--808
\TU/FreeSerif(0)/m/n/14.4 to-ca-mos, e como so-mente te fi-ze-mos
 []

[29]
Underfull \vbox (badness 1968) has occurred while \output is active []



LaTeX Warning: Reference `0' on page 30 undefined on input line 811.


Underfull \hbox (badness 1509) in paragraph at lines 811--857
\TU/FreeSerif(0)/m/n/14.4 as mãos de Esaú: e lhe aben-çoou. [][]
 []


Underfull \hbox (badness 1215) in paragraph at lines 811--857
\TU/FreeSerif(0)/m/n/14.4 pa-la-vras de seu pai cla-mou com uma
 []


Underfull \hbox (badness 1231) in paragraph at lines 811--857
\TU/FreeSerif(0)/m/n/14.4 e lhe disse: []Aben-çoa tam-bém a mim,
 []


Underfull \hbox (badness 1303) in paragraph at lines 811--857
\TU/FreeSerif(0)/m/n/14.4 pri-mo-ge-ni-tura, e eis que agora to-mou
 []

[30]
Underfull \vbox (badness 10000) has occurred while \output is active []


Underfull \vbox (badness 10000) has occurred while \output is active []

 [31]
Underfull \vbox (badness 10000) has occurred while \output is active []



LaTeX Warning: Reference `0' on page 32 undefined on input line 860.


Underfull \hbox (badness 5359) in paragraph at lines 860--882
[][] []\TU/FreeSerif(0)/m/n/14.4 En-tão Isa-que cha-mou a Jacó, e o
 []


Underfull \hbox (badness 2042) in paragraph at lines 860--882
\TU/FreeSerif(0)/m/n/14.4 to-mes mu-lher das fi-lhas de Ca-naã. [][]
 []

[32]
Underfull \vbox (badness 10000) has occurred while \output is active []



LaTeX Warning: Reference `0' on page 33 undefined on input line 885.

[33]
Underfull \vbox (badness 10000) has occurred while \output is active []



LaTeX Warning: Reference `0' on page 34 undefined on input line 923.


Underfull \vbox (badness 10000) has occurred while \output is active []

 [34]
Underfull \vbox (badness 1009) has occurred while \output is active []


Underfull \vbox (badness 10000) has occurred while \output is active []

 [35]
Underfull \vbox (badness 10000) has occurred while \output is active []



LaTeX Warning: Reference `0' on page 36 undefined on input line 968.


Underfull \hbox (badness 1163) in paragraph at lines 968--1023
\TU/FreeSerif(0)/m/n/14.4 fi-lhas como pri-si-o-nei-ras de guerra? [][]
 []

[36]
Underfull \vbox (badness 10000) has occurred while \output is active []


Underfull \vbox (badness 10000) has occurred while \output is active []

 [37]
Underfull \vbox (badness 10000) has occurred while \output is active []



LaTeX Warning: Reference `0' on page 38 undefined on input line 1026.


Underfull \hbox (badness 1028) in paragraph at lines 1026--1058
\TU/FreeSerif(0)/m/n/14.4 e o fe-rir, o ou-tro grupo es-ca-pará[]. [][] []E
 []

[38]
Underfull \vbox (badness 10000) has occurred while \output is active []



LaTeX Warning: Reference `0' on page 39 undefined on input line 1061.


Underfull \hbox (badness 1024) in paragraph at lines 1061--1083
\TU/FreeSerif(0)/m/n/14.4 se in-cli-na-ram. [][] []E ele disse: []Qual é a
 []


Underfull \vbox (badness 10000) has occurred while \output is active []

 [39]
Underfull \vbox (badness 10000) has occurred while \output is active []



LaTeX Warning: Reference `0' on page 40 undefined on input line 1086.


Underfull \hbox (badness 1194) in paragraph at lines 1086--1117
\TU/FreeSerif(0)/m/n/14.4 nós, que se cir-cun-cide en-tre vós todo
 []


Underfull \hbox (badness 1137) in paragraph at lines 1086--1117
\TU/FreeSerif(0)/m/n/14.4 con-vosco, e se-re-mos um povo. [][] []Mas
 []


Underfull \hbox (badness 3536) in paragraph at lines 1086--1117
\TU/FreeSerif(0)/m/n/14.4 as nos-sas. [][] []Mas com esta con-di-ção
 []


Underfull \hbox (badness 4366) in paragraph at lines 1086--1117
\TU/FreeSerif(0)/m/n/14.4 es-tes ho-mens con-sen-ti-rão em ha-bi-tar
 []


Underfull \hbox (badness 1701) in paragraph at lines 1086--1117
\TU/FreeSerif(0)/m/n/14.4 e ha-bi-ta-rão co-nosco[]. [][] []E obe-de-ce-ram
 []


Underfull \hbox (badness 1331) in paragraph at lines 1086--1117
\TU/FreeSerif(0)/m/n/14.4 a Ha-mor e a Si-quém seu fi-lho to-dos
 []


Underfull \hbox (badness 1210) in paragraph at lines 1086--1117
\TU/FreeSerif(0)/m/n/14.4 os que sa-íam pela porta da ci-dade, e
 []

[40]
Underfull \vbox (badness 10000) has occurred while \output is active []


Underfull \vbox (badness 10000) has occurred while \output is active []

 [41]

LaTeX Warning: Reference `0' on page 42 undefined on input line 1120.


Underfull \hbox (badness 1975) in paragraph at lines 1120--1149
\TU/FreeSerif(0)/m/n/14.4 Todo-Poderoso: cresce e multiplica-te;
 []


Underfull \vbox (badness 10000) has occurred while \output is active []

 [42]

LaTeX Warning: Reference `0' on page 43 undefined on input line 1152.


Underfull \vbox (badness 10000) has occurred while \output is active []

 [43]

LaTeX Warning: Reference `0' on page 44 undefined on input line 1198.


Underfull \hbox (badness 1460) in paragraph at lines 1198--1234
\TU/FreeSerif(0)/m/n/14.4 e che-gou a Si-quém. [][] []E achou-o um
 []


Underfull \hbox (badness 1057) in paragraph at lines 1198--1234
\TU/FreeSerif(0)/m/n/14.4 e trouxeram-na a seu pai, e dis-se-ram:
 []


Underfull \vbox (badness 10000) has occurred while \output is active []


Underfull \vbox (badness 10000) has occurred while \output is active []

 [44]
Underfull \vbox (badness 10000) has occurred while \output is active []



LaTeX Warning: Reference `0' on page 45 undefined on input line 1237.


Underfull \hbox (badness 1342) in paragraph at lines 1237--1267
\TU/FreeSerif(0)/m/n/14.4 seu nome Selá. E es-tava em Que-zibe
 []


Underfull \hbox (badness 1874) in paragraph at lines 1237--1267
\TU/FreeSerif(0)/m/n/14.4 quando o deu à luz. [][] []E Judá to-mou
 []

[45]
Underfull \vbox (badness 10000) has occurred while \output is active []


Underfull \vbox (badness 10000) has occurred while \output is active []

 [46]

LaTeX Warning: Reference `0' on page 47 undefined on input line 1270.


Underfull \hbox (badness 2941) in paragraph at lines 1270--1293
[][] []\TU/FreeSerif(0)/m/n/14.4 E le-vado José ao Egito, comprou-o
 []


Underfull \hbox (badness 2617) in paragraph at lines 1270--1293
\TU/FreeSerif(0)/m/n/14.4 Po-ti-far, ofi-cial de Fa-raó, ca-pi-tão dos
 []


Underfull \vbox (badness 10000) has occurred while \output is active []

 [47]

LaTeX Warning: Reference `0' on page 48 undefined on input line 1296.


Underfull \vbox (badness 10000) has occurred while \output is active []

 [48]

LaTeX Warning: Reference `0' on page 49 undefined on input line 1322.


Underfull \hbox (badness 1210) in paragraph at lines 1322--1379
\TU/FreeSerif(0)/m/n/14.4 a Fa-raó. [][] []Eis que vêm sete anos de
 []


Underfull \vbox (badness 10000) has occurred while \output is active []

 [49]
Underfull \vbox (badness 10000) has occurred while \output is active []


Underfull \vbox (badness 10000) has occurred while \output is active []

 [50]

LaTeX Warning: Reference `0' on page 51 undefined on input line 1382.


Underfull \hbox (badness 5519) in paragraph at lines 1382--1420
[][] []\TU/FreeSerif(0)/m/n/14.4 E vendo Jacó que no Egito ha-via
 []


Underfull \hbox (badness 1043) in paragraph at lines 1382--1420
\TU/FreeSerif(0)/m/n/14.4 Eles res-pon-de-ram: []Da terra de Ca-naã,
 []


Underfull \hbox (badness 5105) in paragraph at lines 1382--1420
\TU/FreeSerif(0)/m/n/14.4 para com-prar ali-men-tos[]. [][] []José, pois,
 []


Underfull \hbox (badness 1496) in paragraph at lines 1382--1420
\TU/FreeSerif(0)/m/n/14.4 terra[]. [][] []E eles lhe res-pon-de-ram: []Não,
 []


Underfull \vbox (badness 10000) has occurred while \output is active []

 [51]
Underfull \vbox (badness 10000) has occurred while \output is active []



LaTeX Warning: Reference `0' on page 52 undefined on input line 1423.


Underfull \hbox (badness 7186) in paragraph at lines 1423--1457
[][] []\TU/FreeSerif(0)/m/n/14.4 E a fome era grande na terra. [][]
 []


Underfull \hbox (badness 3189) in paragraph at lines 1423--1457
\TU/FreeSerif(0)/m/n/14.4 disse-lhes seu pai: []Vol-tai, e com-prai
 []


Underfull \hbox (badness 2401) in paragraph at lines 1423--1457
\TU/FreeSerif(0)/m/n/14.4 para nós um pouco de ali-mento[]. [][] []E
 []


Underfull \hbox (badness 1394) in paragraph at lines 1423--1457
\TU/FreeSerif(0)/m/n/14.4 ao ho-mem que tí-nheis mais ir-mão?[] [][]
 []


Underfull \hbox (badness 2376) in paragraph at lines 1423--1457
\TU/FreeSerif(0)/m/n/14.4 nossa pa-ren-tela, di-zendo: “  []Vive ainda
 []


Underfull \hbox (badness 1005) in paragraph at lines 1423--1457
\TU/FreeSerif(0)/m/n/14.4 e to-mar por ser-vos a nós, e a nos-sos
 []


Underfull \hbox (badness 1097) in paragraph at lines 1423--1457
\TU/FreeSerif(0)/m/n/14.4 pão. [][] []E veio José a casa, e eles lhe
 []

[52]
Underfull \vbox (badness 10000) has occurred while \output is active []


Underfull \vbox (badness 10000) has occurred while \output is active []

 [53]

LaTeX Warning: Reference `0' on page 54 undefined on input line 1460.


Underfull \hbox (badness 1178) in paragraph at lines 1460--1494
\TU/FreeSerif(0)/m/n/14.4 nós lhe con-ta-mos as pa-la-vras de meu
 []


Underfull \vbox (badness 10000) has occurred while \output is active []

 [54]
Underfull \vbox (badness 10000) has occurred while \output is active []



LaTeX Warning: Reference `0' on page 55 undefined on input line 1497.

[55]
Underfull \vbox (badness 10000) has occurred while \output is active []



LaTeX Warning: Reference `0' on page 56 undefined on input line 1528.

[56]
Underfull \vbox (badness 10000) has occurred while \output is active []


Underfull \vbox (badness 10000) has occurred while \output is active []

 [57]

LaTeX Warning: Reference `0' on page 58 undefined on input line 1565.


Underfull \hbox (badness 1009) in paragraph at lines 1565--1596
\TU/FreeSerif(0)/m/n/14.4 do Egito di-ante de ti está; no me-lhor
 []


Underfull \hbox (badness 1009) in paragraph at lines 1565--1596
\TU/FreeSerif(0)/m/n/14.4 ir-mãos; ha-bi-tem na terra de Gó-sen; e
 []


Underfull \vbox (badness 10000) has occurred while \output is active []

 [58]
Underfull \vbox (badness 10000) has occurred while \output is active []



LaTeX Warning: Reference `0' on page 59 undefined on input line 1599.


Underfull \hbox (badness 1742) in paragraph at lines 1599--1621
\TU/FreeSerif(0)/m/n/14.4 E ele to-mou con-sigo seus dois fi-lhos
 []


Underfull \hbox (badness 1648) in paragraph at lines 1599--1621
\TU/FreeSerif(0)/m/n/14.4 Jacó, di-zendo: []Eis que teu fi-lho José
 []


Underfull \hbox (badness 1688) in paragraph at lines 1599--1621
\TU/FreeSerif(0)/m/n/14.4 vem a ti[]. En-tão se es-for-çou Is-rael, e
 []

[59]
Underfull \vbox (badness 10000) has occurred while \output is active []



LaTeX Warning: Reference `0' on page 60 undefined on input line 1624.


Underfull \hbox (badness 1762) in paragraph at lines 1624--1657
\TU/FreeSerif(0)/m/n/14.4 dos ca-va-los, e faz cair por de-trás ao
 []

[60]
Underfull \vbox (badness 10000) has occurred while \output is active []



LaTeX Warning: Reference `0' on page 61 undefined on input line 1660.


Underfull \hbox (badness 1845) in paragraph at lines 1660--1685
\TU/FreeSerif(0)/m/n/14.4 à terra de Ca-naã, e o se-pul-ta-ram na
 []

[61]
Underfull \vbox (badness 10000) has occurred while \output is active []


! Undefined control sequence.
l.1686 \FinishBook
                  
The control sequence at the end of the top line
of your error message was never \def'ed. If you have
misspelled it (e.g., `\hobx'), type `I' and the correct
spelling (e.g., `I\hbox'). Otherwise just continue,
and I'll forget about whatever was undefined.

) ("./source/AT/02 - EXO_src.tex"
- LAST -
Extra skip:0.95999pt
Left:524.99835pt/3.1248pt
Right:527.16316pt/0.0pt
Split: 528.63072pt
Output:528.63072pt
Pageshrink: 0.0pt
Pagestretch: 0.0pt
@colht:660.06499pt
FLUSHEND [output]: 528.63072pt
FLUSHEND [leftcolumn badness]: 10000
FUSHEND [rightcolumn badness]: 10000
 [62]
Underfull \hbox (badness 2772) in paragraph at lines 4--26
\TU/FreeSerif(0)/m/n/14.4 um en-trou com sua fa-mí-lia: [][] []Rúben,
 []


Underfull \hbox (badness 2529) in paragraph at lines 4--26
\TU/FreeSerif(0)/m/n/14.4 e Ben-ja-mim; [][] []Dã e Naf-tali, Gade e
 []


Underfull \hbox (badness 4927) in paragraph at lines 4--26
\TU/FreeSerif(0)/m/n/14.4 Aser. [][] []Assim, to-das as pes-soas que
 []


Underfull \hbox (badness 1221) in paragraph at lines 4--26
[][] []\TU/FreeSerif(0)/m/n/14.4 Levantou-se, en-tre-tanto, um novo rei
 []


Underfull \hbox (badness 2671) in paragraph at lines 4--26
\TU/FreeSerif(0)/m/n/14.4 para com ele, a fim de que não se
 []


Underfull \hbox (badness 1571) in paragraph at lines 4--26
\TU/FreeSerif(0)/m/n/14.4 lute con-tra nós, e saia desta terra[]. [][]
 []


Underfull \hbox (badness 1259) in paragraph at lines 4--26
\TU/FreeSerif(0)/m/n/14.4 o rei do Egito lhes man-dara; em vez
 []


Underfull \hbox (badness 3679) in paragraph at lines 4--26
[][] []\TU/FreeSerif(0)/m/n/14.4 E o rei do Egito man-dou cha-mar
 []


LaTeX Warning: Reference `0' on page 63 undefined on input line 29.


Underfull \hbox (badness 2197) in paragraph at lines 29--54
[][] []\TU/FreeSerif(0)/m/n/14.4 Um ho-mem da fa-mí-lia de Levi foi,
 []


Underfull \hbox (badness 7397) in paragraph at lines 29--54
\TU/FreeSerif(0)/m/n/14.4 e to-mou por mu-lher uma fi-lha de
 []


Underfull \hbox (badness 1325) in paragraph at lines 29--54
\TU/FreeSerif(0)/m/n/14.4 Levi: [][] []A qual con-ce-beu, e deu à luz
 []


Underfull \hbox (badness 8170) in paragraph at lines 29--54
\TU/FreeSerif(0)/m/n/14.4 um fi-lho: e vendo-o que era belo,
 []

[63


]
Underfull \vbox (badness 10000) has occurred while \output is active []



LaTeX Warning: Reference `0' on page 64 undefined on input line 57.

[64]
Underfull \vbox (badness 10000) has occurred while \output is active []



LaTeX Warning: Reference `0' on page 65 undefined on input line 82.


Underfull \vbox (badness 10000) has occurred while \output is active []

 [65]
Underfull \vbox (badness 10000) has occurred while \output is active []


Underfull \vbox (badness 1968) has occurred while \output is active []

 [66]

LaTeX Warning: Reference `0' on page 67 undefined on input line 116.


Underfull \hbox (badness 1057) in paragraph at lines 116--139
\TU/FreeSerif(0)/m/n/14.4 pois, agora ca-mi-nho de três dias pelo
 []


Underfull \vbox (badness 10000) has occurred while \output is active []

 [67]

LaTeX Warning: Reference `0' on page 68 undefined on input line 142.


Underfull \vbox (badness 10000) has occurred while \output is active []

 [68]

LaTeX Warning: Reference `0' on page 69 undefined on input line 175.


Underfull \vbox (badness 10000) has occurred while \output is active []

 [69]

LaTeX Warning: Reference `0' on page 70 undefined on input line 203.


Underfull \hbox (badness 3209) in paragraph at lines 203--235
\TU/FreeSerif(0)/m/n/14.4 à pre-sença de Fa-raó, e dize-lhe: “  []O
 []


Underfull \hbox (badness 1082) in paragraph at lines 203--235
\TU/FreeSerif(0)/m/n/14.4 ir, para que me sir-vam. [][] []E se não o
 []


Underfull \vbox (badness 10000) has occurred while \output is active []


Underfull \vbox (badness 10000) has occurred while \output is active []

 [70]
Underfull \vbox (badness 10000) has occurred while \output is active []



LaTeX Warning: Reference `0' on page 71 undefined on input line 238.

[71]
Underfull \vbox (badness 10000) has occurred while \output is active []


Underfull \vbox (badness 10000) has occurred while \output is active []

 [72]

LaTeX Warning: Reference `0' on page 73 undefined on input line 276.


Underfull \hbox (badness 2680) in paragraph at lines 276--305
[][] []\TU/FreeSerif(0)/m/n/14.4 E o SE-NHOR disse a Moi-sés: []Vai
 []


Underfull \hbox (badness 2653) in paragraph at lines 276--305
\TU/FreeSerif(0)/m/n/14.4 nem um ga-fa-nhoto res-tou ao todo o
 []


Underfull \hbox (badness 1303) in paragraph at lines 276--305
\TU/FreeSerif(0)/m/n/14.4 en-du-re-ceu o co-ra-ção de Fa-raó; e não
 []


Underfull \hbox (badness 1147) in paragraph at lines 276--305
\TU/FreeSerif(0)/m/n/14.4 nin-guém se le-van-tou de seu lu-gar em
 []


Underfull \vbox (badness 10000) has occurred while \output is active []

 [73]
Underfull \vbox (badness 10000) has occurred while \output is active []



LaTeX Warning: Reference `0' on page 74 undefined on input line 308.


Underfull \hbox (badness 1173) in paragraph at lines 308--318
\TU/FreeSerif(0)/m/n/14.4 do Egito, qual nunca foi, nem ja-mais
 []

[74]

LaTeX Warning: Reference `0' on page 75 undefined on input line 321.


Underfull \hbox (badness 1067) in paragraph at lines 321--372
\TU/FreeSerif(0)/m/n/14.4 o co-me-rão. [][] []Nenhuma coisa co-me-reis
 []


Underfull \hbox (badness 1178) in paragraph at lines 321--372
\TU/FreeSerif(0)/m/n/14.4 uma ba-cia, e un-tai a verga e os dois
 []


Underfull \hbox (badness 3514) in paragraph at lines 321--372
\TU/FreeSerif(0)/m/n/14.4 apres-sa-vam ao povo, dando pressa a
 []


Underfull \hbox (badness 1509) in paragraph at lines 321--372
\TU/FreeSerif(0)/m/n/14.4 o fi-ze-ram. [][] []E na-quele mesmo dia o
 []


Underfull \vbox (badness 1968) has occurred while \output is active []

 [75]
Underfull \vbox (badness 10000) has occurred while \output is active []


Underfull \vbox (badness 10000) has occurred while \output is active []

 [76]
Underfull \vbox (badness 10000) has occurred while \output is active []



LaTeX Warning: Reference `0' on page 77 undefined on input line 375.


Underfull \hbox (badness 2229) in paragraph at lines 375--397
\TU/FreeSerif(0)/m/n/14.4 tua mão, e por uma me-mó-ria di-ante
 []


Underfull \hbox (badness 2547) in paragraph at lines 375--397
[]\TU/FreeSerif(0)/m/n/14.4 Que tal-vez não se ar-re-penda o povo
 []


Underfull \hbox (badness 2951) in paragraph at lines 375--397
\TU/FreeSerif(0)/m/n/14.4 Egito[]: [][] []Mas fez Deus ao povo que
 []

[77]
Underfull \vbox (badness 10000) has occurred while \output is active []



LaTeX Warning: Reference `0' on page 78 undefined on input line 400.


Underfull \hbox (badness 1997) in paragraph at lines 400--431
\TU/FreeSerif(0)/m/n/14.4 de Pi-Hairote, en-tre Mig-dol e o mar
 []


Underfull \hbox (badness 1275) in paragraph at lines 400--431
\TU/FreeSerif(0)/m/n/14.4 de Is-rael le-van-ta-ram seus olhos, e eis
 []


Underfull \hbox (badness 1527) in paragraph at lines 400--431
\TU/FreeSerif(0)/m/n/14.4 e tor-nou o mar em seco, e as águas
 []

[78]
Underfull \vbox (badness 10000) has occurred while \output is active []


Underfull \vbox (badness 10000) has occurred while \output is active []

 [79]

LaTeX Warning: Reference `0' on page 80 undefined on input line 434.


Underfull \hbox (badness 2922) in paragraph at lines 434--461
[]\TU/FreeSerif(0)/m/n/14.4 Can-ta-rei eu ao SE-NHOR, por-que se
 []


Underfull \hbox (badness 2626) in paragraph at lines 434--461
\TU/FreeSerif(0)/m/n/14.4 por sal-va-ção: Este é meu Deus, e a
 []


Underfull \hbox (badness 2088) in paragraph at lines 434--461
[]\TU/FreeSerif(0)/m/n/14.4 Os car-ros de Fa-raó e a seu exér-cito
 []


Underfull \hbox (badness 1540) in paragraph at lines 434--461
\TU/FreeSerif(0)/m/n/14.4 fo-ram afun-da-dos no mar Ver-me-lho. [][]
 []


Underfull \hbox (badness 1708) in paragraph at lines 434--461
\TU/FreeSerif(0)/m/n/14.4 cobriu-os o mar: Afundaram-se como
 []


Underfull \hbox (badness 1783) in paragraph at lines 434--461
\TU/FreeSerif(0)/m/n/14.4 como tu, SE-NHOR, en-tre os deu-ses?
 []


Underfull \hbox (badness 1371) in paragraph at lines 434--461
\TU/FreeSerif(0)/m/n/14.4 ó SE-NHOR; No san-tu-á-rio do Se-nhor,
 []


Underfull \hbox (badness 1048) in paragraph at lines 434--461
[][] []\TU/FreeSerif(0)/m/n/14.4 E fez Moi-sés que par-tisse Is-rael do
 []


Underfull \hbox (badness 1558) in paragraph at lines 434--461
\TU/FreeSerif(0)/m/n/14.4 quando a me-teu den-tro das águas, as
 []


Underfull \vbox (badness 6284) has occurred while \output is active []

 [80]

LaTeX Warning: Reference `0' on page 81 undefined on input line 464.


Underfull \hbox (badness 2205) in paragraph at lines 464--500
\TU/FreeSerif(0)/m/n/14.4 de-pois que sa-í-ram da terra do Egito.
 []


Underfull \hbox (badness 1715) in paragraph at lines 464--500
[][] []\TU/FreeSerif(0)/m/n/14.4 E toda a con-gre-ga-ção dos fi-lhos de
 []


Underfull \hbox (badness 3439) in paragraph at lines 464--500
\TU/FreeSerif(0)/m/n/14.4 com que mur-mu-rais con-tra ele; pois
 []


Underfull \hbox (badness 1210) in paragraph at lines 464--500
\TU/FreeSerif(0)/m/n/14.4 do-bro, dois gô-me-res para cada um; e
 []


Underfull \hbox (badness 2020) in paragraph at lines 464--500
\TU/FreeSerif(0)/m/n/14.4 lhes disse: []Isto é o que o SE-NHOR
 []


Underfull \hbox (badness 1546) in paragraph at lines 464--500
\TU/FreeSerif(0)/m/n/14.4 disse: “  []Ama-nhã é o re-pouso, o santo
 []


Underfull \vbox (badness 6284) has occurred while \output is active []

 [81]
Underfull \vbox (badness 10000) has occurred while \output is active []



LaTeX Warning: Reference `0' on page 82 undefined on input line 503.


Underfull \hbox (badness 1762) in paragraph at lines 503--519
[][] []\TU/FreeSerif(0)/m/n/14.4 E toda a con-gre-ga-ção dos fi-lhos de
 []


Underfull \hbox (badness 1253) in paragraph at lines 503--519
\TU/FreeSerif(0)/m/n/14.4 con-tigo dos an-ci-ãos de Is-rael; e toma
 []

[82]
Underfull \vbox (badness 10000) has occurred while \output is active []



LaTeX Warning: Reference `0' on page 83 undefined on input line 522.


Underfull \hbox (badness 1286) in paragraph at lines 522--549
\TU/FreeSerif(0)/m/n/14.4 mu-lher, e seus dois fi-lhos com ela[]. [][]
 []

[83]
Underfull \vbox (badness 10000) has occurred while \output is active []



LaTeX Warning: Reference `0' on page 84 undefined on input line 552.


Underfull \hbox (badness 1983) in paragraph at lines 552--577
\TU/FreeSerif(0)/m/n/14.4 termo ao povo em der-re-dor, di-zendo:
 []


Underfull \hbox (badness 1237) in paragraph at lines 552--577
\TU/FreeSerif(0)/m/n/14.4 faça ne-les dano[]. [][] []E Moi-sés disse ao
 []

[84]
Underfull \vbox (badness 10000) has occurred while \output is active []



LaTeX Warning: Reference `0' on page 85 undefined on input line 580.


Underfull \hbox (badness 6526) in paragraph at lines 580--606
[][] []\TU/FreeSerif(0)/m/n/14.4 E fa-lou Deus to-das es-tas pa-la-vras,
 []


Underfull \hbox (badness 1490) in paragraph at lines 580--606
\TU/FreeSerif(0)/m/n/14.4 so-bre os ter-cei-ros e so-bre os quar-tos,
 []


Underfull \hbox (badness 2042) in paragraph at lines 580--606
\TU/FreeSerif(0)/m/n/14.4 aos que me abor-re-cem, [][] []E que faço
 []


Underfull \hbox (badness 1231) in paragraph at lines 580--606
\TU/FreeSerif(0)/m/n/14.4 mi-se-ri-cór-dia em mi-lha-res aos que me
 []

[85]
Underfull \vbox (badness 10000) has occurred while \output is active []



LaTeX Warning: Reference `0' on page 86 undefined on input line 609.


Underfull \hbox (badness 2486) in paragraph at lines 609--645
[][] [][]\TU/FreeSerif(0)/m/n/14.4 E es-tas são as or-de-nan-ças que lhes
 []

[86]
Underfull \vbox (badness 10000) has occurred while \output is active []



LaTeX Warning: Reference `0' on page 87 undefined on input line 648.

[87]
Underfull \vbox (badness 10000) has occurred while \output is active []


Underfull \vbox (badness 10000) has occurred while \output is active []

 [88]

LaTeX Warning: Reference `0' on page 89 undefined on input line 682.


Underfull \hbox (badness 1622) in paragraph at lines 682--715
\TU/FreeSerif(0)/m/n/14.4 cúm-plice com o ím-pio para ser falsa
 []


Underfull \hbox (badness 2970) in paragraph at lines 682--715
\TU/FreeSerif(0)/m/n/14.4 para mal fa-zer; nem res-pon-de-rás em
 []


Underfull \hbox (badness 1661) in paragraph at lines 682--715
\TU/FreeSerif(0)/m/n/14.4 fru-tos de teus tra-ba-lhos que hou-ve-res
 []


Underfull \hbox (badness 1062) in paragraph at lines 682--715
\TU/FreeSerif(0)/m/n/14.4 e aos pe-ri-zeus, e aos ca-na-neus, e aos
 []


Underfull \vbox (badness 10000) has occurred while \output is active []

 [89]

LaTeX Warning: Reference `0' on page 90 undefined on input line 718.


Underfull \vbox (badness 10000) has occurred while \output is active []

 [90]

LaTeX Warning: Reference `0' on page 91 undefined on input line 739.


Underfull \hbox (badness 1540) in paragraph at lines 739--779
\TU/FreeSerif(0)/m/n/14.4 mi-nha oferta. [][] []E esta é a oferta que
 []


Underfull \hbox (badness 1028) in paragraph at lines 739--779
\TU/FreeSerif(0)/m/n/14.4 e na arca po-rás o tes-te-mu-nho que eu
 []


Underfull \vbox (badness 10000) has occurred while \output is active []

 [91]

LaTeX Warning: Reference `0' on page 92 undefined on input line 782.


Underfull \hbox (badness 2781) in paragraph at lines 782--819
\TU/FreeSerif(0)/m/n/14.4 con-tra-pos-tas a uma à ou-tra.[][][][][] [][] []Far
ás
 []


Underfull \hbox (badness 1590) in paragraph at lines 782--819
\TU/FreeSerif(0)/m/n/14.4 cor-tina di-ante da face do ta-ber-ná-culo.
 []


Underfull \hbox (badness 1259) in paragraph at lines 782--819
\TU/FreeSerif(0)/m/n/14.4 de ouro. [][] []E le-van-ta-rás o ta-ber-ná-culo
 []


Underfull \hbox (badness 1102) in paragraph at lines 782--819
\TU/FreeSerif(0)/m/n/14.4 será feito de pri-mo-roso tra-ba-lho, com
 []


Underfull \vbox (badness 10000) has occurred while \output is active []


Underfull \vbox (badness 1009) has occurred while \output is active []

 [92]
Underfull \vbox (badness 10000) has occurred while \output is active []



LaTeX Warning: Reference `0' on page 93 undefined on input line 822.

[93]
Underfull \vbox (badness 10000) has occurred while \output is active []



LaTeX Warning: Reference `0' on page 94 undefined on input line 846.


Underfull \hbox (badness 2717) in paragraph at lines 846--889
\TU/FreeSerif(0)/m/n/14.4 fi-lhos de Arão. [][] []E fa-rás ves-ti-men-tas
 []


Underfull \hbox (badness 1033) in paragraph at lines 846--889
\TU/FreeSerif(0)/m/n/14.4 aos fi-lhos de Is-rael; e Arão le-vará os
 []

[94]
Underfull \vbox (badness 10000) has occurred while \output is active []


Underfull \vbox (badness 10000) has occurred while \output is active []

 [95]
Underfull \vbox (badness 10000) has occurred while \output is active []



LaTeX Warning: Reference `0' on page 96 undefined on input line 892.


Underfull \hbox (badness 1472) in paragraph at lines 892--938
\TU/FreeSerif(0)/m/n/14.4 ma-ta-rás o car-neiro, e to-ma-rás de seu
 []


Underfull \hbox (badness 1412) in paragraph at lines 892--938
\TU/FreeSerif(0)/m/n/14.4 o san-gue so-bre o al-tar ao re-dor. [][] []E
 []


Underfull \hbox (badness 1215) in paragraph at lines 892--938
\TU/FreeSerif(0)/m/n/14.4 oferta acesa ao SE-NHOR. [][] []Isto será
 []


Underfull \hbox (badness 1117) in paragraph at lines 892--938
\TU/FreeSerif(0)/m/n/14.4 do SE-NHOR, no qual me en-con-tra-rei
 []


Underfull \hbox (badness 4556) in paragraph at lines 892--938
\TU/FreeSerif(0)/m/n/14.4 con-vosco, para falar-vos ali. [][] []E ali
 []


Underfull \hbox (badness 1122) in paragraph at lines 892--938
\TU/FreeSerif(0)/m/n/14.4 e o lu-gar será san-ti-fi-cado com mi-nha
 []

[96]
Underfull \vbox (badness 10000) has occurred while \output is active []


Underfull \vbox (badness 10000) has occurred while \output is active []

 [97]
Underfull \vbox (badness 10000) has occurred while \output is active []



LaTeX Warning: Reference `0' on page 98 undefined on input line 941.


Underfull \hbox (badness 1014) in paragraph at lines 941--979
\TU/FreeSerif(0)/m/n/14.4 ao anoi-te-cer, quei-mará o in-censo: rito
 []


Underfull \hbox (badness 1590) in paragraph at lines 941--979
\TU/FreeSerif(0)/m/n/14.4 SE-NHOR. [][] []Qualquer um que pas-sar
 []


Underfull \hbox (badness 1755) in paragraph at lines 941--979
\TU/FreeSerif(0)/m/n/14.4 a oferta ao SE-NHOR. [][] []Nem o rico
 []


Underfull \hbox (badness 1210) in paragraph at lines 941--979
[][] []\TU/FreeSerif(0)/m/n/14.4 E de cás-sia qui-nhen-tos, ao peso do
 []


Underfull \hbox (badness 1533) in paragraph at lines 941--979
\TU/FreeSerif(0)/m/n/14.4 ida-des. [][] []Sobre carne de ho-mem não
 []


Underfull \hbox (badness 1028) in paragraph at lines 941--979
\TU/FreeSerif(0)/m/n/14.4 al-guma dela pulverizando-a, e a po-rás
 []

[98]
Underfull \vbox (badness 10000) has occurred while \output is active []



LaTeX Warning: Reference `0' on page 99 undefined on input line 982.


Underfull \vbox (badness 10000) has occurred while \output is active []

 [99]
Underfull \hbox (badness 1147) in paragraph at lines 982--1000
\TU/FreeSerif(0)/m/n/14.4 a Moi-sés, di-zendo: [][] [][]E tu fa-la-rás aos
 []


Underfull \hbox (badness 1845) in paragraph at lines 982--1000
\TU/FreeSerif(0)/m/n/14.4 sá-bado, por-que santo é a vós: o que
 []


LaTeX Warning: Reference `0' on page 100 undefined on input line 1003.


Underfull \hbox (badness 1796) in paragraph at lines 1003--1038
\TU/FreeSerif(0)/m/n/14.4 do mal de teu povo. [][] []Lembra-te de
 []


Underfull \hbox (badness 1681) in paragraph at lines 1003--1038
\TU/FreeSerif(0)/m/n/14.4 por he-rança para sem-pre[]”[]. [][] []Então o
 []


Underfull \hbox (badness 1127) in paragraph at lines 1003--1038
\TU/FreeSerif(0)/m/n/14.4 so-bre as tá-buas. [][] []E ou-vindo Jo-sué o
 []


Underfull \hbox (badness 3108) in paragraph at lines 1003--1038
\TU/FreeSerif(0)/m/n/14.4 per-does agora seu pe-cado, e se não,
 []

[100]
Underfull \vbox (badness 10000) has occurred while \output is active []


Underfull \vbox (badness 10000) has occurred while \output is active []

 [101]

LaTeX Warning: Reference `0' on page 102 undefined on input line 1041.


Underfull \hbox (badness 1546) in paragraph at lines 1041--1064
\TU/FreeSerif(0)/m/n/14.4 ves-ti-ram luto, e nin-guém se pôs seus
 []


Underfull \hbox (badness 6725) in paragraph at lines 1041--1064
\TU/FreeSerif(0)/m/n/14.4 de seus or-na-men-tos desde o monte
 []


Underfull \hbox (badness 5519) in paragraph at lines 1041--1064
\TU/FreeSerif(0)/m/n/14.4 do Tes-te-mu-nho. E foi que qual-quer
 []


Underfull \vbox (badness 10000) has occurred while \output is active []

 [102]

LaTeX Warning: Reference `0' on page 103 undefined on input line 1067.


Underfull \hbox (badness 4954) in paragraph at lines 1067--1102
\TU/FreeSerif(0)/m/n/14.4 para ti duas tá-buas de pe-dra como
 []


Underfull \hbox (badness 1859) in paragraph at lines 1067--1102
\TU/FreeSerif(0)/m/n/14.4 as pri-mei-ras, e es-cre-ve-rei so-bre es-sas
 []


Underfull \hbox (badness 1412) in paragraph at lines 1067--1102
\TU/FreeSerif(0)/m/n/14.4 da festa da pás-coa. [][] []A pri-mí-cia dos
 []


Underfull \hbox (badness 1033) in paragraph at lines 1067--1102
\TU/FreeSerif(0)/m/n/14.4 o ca-brito no leite de sua mãe[]. [][] []E o
 []


Underfull \vbox (badness 10000) has occurred while \output is active []

 [103]
Underfull \vbox (badness 10000) has occurred while \output is active []


Underfull \vbox (badness 10000) has occurred while \output is active []

 [104]

LaTeX Warning: Reference `0' on page 105 undefined on input line 1105.


Underfull \hbox (badness 1331) in paragraph at lines 1105--1140
\TU/FreeSerif(0)/m/n/14.4 fi-nos, e ma-deira de acá-cia; [][] []E azeite
 []


Underfull \hbox (badness 1112) in paragraph at lines 1105--1140
\TU/FreeSerif(0)/m/n/14.4 ves-ti-men-tas. [][] []E vi-e-ram tanto ho-mens
 []


Underfull \hbox (badness 1097) in paragraph at lines 1105--1140
\TU/FreeSerif(0)/m/n/14.4 e todo o que se achava com ma-deira
 []


Underfull \vbox (badness 10000) has occurred while \output is active []

 [105]

LaTeX Warning: Reference `0' on page 106 undefined on input line 1143.


Underfull \hbox (badness 1436) in paragraph at lines 1143--1181
[][] []\TU/FreeSerif(0)/m/n/14.4 Fez, pois, Be-za-lel e Ao-li-abe, e todo
 []


Underfull \hbox (badness 2894) in paragraph at lines 1143--1181
\TU/FreeSerif(0)/m/n/14.4 ho-mem sá-bio de co-ra-ção, a quem o
 []


Underfull \hbox (badness 1521) in paragraph at lines 1143--1181
\TU/FreeSerif(0)/m/n/14.4 obra que fa-zia. [][] []E fa-la-ram a Moi-sés,
 []


Underfull \hbox (badness 1005) in paragraph at lines 1143--1181
\TU/FreeSerif(0)/m/n/14.4 obra que o SE-NHOR man-dou que se
 []


Underfull \hbox (badness 1946) in paragraph at lines 1143--1181
\TU/FreeSerif(0)/m/n/14.4 to-das as cor-ti-nas ti-nham uma mesma
 []


Underfull \hbox (badness 1038) in paragraph at lines 1143--1181
\TU/FreeSerif(0)/m/n/14.4 com os quais jun-tou as cor-ti-nas, uma
 []


Underfull \hbox (badness 1253) in paragraph at lines 1143--1181
\TU/FreeSerif(0)/m/n/14.4 de uma cor-tina era de trinta cô-va-dos,
 []


Underfull \hbox (badness 1303) in paragraph at lines 1143--1181
\TU/FreeSerif(0)/m/n/14.4 e ou-tras cin-quenta la-ça-das na orla da
 []


Underfull \hbox (badness 1168) in paragraph at lines 1143--1181
\TU/FreeSerif(0)/m/n/14.4 tá-buas do ta-ber-ná-culo. [][] []Fez, pois, as
 []


Underfull \vbox (badness 10000) has occurred while \output is active []

 [106]
Underfull \vbox (badness 10000) has occurred while \output is active []



LaTeX Warning: Reference `0' on page 107 undefined on input line 1184.


Underfull \hbox (badness 1609) in paragraph at lines 1184--1213
\TU/FreeSerif(0)/m/n/14.4 que-ru-bim desta parte ao um ex-tremo,
 []

[107]
Underfull \vbox (badness 10000) has occurred while \output is active []


Underfull \vbox (badness 10000) has occurred while \output is active []

 [108]

LaTeX Warning: Reference `0' on page 109 undefined on input line 1216.


Underfull \vbox (badness 10000) has occurred while \output is active []

 [109]

LaTeX Warning: Reference `0' on page 110 undefined on input line 1250.


Underfull \hbox (badness 1990) in paragraph at lines 1250--1293
\TU/FreeSerif(0)/m/n/14.4 e li-nho tor-cido; como o SE-NHOR o
 []


Underfull \hbox (badness 1087) in paragraph at lines 1250--1293
\TU/FreeSerif(0)/m/n/14.4 manter-se em or-dem, e to-dos os seus
 []


Underfull \hbox (badness 1014) in paragraph at lines 1250--1293
\TU/FreeSerif(0)/m/n/14.4 com sua gre-lha de bronze, suas va-ras,
 []


Underfull \hbox (badness 1325) in paragraph at lines 1250--1293
\TU/FreeSerif(0)/m/n/14.4 e to-dos os seus uten-sí-lios; e a pia, e
 []


Underfull \vbox (badness 10000) has occurred while \output is active []

 [110]
Underfull \vbox (badness 10000) has occurred while \output is active []



LaTeX Warning: Reference `0' on page 111 undefined on input line 1296.


Underfull \hbox (badness 1688) in paragraph at lines 1296--1333
\TU/FreeSerif(0)/m/n/14.4 tes-te-mu-nho: [][] []E po-rás nele a arca do
 []


Underfull \hbox (badness 4193) in paragraph at lines 1296--1333
\TU/FreeSerif(0)/m/n/14.4 suas lâm-pa-das: [][] []E po-rás o al-tar de
 []


Underfull \hbox (badness 1184) in paragraph at lines 1296--1333
\TU/FreeSerif(0)/m/n/14.4 e as-sen-tou suas ba-ses, e co-lo-cou suas
 []


Underfull \hbox (badness 1142) in paragraph at lines 1296--1333
\TU/FreeSerif(0)/m/n/14.4 di-ante do véu: [][] []E acen-deu so-bre ele
 []


Underfull \hbox (badness 1337) in paragraph at lines 1296--1333
\TU/FreeSerif(0)/m/n/14.4 fi-lhos la-va-vam nela suas mãos e seus
 []


Underfull \hbox (badness 1281) in paragraph at lines 1296--1333
\TU/FreeSerif(0)/m/n/14.4 o átrio em der-re-dor do ta-ber-ná-culo e
 []


Underfull \hbox (badness 1152) in paragraph at lines 1296--1333
\TU/FreeSerif(0)/m/n/14.4 do al-tar, e pôs a cor-tina da porta do
 []


Underfull \vbox (badness 10000) has occurred while \output is active []

 [111]
Underfull \vbox (badness 10000) has occurred while \output is active []


Underfull \vbox (badness 10000) has occurred while \output is active []

 [112])
("./source/AT/03 - LEV_src.tex"
[leftcolumn badness]: 1000000 on 13.97514pt
[rightcolumn badness]: 1000000 on 13.97514pt
[leftcolumn badness]: 1000000 on 13.97514pt
[rightcolumn badness]: 1000000 on 13.97514pt
[leftcolumn badness]: 1000000 on 13.97514pt
[rightcolumn badness]: 1000000 on 13.97514pt
[leftcolumn badness]: 1000000 on 13.97514pt
[rightcolumn badness]: 1000000 on 13.97514pt
[leftcolumn badness]: 1000000 on 13.97514pt
[rightcolumn badness]: 1000000 on 13.97514pt
[leftcolumn badness]: 1000000 on 13.97514pt
[rightcolumn badness]: 1000000 on 13.97514pt
- LAST -
Extra skip:20.23915pt
Left:165.8995pt/3.1392pt
Right:148.79956pt/0.0pt
Split: 165.8995pt
Output:165.8995pt
Pageshrink: 0.0pt
Pagestretch: 0.0pt
@colht:660.06499pt
FLUSHEND [output]: 165.8995pt
FLUSHEND [leftcolumn badness]: 0
FUSHEND [rightcolumn badness]: 10000
 [113]
Underfull \hbox (badness 1990) in paragraph at lines 6--23
[][] []\TU/FreeSerif(0)/m/n/14.4 E cha-mou o SE-NHOR a Moi-sés, e
 []


LaTeX Warning: Reference `0' on page 114 undefined on input line 26.


Underfull \hbox (badness 1062) in paragraph at lines 26--44
\TU/FreeSerif(0)/m/n/14.4 ofer-tas que se quei-mam ao SE-NHOR.
 []


Underfull \hbox (badness 1796) in paragraph at lines 26--44
[][] []\TU/FreeSerif(0)/m/n/14.4 Nenhuma oferta que ofe-re-cer-des ao
 []


Underfull \hbox (badness 1859) in paragraph at lines 26--44
\TU/FreeSerif(0)/m/n/14.4 de ali-men-tos o sal da ali-ança de teu
 []

[114


]
Underfull \vbox (badness 10000) has occurred while \output is active []



LaTeX Warning: Reference `0' on page 115 undefined on input line 47.


Underfull \hbox (badness 3417) in paragraph at lines 47--64
\TU/FreeSerif(0)/m/n/14.4 sa-cri-fí-cio pa-cí-fico ao SE-NHOR, seja
 []


Underfull \hbox (badness 1365) in paragraph at lines 47--64
\TU/FreeSerif(0)/m/n/14.4 dela sua oferta acesa ao SE-NHOR; a
 []

[115]

LaTeX Warning: Reference `0' on page 116 undefined on input line 67.


Underfull \hbox (badness 1275) in paragraph at lines 67--102
\TU/FreeSerif(0)/m/n/14.4 al-guma pes-soa pe-car por aci-dente em
 []


Underfull \hbox (badness 1484) in paragraph at lines 67--102
\TU/FreeSerif(0)/m/n/14.4 di-ante do SE-NHOR, e porá sua mão
 []


Underfull \hbox (badness 2913) in paragraph at lines 67--102
\TU/FreeSerif(0)/m/n/14.4 di-ante do SE-NHOR. [][] []E o sa-cer-dote
 []


Underfull \hbox (badness 2103) in paragraph at lines 67--102
\TU/FreeSerif(0)/m/n/14.4 so-bre a ca-beça do be-zerro di-ante do
 []


Underfull \hbox (badness 1173) in paragraph at lines 67--102
\TU/FreeSerif(0)/m/n/14.4 as pon-tas do al-tar que está di-ante do
 []


Underfull \hbox (badness 1430) in paragraph at lines 67--102
\TU/FreeSerif(0)/m/n/14.4 e der-ra-mará todo o san-gue ao pé do
 []


Underfull \hbox (badness 1540) in paragraph at lines 67--102
\TU/FreeSerif(0)/m/n/14.4 o al-tar, como a gor-dura do sa-cri-fí-cio
 []


Underfull \vbox (badness 10000) has occurred while \output is active []

 [116]
Underfull \vbox (badness 10000) has occurred while \output is active []



LaTeX Warning: Reference `0' on page 117 undefined on input line 105.


Underfull \hbox (badness 1769) in paragraph at lines 105--124
[][] [][]\TU/FreeSerif(0)/m/n/14.4 E quando al-guma pes-soa pe-car, que
 []


Underfull \hbox (badness 1270) in paragraph at lines 105--124
\TU/FreeSerif(0)/m/n/14.4 hou-ver ou-vido a voz do que ju-rou, e
 []


Underfull \hbox (badness 2393) in paragraph at lines 105--124
\TU/FreeSerif(0)/m/n/14.4 trans-gre-dido: [][] []Ou se to-car a ho-mem
 []


Underfull \hbox (badness 5711) in paragraph at lines 105--124
\TU/FreeSerif(0)/m/n/14.4 a pes-soa que ju-rar pre-ci-pi-ta-da-mente
 []


Underfull \hbox (badness 1199) in paragraph at lines 105--124
\TU/FreeSerif(0)/m/n/14.4 a pa-rede do al-tar; e o que so-brar do
 []


Underfull \hbox (badness 1199) in paragraph at lines 105--124
\TU/FreeSerif(0)/m/n/14.4 coi-sas san-ti-fi-ca-das ao SE-NHOR, trará
 []


Underfull \hbox (badness 1038) in paragraph at lines 105--124
\TU/FreeSerif(0)/m/n/14.4 san-tu-á-rio, em oferta pelo pe-cado; [][] []E
 []

[117]
Underfull \vbox (badness 10000) has occurred while \output is active []


Underfull \vbox (badness 10000) has occurred while \output is active []

 [118]

LaTeX Warning: Reference `0' on page 119 undefined on input line 127.


Underfull \hbox (badness 5036) in paragraph at lines 127--157
[][] [][]\TU/FreeSerif(0)/m/n/14.4 Quando uma pes-soa pe-car, e fi-zer
 []


Underfull \hbox (badness 1189) in paragraph at lines 127--157
\TU/FreeSerif(0)/m/n/14.4 acen-di-das; é coisa san-tís-sima, como a
 []


Underfull \hbox (badness 1184) in paragraph at lines 127--157
\TU/FreeSerif(0)/m/n/14.4 so-bre que cair, no lu-gar santo. [][] []E a
 []


Underfull \vbox (badness 10000) has occurred while \output is active []

 [119]

LaTeX Warning: Reference `0' on page 120 undefined on input line 160.


Underfull \hbox (badness 3049) in paragraph at lines 160--198
[][] [][]\TU/FreeSerif(0)/m/n/14.4 As-sim esta é a lei da ex-pi-a-ção da
 []


Underfull \hbox (badness 2245) in paragraph at lines 160--198
\TU/FreeSerif(0)/m/n/14.4 ofe-re-cerá sua oferta no seu sa-cri-fí-cio
 []


Underfull \vbox (badness 10000) has occurred while \output is active []

 [120]
Underfull \vbox (badness 10000) has occurred while \output is active []



LaTeX Warning: Reference `0' on page 121 undefined on input line 201.


Underfull \hbox (badness 3989) in paragraph at lines 201--237
\TU/FreeSerif(0)/m/n/14.4 e o be-zerro da ex-pi-a-ção, e os dois
 []


Underfull \hbox (badness 1132) in paragraph at lines 201--237
\TU/FreeSerif(0)/m/n/14.4 e juntou-se a con-gre-ga-ção à porta do
 []


Underfull \hbox (badness 4144) in paragraph at lines 201--237
\TU/FreeSerif(0)/m/n/14.4 ta-ber-ná-culo do tes-te-mu-nho. [][] []E disse
 []


Underfull \hbox (badness 1540) in paragraph at lines 201--237
\TU/FreeSerif(0)/m/n/14.4 Moi-sés todo o car-neiro so-bre o al-tar:
 []

[121]
Underfull \vbox (badness 10000) has occurred while \output is active []


Underfull \vbox (badness 10000) has occurred while \output is active []

 [122]

LaTeX Warning: Reference `0' on page 123 undefined on input line 240.


Underfull \hbox (badness 1199) in paragraph at lines 240--264
\TU/FreeSerif(0)/m/n/14.4 um bode ma-cho para ex-pi-a-ção, e um
 []


Underfull \hbox (badness 2020) in paragraph at lines 240--264
\TU/FreeSerif(0)/m/n/14.4 para ho-lo-causto; [][] []Também um boi e
 []


Underfull \vbox (badness 10000) has occurred while \output is active []


Underfull \vbox (badness 10000) has occurred while \output is active []

 [123]

LaTeX Warning: Reference `0' on page 124 undefined on input line 267.


Underfull \hbox (badness 5133) in paragraph at lines 267--287
\TU/FreeSerif(0)/m/n/14.4 to-ma-ram cada um seu in-cen-sá-rio, e
 []


Underfull \hbox (badness 1688) in paragraph at lines 267--287
[][] []\TU/FreeSerif(0)/m/n/14.4 E saiu fogo de di-ante do SE-NHOR
 []


Underfull \hbox (badness 2556) in paragraph at lines 267--287
\TU/FreeSerif(0)/m/n/14.4 E Arão ca-lou. [][] []E cha-mou Moi-sés a
 []


Underfull \vbox (badness 10000) has occurred while \output is active []


Underfull \vbox (badness 10000) has occurred while \output is active []

 [124]
Underfull \vbox (badness 10000) has occurred while \output is active []



LaTeX Warning: Reference `0' on page 125 undefined on input line 290.


Underfull \hbox (badness 3039) in paragraph at lines 290--337
[][] []\TU/FreeSerif(0)/m/n/14.4 E fa-lou o SE-NHOR a Moi-sés e a
 []


Underfull \hbox (badness 1400) in paragraph at lines 290--337
\TU/FreeSerif(0)/m/n/14.4 Is-rael, di-zendo: “  []Es-tes são os ani-mais
 []


Underfull \hbox (badness 1603) in paragraph at lines 290--337
[][] []\TU/FreeSerif(0)/m/n/14.4 Estes, po-rém, não co-me-reis dos que
 []


Underfull \hbox (badness 1242) in paragraph at lines 290--337
\TU/FreeSerif(0)/m/n/14.4 de todo rép-til de água como de toda
 []


Underfull \hbox (badness 1348) in paragraph at lines 290--337
\TU/FreeSerif(0)/m/n/14.4 sua es-pé-cie, e a poupa, e o mor-cego.
 []

[125]
Underfull \vbox (badness 10000) has occurred while \output is active []


Underfull \vbox (badness 10000) has occurred while \output is active []

 [126]

LaTeX Warning: Reference `0' on page 127 undefined on input line 340.


Underfull \hbox (badness 5504) in paragraph at lines 340--348
\TU/FreeSerif(0)/m/n/14.4 a carne de seu pre-pú-cio. [][] []Mas ela
 []


LaTeX Warning: Reference `0' on page 127 undefined on input line 351.


Underfull \hbox (badness 1990) in paragraph at lines 351--410
\TU/FreeSerif(0)/m/n/14.4 de sua carne in-chaço, ou pús-tula, ou
 []


Underfull \hbox (badness 1102) in paragraph at lines 351--410
\TU/FreeSerif(0)/m/n/14.4 branca aver-me-lhada, será mos-trado ao
 []

[127]
Underfull \vbox (badness 10000) has occurred while \output is active []


Underfull \vbox (badness 10000) has occurred while \output is active []

 [128]
Underfull \vbox (badness 10000) has occurred while \output is active []


Underfull \vbox (badness 10000) has occurred while \output is active []

 [129]

LaTeX Warning: Reference `0' on page 130 undefined on input line 413.


Underfull \hbox (badness 1147) in paragraph at lines 413--472
\TU/FreeSerif(0)/m/n/14.4 de sua im-pu-reza, e de-pois de-go-lará o
 []


Underfull \hbox (badness 1019) in paragraph at lines 413--472
\TU/FreeSerif(0)/m/n/14.4 trará ao oi-tavo dia de sua pu-ri-fi-ca-ção
 []


Underfull \vbox (badness 10000) has occurred while \output is active []

 [130]
Underfull \vbox (badness 10000) has occurred while \output is active []


Underfull \vbox (badness 10000) has occurred while \output is active []

 [131]
Underfull \vbox (badness 10000) has occurred while \output is active []



LaTeX Warning: Reference `0' on page 132 undefined on input line 475.

[132]
Underfull \vbox (badness 10000) has occurred while \output is active []


Underfull \vbox (badness 10000) has occurred while \output is active []

 [133]

LaTeX Warning: Reference `0' on page 134 undefined on input line 511.


Underfull \hbox (badness 1043) in paragraph at lines 511--545
\TU/FreeSerif(0)/m/n/14.4 di-ante do pro-pi-ci-a-tó-rio que está so-bre
 []


Underfull \hbox (badness 1097) in paragraph at lines 511--545
\TU/FreeSerif(0)/m/n/14.4 por si e por sua casa, e de-go-lará em
 []


Underfull \hbox (badness 1742) in paragraph at lines 511--545
\TU/FreeSerif(0)/m/n/14.4 as ves-ti-men-tas de li-nho, as ves-ti-du-ras
 []


Underfull \vbox (badness 10000) has occurred while \output is active []

 [134]
Underfull \vbox (badness 10000) has occurred while \output is active []



LaTeX Warning: Reference `0' on page 135 undefined on input line 548.


Underfull \hbox (badness 1122) in paragraph at lines 548--564
\TU/FreeSerif(0)/m/n/14.4 da casa de Is-rael, ou dos es-tran-gei-ros
 []

[135]
Underfull \vbox (badness 10000) has occurred while \output is active []



LaTeX Warning: Reference `0' on page 136 undefined on input line 567.


Underfull \hbox (badness 1142) in paragraph at lines 567--597
\TU/FreeSerif(0)/m/n/14.4 re-gu-la-men-tos po-reis por obra, e meus
 []


Underfull \hbox (badness 1874) in paragraph at lines 567--597
\TU/FreeSerif(0)/m/n/14.4 do ir-mão de teu pai não des-co-bri-rás:
 []


Underfull \hbox (badness 1297) in paragraph at lines 567--597
\TU/FreeSerif(0)/m/n/14.4 ajuntar-se com ele: é con-fu-são. [][] []Em
 []


Underfull \hbox (badness 2197) in paragraph at lines 567--597
\TU/FreeSerif(0)/m/n/14.4 ne-nhuma de to-das es-tas abo-mi-na-ções:
 []


Underfull \hbox (badness 1371) in paragraph at lines 567--597
\TU/FreeSerif(0)/m/n/14.4 nem o na-tu-ral nem o es-tran-geiro que
 []


Underfull \hbox (badness 4832) in paragraph at lines 567--597
\TU/FreeSerif(0)/m/n/14.4 pe-re-grina en-tre vós. [][] [](Porque to-das
 []

[136]
Underfull \vbox (badness 10000) has occurred while \output is active []



LaTeX Warning: Reference `0' on page 137 undefined on input line 600.


Underfull \hbox (badness 1048) in paragraph at lines 600--637
\TU/FreeSerif(0)/m/n/14.4 tua plan-ta-ção, nem es-pi-ga-rás tua terra
 []


Underfull \hbox (badness 1571) in paragraph at lines 600--637
\TU/FreeSerif(0)/m/n/14.4 nem pro-fa-na-rás o nome de teu Deus:
 []


Underfull \hbox (badness 1152) in paragraph at lines 600--637
\TU/FreeSerif(0)/m/n/14.4 Eu sou o SE-NHOR. [][] []Não opri-mi-rás
 []


Underfull \hbox (badness 1237) in paragraph at lines 600--637
\TU/FreeSerif(0)/m/n/14.4 seu pe-cado que co-me-teu. [][] []E quando
 []


Underfull \hbox (badness 1072) in paragraph at lines 600--637
[][] []\TU/FreeSerif(0)/m/n/14.4 E o quarto ano todo seu fruto será
 []


Underfull \hbox (badness 1552) in paragraph at lines 600--637
\TU/FreeSerif(0)/m/n/14.4 coisa al-guma com san-gue. Não se-reis
 []


Underfull \hbox (badness 1436) in paragraph at lines 600--637
\TU/FreeSerif(0)/m/n/14.4 guar-da-reis, e meu san-tu-á-rio te-reis em
 []

[137]
Underfull \vbox (badness 10000) has occurred while \output is active []


Underfull \vbox (badness 10000) has occurred while \output is active []

 [138]

LaTeX Warning: Reference `0' on page 139 undefined on input line 640.


Underfull \hbox (badness 4927) in paragraph at lines 640--668
[][] [][]\TU/FreeSerif(0)/m/n/14.4 Dirás tam-bém aos fi-lhos de Is-rael:
 []


Underfull \hbox (badness 1360) in paragraph at lines 640--668
\TU/FreeSerif(0)/m/n/14.4 dado de sua des-cen-dên-cia a Mo-lo-que,
 []


Underfull \hbox (badness 1400) in paragraph at lines 640--668
\TU/FreeSerif(0)/m/n/14.4 pra-ti-cai. Eu sou o SE-NHOR que vos
 []


Underfull \hbox (badness 1622) in paragraph at lines 640--668
\TU/FreeSerif(0)/m/n/14.4 que se-jais meus. [][] []E o ho-mem ou a
 []


Underfull \vbox (badness 10000) has occurred while \output is active []

 [139]

LaTeX Warning: Reference `0' on page 140 undefined on input line 671.


Underfull \hbox (badness 2368) in paragraph at lines 671--695
\TU/FreeSerif(0)/m/n/14.4 suas ves-tes; [][] []nem en-trará onde haja
 []


Underfull \vbox (badness 1968) has occurred while \output is active []

 [140]

LaTeX Warning: Reference `0' on page 141 undefined on input line 698.


Underfull \hbox (badness 1776) in paragraph at lines 698--731
\TU/FreeSerif(0)/m/n/14.4 con-forme qual-quer imun-dí-cia sua; [][] []A
 []


Underfull \hbox (badness 2277) in paragraph at lines 698--731
\TU/FreeSerif(0)/m/n/14.4 do sa-cer-dote, nem o em-pre-gado, não
 []


Underfull \hbox (badness 4229) in paragraph at lines 698--731
\TU/FreeSerif(0)/m/n/14.4 não será aceito por vós. [][] []Também,
 []


Underfull \hbox (badness 1137) in paragraph at lines 698--731
\TU/FreeSerif(0)/m/n/14.4 ao SE-NHOR, nem de-les po-reis oferta
 []


Underfull \hbox (badness 1194) in paragraph at lines 698--731
\TU/FreeSerif(0)/m/n/14.4 po-de-rás ofe-re-cer por oferta vo-lun-tá-ria;
 []


Underfull \vbox (badness 10000) has occurred while \output is active []

 [141]
Underfull \vbox (badness 10000) has occurred while \output is active []



LaTeX Warning: Reference `0' on page 142 undefined on input line 734.


Underfull \hbox (badness 3138) in paragraph at lines 734--778
\TU/FreeSerif(0)/m/n/14.4 san-tas, às quais con-vo-ca-reis em seus
 []


Underfull \hbox (badness 2495) in paragraph at lines 734--778
\TU/FreeSerif(0)/m/n/14.4 mês é a so-le-ni-dade dos pães ázi-mos
 []


Underfull \hbox (badness 1062) in paragraph at lines 734--778
\TU/FreeSerif(0)/m/n/14.4 ao SE-NHOR: sete dias co-me-reis pães
 []


Underfull \hbox (badness 1163) in paragraph at lines 734--778
\TU/FreeSerif(0)/m/n/14.4 ázi-mos. [][] []No pri-meiro dia te-reis santa
 []


Underfull \hbox (badness 1009) in paragraph at lines 734--778
\TU/FreeSerif(0)/m/n/14.4 oferta acesa: no sé-timo dia será santa
 []


Underfull \hbox (badness 1406) in paragraph at lines 734--778
\TU/FreeSerif(0)/m/n/14.4 um cor-deiro de ano, sem de-feito, em
 []


Underfull \hbox (badness 1199) in paragraph at lines 734--778
\TU/FreeSerif(0)/m/n/14.4 e dois cor-dei-ros de ano em sa-cri-fí-cio
 []


Underfull \hbox (badness 1661) in paragraph at lines 734--778
\TU/FreeSerif(0)/m/n/14.4 to-das as vos-sas ha-bi-ta-ções por vos-sas
 []


Underfull \hbox (badness 1762) in paragraph at lines 734--778
\TU/FreeSerif(0)/m/n/14.4 aos dez deste mês sé-timo será o dia
 []


Underfull \hbox (badness 1152) in paragraph at lines 734--778
\TU/FreeSerif(0)/m/n/14.4 dize-lhes: []“  []Aos quinze dias deste mês
 []


Underfull \hbox (badness 1924) in paragraph at lines 734--778
\TU/FreeSerif(0)/m/n/14.4 santa con-vo-ca-ção, e ofe-re-ce-reis oferta
 []


Underfull \hbox (badness 1888) in paragraph at lines 734--778
\TU/FreeSerif(0)/m/n/14.4 tempo: [][] []Além disso dos sá-ba-dos do
 []


Underfull \hbox (badness 1062) in paragraph at lines 734--778
\TU/FreeSerif(0)/m/n/14.4 re-go-zi-ja-reis di-ante do SE-NHOR vosso
 []


Underfull \hbox (badness 1360) in paragraph at lines 734--778
\TU/FreeSerif(0)/m/n/14.4 es-ta-tuto per-pé-tuo por vos-sas ge-ra-ções;
 []

[142]
Underfull \vbox (badness 10000) has occurred while \output is active []


Underfull \vbox (badness 10000) has occurred while \output is active []

 [143]
Underfull \vbox (badness 10000) has occurred while \output is active []



LaTeX Warning: Reference `0' on page 144 undefined on input line 781.


Underfull \hbox (badness 4391) in paragraph at lines 781--804
[][] [][]\TU/FreeSerif(0)/m/n/14.4 Manda aos fi-lhos de Is-rael que te
 []


Underfull \hbox (badness 1845) in paragraph at lines 781--804
\TU/FreeSerif(0)/m/n/14.4 para a lu-mi-ná-ria, para fa-zer ar-der as
 []


Underfull \hbox (badness 10000) in paragraph at lines 781--804
\TU/FreeSerif(0)/m/n/14.4 lâm-pa-das con-ti-nu-a-mente. [][] []Fora do
 []


Underfull \hbox (badness 6141) in paragraph at lines 781--804
\TU/FreeSerif(0)/m/n/14.4 con-ti-nu-a-mente: es-ta-tuto per-pé-tuo por
 []


Underfull \hbox (badness 2426) in paragraph at lines 781--804
\TU/FreeSerif(0)/m/n/14.4 vos-sas ge-ra-ções. [][] []Sobre o can-de-la-bro
 []


Underfull \hbox (badness 1603) in paragraph at lines 781--804
\TU/FreeSerif(0)/m/n/14.4 di-ante do SE-NHOR. [][] []E to-ma-rás boa
 []


Underfull \hbox (badness 4353) in paragraph at lines 781--804
\TU/FreeSerif(0)/m/n/14.4 acen-di-das ao SE-NHOR, por es-ta-tuto
 []


Underfull \hbox (badness 2600) in paragraph at lines 781--804
\TU/FreeSerif(0)/m/n/14.4 blas-fe-mar o nome do SE-NHOR será
 []


Underfull \hbox (badness 1163) in paragraph at lines 781--804
\TU/FreeSerif(0)/m/n/14.4 pes-soa será pu-nido à morte. [][] []Mas o
 []

[144]

LaTeX Warning: Reference `0' on page 145 undefined on input line 807.


Underfull \vbox (badness 10000) has occurred while \output is active []


Underfull \hbox (badness 1796) in paragraph at lines 807--862
\TU/FreeSerif(0)/m/n/14.4 vos será ju-bi-leu; e vol-ta-reis cada um
 []


Underfull \hbox (badness 2556) in paragraph at lines 807--862
\TU/FreeSerif(0)/m/n/14.4 vos será ju-bi-leu: não se-me-a-reis, nem
 []


Underfull \hbox (badness 1264) in paragraph at lines 807--862
\TU/FreeSerif(0)/m/n/14.4 o nú-mero dos anos de-pois do ju-bi-leu
 []


Underfull \hbox (badness 1540) in paragraph at lines 807--862
\TU/FreeSerif(0)/m/n/14.4 te há de ven-der ele. [][] []E não en-gane
 []


Underfull \hbox (badness 1755) in paragraph at lines 807--862
\TU/FreeSerif(0)/m/n/14.4 fi-lhos de-pois de vós, como pos-ses-são
 []


Underfull \hbox (badness 1460) in paragraph at lines 807--862
\TU/FreeSerif(0)/m/n/14.4 meios, e teu ir-mão que está com ele
 []

[145]
Underfull \vbox (badness 10000) has occurred while \output is active []


Underfull \vbox (badness 10000) has occurred while \output is active []

 [146]
Underfull \vbox (badness 10000) has occurred while \output is active []



LaTeX Warning: Reference `0' on page 147 undefined on input line 865.


Underfull \hbox (badness 4479) in paragraph at lines 865--911
\TU/FreeSerif(0)/m/n/14.4 po-reis em vossa terra pe-dra pin-tada
 []


Underfull \hbox (badness 3536) in paragraph at lines 865--911
\TU/FreeSerif(0)/m/n/14.4 sá-ba-dos, e tende em re-ve-rên-cia meu
 []


Underfull \hbox (badness 5607) in paragraph at lines 865--911
\TU/FreeSerif(0)/m/n/14.4 san-tu-á-rio: Eu sou o SE-NHOR. [][] []Se
 []


Underfull \hbox (badness 2310) in paragraph at lines 865--911
\TU/FreeSerif(0)/m/n/14.4 obra; [][] []Eu da-rei vossa chuva em seu
 []


Underfull \hbox (badness 1490) in paragraph at lines 865--911
\TU/FreeSerif(0)/m/n/14.4 so-bre vós ter-ror, en-fer-mi-dade e fe-bre,
 []


Underfull \hbox (badness 2635) in paragraph at lines 865--911
\TU/FreeSerif(0)/m/n/14.4 a terra des-can-sará en-tão e des-fru-tará
 []


Underfull \hbox (badness 1728) in paragraph at lines 865--911
\TU/FreeSerif(0)/m/n/14.4 fu-gis-sem di-ante de es-pada, ainda que
 []


Underfull \hbox (badness 2134) in paragraph at lines 865--911
\TU/FreeSerif(0)/m/n/14.4 por sua ini-qui-dade; e pela ini-qui-dade
 []


Underfull \hbox (badness 1173) in paragraph at lines 865--911
\TU/FreeSerif(0)/m/n/14.4 de seus pais pe-re-ce-rão com eles: [][] []E
 []


Underfull \hbox (badness 3189) in paragraph at lines 865--911
\TU/FreeSerif(0)/m/n/14.4 nem os abo-mi-na-rei para consumi-los,
 []


Underfull \hbox (badness 1715) in paragraph at lines 865--911
\TU/FreeSerif(0)/m/n/14.4 me lem-bra-rei de-les pelo pacto an-tigo,
 []


Underfull \hbox (badness 1019) in paragraph at lines 865--911
\TU/FreeSerif(0)/m/n/14.4 quando os ti-rei da terra do Egito aos
 []


Underfull \hbox (badness 1325) in paragraph at lines 865--911
\TU/FreeSerif(0)/m/n/14.4 re-gu-la-men-tos e leis que es-ta-be-le-ceu o
 []

[147]
Underfull \vbox (badness 10000) has occurred while \output is active []


Underfull \vbox (badness 10000) has occurred while \output is active []

 [148]

LaTeX Warning: Reference `0' on page 149 undefined on input line 914.


Underfull \hbox (badness 2460) in paragraph at lines 914--947
\TU/FreeSerif(0)/m/n/14.4 que tua ava-li-a-ção, en-tão com-pa-re-cerá
 []


Underfull \hbox (badness 2818) in paragraph at lines 914--947
\TU/FreeSerif(0)/m/n/14.4 lhe im-porá va-lor o sa-cer-dote. [][] []E se
 []


Underfull \hbox (badness 1014) in paragraph at lines 914--947
\TU/FreeSerif(0)/m/n/14.4 SE-NHOR, tudo o que se der dele ao
 []


Underfull \hbox (badness 1292) in paragraph at lines 914--947
\TU/FreeSerif(0)/m/n/14.4 um ômer de se-me-a-dura de ce-vada se
 []


Underfull \hbox (badness 2126) in paragraph at lines 914--947
[][] []\TU/FreeSerif(0)/m/n/14.4 E to-dos os dí-zi-mos da terra, tanto
 []


Underfull \hbox (badness 2181) in paragraph at lines 914--947
\TU/FreeSerif(0)/m/n/14.4 coi-sas con-sa-gra-das ao SE-NHOR. [][] []E
 []

[149]
Underfull \vbox (badness 10000) has occurred while \output is active []


Underfull \vbox (badness 10000) has occurred while \output is active []

 [150])
("./source/AT/04 - NUM_src.tex"
[leftcolumn badness]: 1000000 on 15.06955pt
[rightcolumn badness]: 1000000 on 15.06955pt
[leftcolumn badness]: 1000000 on 15.06955pt
[rightcolumn badness]: 1000000 on 15.06955pt
[leftcolumn badness]: 1000000 on 15.06955pt
[rightcolumn badness]: 1000000 on 15.06955pt
[leftcolumn badness]: 1000000 on 15.06955pt
[rightcolumn badness]: 1000000 on 15.06955pt
[leftcolumn badness]: 1000000 on 15.06955pt
[rightcolumn badness]: 1000000 on 15.06955pt
[leftcolumn badness]: 1000000 on 15.06955pt
[rightcolumn badness]: 1000000 on 15.06955pt
- LAST -
Extra skip:20.23915pt
Left:63.29984pt/3.1392pt
Right:46.19989pt/0.0pt
Split: 63.29984pt
Output:63.29984pt
Pageshrink: 0.0pt
Pagestretch: 0.0pt
@colht:660.06499pt
FLUSHEND [output]: 63.29984pt
FLUSHEND [leftcolumn badness]: 0
FUSHEND [rightcolumn badness]: 10000
 [151]
Underfull \hbox (badness 1406) in paragraph at lines 6--60
\TU/FreeSerif(0)/m/n/14.4 de Ami-sa-dai. [][] []De Aser, Pa-giel fi-lho
 []


Underfull \hbox (badness 1769) in paragraph at lines 6--60
\TU/FreeSerif(0)/m/n/14.4 dos no-mes, de vinte anos acima, por
 []


Underfull \hbox (badness 2088) in paragraph at lines 6--60
\TU/FreeSerif(0)/m/n/14.4 suas ca-be-ças, [][] []Como o SE-NHOR o
 []


Underfull \hbox (badness 1152) in paragraph at lines 6--60
\TU/FreeSerif(0)/m/n/14.4 do tes-te-mu-nho, e so-bre to-dos os seus
 []


Underfull \vbox (badness 10000) has occurred while \output is active []

 [152


]
Underfull \vbox (badness 10000) has occurred while \output is active []


Underfull \vbox (badness 10000) has occurred while \output is active []

 [153]

LaTeX Warning: Reference `0' on page 154 undefined on input line 63.


Underfull \hbox (badness 3271) in paragraph at lines 63--97
\TU/FreeSerif(0)/m/n/14.4 a ban-deira do exér-cito de Judá, por
 []


Underfull \hbox (badness 4144) in paragraph at lines 63--97
[][] []\TU/FreeSerif(0)/m/n/14.4 E seu exér-cito, com seus con-ta-dos,
 []


Underfull \hbox (badness 1642) in paragraph at lines 63--97
\TU/FreeSerif(0)/m/n/14.4 por seus es-qua-drões, irão di-ante. [][] []A
 []


Underfull \hbox (badness 1152) in paragraph at lines 63--97
\TU/FreeSerif(0)/m/n/14.4 seis mil e qui-nhen-tos. [][] []E acam-pa-rão
 []


Underfull \hbox (badness 1178) in paragraph at lines 63--97
\TU/FreeSerif(0)/m/n/14.4 junto a ele os da tribo de Si-meão: e
 []


Underfull \hbox (badness 1365) in paragraph at lines 63--97
\TU/FreeSerif(0)/m/n/14.4 de-les, qua-renta e cinco mil seis-cen-tos
 []


Underfull \hbox (badness 2368) in paragraph at lines 63--97
\TU/FreeSerif(0)/m/n/14.4 e cin-quenta. [][] []Todos os con-ta-dos no
 []


Underfull \hbox (badness 1436) in paragraph at lines 63--97
\TU/FreeSerif(0)/m/n/14.4 exér-ci-tos: da ma-neira que as-sen-tam o
 []


Underfull \vbox (badness 10000) has occurred while \output is active []

 [154]

LaTeX Warning: Reference `0' on page 155 undefined on input line 100.


Underfull \hbox (badness 3364) in paragraph at lines 137--137
[][][][] \TU/FreeSerif(0)/b/n/10 3:38 \TU/FreeSerif(0)/m/n/10 NT: Ape-sar de na
̃o ha-ver re-fe-rên-cia clara é
 []


Underfull \hbox (badness 1436) in paragraph at lines 100--151
\TU/FreeSerif(0)/m/n/14.4 Moi-sés no monte Si-nai. [][] []E es-tes são
 []


Underfull \hbox (badness 5548) in paragraph at lines 100--151
[][] []\TU/FreeSerif(0)/m/n/14.4 Estes são os no-mes dos fi-lhos de
 []


Underfull \hbox (badness 1231) in paragraph at lines 100--151
[]\TU/FreeSerif(0)/m/n/14.4 Mas Na-dabe e Abiú mor-re-ram di-ante
 []


Underfull \hbox (badness 7869) in paragraph at lines 100--151
\TU/FreeSerif(0)/m/n/14.4 a Moi-sés, di-zendo: [][] [][]Faze che-gar à
 []


Underfull \hbox (badness 1442) in paragraph at lines 100--151
\TU/FreeSerif(0)/m/n/14.4 do ta-ber-ná-culo; [][] []E guar-dem to-dos os
 []


Underfull \hbox (badness 3590) in paragraph at lines 100--151
\TU/FreeSerif(0)/m/n/14.4 ao ori-ente, di-ante do ta-ber-ná-culo do
 []


Underfull \hbox (badness 2781) in paragraph at lines 100--151
\TU/FreeSerif(0)/m/n/14.4 con-ta-ram por suas fa-mí-lias, to-dos os
 []


Underfull \hbox (badness 1478) in paragraph at lines 100--151
\TU/FreeSerif(0)/m/n/14.4 e ses-senta e cinco si-clos, con-forme o
 []


Underfull \hbox (badness 1496) in paragraph at lines 100--151
\TU/FreeSerif(0)/m/n/14.4 si-clo do san-tu-á-rio. [][] []E Moi-sés deu o
 []


Underfull \vbox (badness 10000) has occurred while \output is active []

 [155]
Underfull \vbox (badness 10000) has occurred while \output is active []

 [156]

LaTeX Warning: Reference `0' on page 157 undefined on input line 154.


Underfull \hbox (badness 2818) in paragraph at lines 154--203
\TU/FreeSerif(0)/m/n/14.4 para fa-zer ser-viço no ta-ber-ná-culo do
 []


Underfull \hbox (badness 2142) in paragraph at lines 154--203
\TU/FreeSerif(0)/m/n/14.4 e suas co-lu-nas, e suas ba-ses, [][] []E as
 []


Underfull \vbox (badness 10000) has occurred while \output is active []

 [157]
Underfull \vbox (badness 10000) has occurred while \output is active []


Underfull \vbox (badness 10000) has occurred while \output is active []

 [158]

LaTeX Warning: Reference `0' on page 159 undefined on input line 206.


Underfull \hbox (badness 1931) in paragraph at lines 206--237
\TU/FreeSerif(0)/m/n/14.4 do acam-pa-mento a todo le-proso, e a
 []


Underfull \hbox (badness 2080) in paragraph at lines 206--237
\TU/FreeSerif(0)/m/n/14.4 con-tra quem pe-ca-ram[]”. [][] []E se aquele
 []


Underfull \hbox (badness 1009) in paragraph at lines 206--237
\TU/FreeSerif(0)/m/n/14.4 não o hou-vesse visto por haver-se ela
 []


Underfull \hbox (badness 1418) in paragraph at lines 206--237
\TU/FreeSerif(0)/m/n/14.4 con-ta-mi-nado ocul-ta-mente, nem hou-ver
 []


Underfull \vbox (badness 10000) has occurred while \output is active []

 [159]
Underfull \vbox (badness 10000) has occurred while \output is active []



LaTeX Warning: Reference `0' on page 160 undefined on input line 240.


Underfull \hbox (badness 1028) in paragraph at lines 240--267
\TU/FreeSerif(0)/m/n/14.4 do voto de seu na-zi-re-ado não pas-sará
 []


Underfull \hbox (badness 1067) in paragraph at lines 240--267
\TU/FreeSerif(0)/m/n/14.4 azeite, e sua oferta de ce-re-ais, e suas
 []

[160]
Underfull \vbox (badness 10000) has occurred while \output is active []



LaTeX Warning: Reference `0' on page 161 undefined on input line 270.

[161]
Underfull \vbox (badness 10000) has occurred while \output is active []


Underfull \vbox (badness 10000) has occurred while \output is active []

 [162]
Underfull \vbox (badness 10000) has occurred while \output is active []


Underfull \vbox (badness 10000) has occurred while \output is active []

 [163]
Underfull \vbox (badness 10000) has occurred while \output is active []



LaTeX Warning: Reference `0' on page 164 undefined on input line 362.


Underfull \hbox (badness 1043) in paragraph at lines 362--388
\TU/FreeSerif(0)/m/n/14.4 do can-de-la-bro suas lâm-pa-das, como o
 []


Underfull \hbox (badness 1668) in paragraph at lines 362--388
\TU/FreeSerif(0)/m/n/14.4 e se-rão ex-pi-a-dos. [][] []Logo to-ma-rão um
 []


Underfull \hbox (badness 1189) in paragraph at lines 362--388
\TU/FreeSerif(0)/m/n/14.4 ou-tro no-vi-lho para ex-pi-a-ção. [][] []E fa-ra
́s
 []

[164]
Underfull \vbox (badness 1968) has occurred while \output is active []



LaTeX Warning: Reference `0' on page 165 undefined on input line 391.


Underfull \hbox (badness 1127) in paragraph at lines 391--414
\TU/FreeSerif(0)/m/n/14.4 se par-tiam: e no lu-gar onde a nu-vem
 []


Underfull \vbox (badness 10000) has occurred while \output is active []

 [165]
Underfull \vbox (badness 10000) has occurred while \output is active []


Underfull \vbox (badness 10000) has occurred while \output is active []

 [166]

LaTeX Warning: Reference `0' on page 167 undefined on input line 417.


Underfull \hbox (badness 1077) in paragraph at lines 417--453
\TU/FreeSerif(0)/m/n/14.4 mo-ver o acam-pa-mento. [][] []E quando as
 []


Underfull \hbox (badness 1320) in paragraph at lines 417--453
\TU/FreeSerif(0)/m/n/14.4 ge-ra-ções. [][] []E quando vi-er-des à guerra
 []


Underfull \hbox (badness 1389) in paragraph at lines 417--453
\TU/FreeSerif(0)/m/n/14.4 vosso Deus, e se-reis sal-vos de vos-sos
 []


Underfull \hbox (badness 2310) in paragraph at lines 417--453
\TU/FreeSerif(0)/m/n/14.4 a pri-meira vez ao dito do SE-NHOR
 []


Underfull \hbox (badness 2359) in paragraph at lines 417--453
\TU/FreeSerif(0)/m/n/14.4 e Na-as-som, fi-lho de Ami-na-dabe, era
 []


Underfull \hbox (badness 3668) in paragraph at lines 417--453
\TU/FreeSerif(0)/m/n/14.4 fi-lho de Zuar. [][] []E so-bre o exér-cito
 []


Underfull \hbox (badness 1112) in paragraph at lines 417--453
\TU/FreeSerif(0)/m/n/14.4 já de-sar-mado o ta-ber-ná-culo, mo-ve-ram
 []


Underfull \hbox (badness 4316) in paragraph at lines 417--453
\TU/FreeSerif(0)/m/n/14.4 os fi-lhos de Gér-son e os fi-lhos de
 []


Underfull \hbox (badness 1648) in paragraph at lines 417--453
\TU/FreeSerif(0)/m/n/14.4 sim que me mar-cha-rei à mi-nha terra
 []


Underfull \hbox (badness 1325) in paragraph at lines 417--453
\TU/FreeSerif(0)/m/n/14.4 foi di-ante de-les ca-mi-nho de três dias,
 []


Underfull \vbox (badness 10000) has occurred while \output is active []

 [167]

LaTeX Warning: Reference `0' on page 168 undefined on input line 456.


Underfull \hbox (badness 1546) in paragraph at lines 456--491
[][] []\TU/FreeSerif(0)/m/n/14.4 E acon-te-ceu que o povo se quei-xou
 []


Underfull \hbox (badness 1953) in paragraph at lines 456--491
\TU/FreeSerif(0)/m/n/14.4 ou não[]. [][] []E Moi-sés saiu, e disse ao
 []


Underfull \hbox (badness 1527) in paragraph at lines 456--491
\TU/FreeSerif(0)/m/n/14.4 os pôs ao re-dor da tenda. [][] []Então o
 []


Underfull \hbox (badness 1107) in paragraph at lines 456--491
\TU/FreeSerif(0)/m/n/14.4 pro-fe-tas, que o SE-NHOR pu-sesse seu
 []


Underfull \hbox (badness 1838) in paragraph at lines 456--491
\TU/FreeSerif(0)/m/n/14.4 so-bre o acam-pa-mento, de um dia de
 []


Underfull \hbox (badness 4328) in paragraph at lines 456--491
\TU/FreeSerif(0)/m/n/14.4 se acen-deu no povo, e o SE-NHOR
 []


Underfull \hbox (badness 4024) in paragraph at lines 456--491
\TU/FreeSerif(0)/m/n/14.4 fe-riu o povo com uma praga muito
 []


Underfull \vbox (badness 10000) has occurred while \output is active []

 [168]
Underfull \vbox (badness 1968) has occurred while \output is active []


Underfull \vbox (badness 10000) has occurred while \output is active []

 [169]

LaTeX Warning: Reference `0' on page 170 undefined on input line 494.


LaTeX Warning: Reference `0' on page 170 undefined on input line 513.

[170]
Underfull \vbox (badness 10000) has occurred while \output is active []



LaTeX Warning: Reference `0' on page 171 undefined on input line 549.


Underfull \hbox (badness 2799) in paragraph at lines 549--594
\TU/FreeSerif(0)/m/n/14.4 aquela noite. [][] []E queixaram-se con-tra
 []


Underfull \hbox (badness 2735) in paragraph at lines 549--594
\TU/FreeSerif(0)/m/n/14.4 Egito; ou me-lhor se-ria se ti-vés-se-mos
 []


Underfull \hbox (badness 1515) in paragraph at lines 549--594
\TU/FreeSerif(0)/m/n/14.4 um ao ou-tro: []Fa-ça-mos um ca-pi-tão, e
 []


Underfull \hbox (badness 1117) in paragraph at lines 549--594
\TU/FreeSerif(0)/m/n/14.4 grande ma-neira boa. [][] []Se o SE-NHOR
 []


Underfull \hbox (badness 1043) in paragraph at lines 549--594
\TU/FreeSerif(0)/m/n/14.4 se agra-dar de nós, ele nos porá nesta
 []


Underfull \hbox (badness 1337) in paragraph at lines 549--594
\TU/FreeSerif(0)/m/n/14.4 parti-vos ao de-serto, ca-mi-nho do mar
 []


Underfull \hbox (badness 1005) in paragraph at lines 549--594
\TU/FreeSerif(0)/m/n/14.4 que de mim se quei-xam? [][] []Dize-lhes:
 []


Underfull \hbox (badness 1072) in paragraph at lines 549--594
\TU/FreeSerif(0)/m/n/14.4 nela; ex-ceto a Ca-lebe fi-lho de Je-foné,
 []


Underfull \hbox (badness 1789) in paragraph at lines 549--594
\TU/FreeSerif(0)/m/n/14.4 de se-guir ao SE-NHOR, por isso não
 []


Underfull \hbox (badness 5771) in paragraph at lines 549--594
\TU/FreeSerif(0)/m/n/14.4 que ha-bi-ta-vam na-quele monte, e os
 []

[171]
Underfull \vbox (badness 10000) has occurred while \output is active []


Underfull \vbox (badness 4832) has occurred while \output is active []

 [172]
Underfull \vbox (badness 10000) has occurred while \output is active []



LaTeX Warning: Reference `0' on page 173 undefined on input line 597.


Underfull \hbox (badness 2103) in paragraph at lines 597--638
\TU/FreeSerif(0)/m/n/14.4 ho-lo-causto, ou sa-cri-fí-cio, por es-pe-cial
 []


Underfull \hbox (badness 1616) in paragraph at lines 597--638
\TU/FreeSerif(0)/m/n/14.4 o nú-mero de-les[]”[]. [][] []Todo na-tu-ral fara
́
 []


Underfull \hbox (badness 1210) in paragraph at lines 597--638
\TU/FreeSerif(0)/m/n/14.4 fi-lhos de Is-rael; e lhes será per-do-ado,
 []


Underfull \hbox (badness 4168) in paragraph at lines 597--638
\TU/FreeSerif(0)/m/n/14.4 acam-pa-mento, e apedrejaram-no com
 []


Underfull \hbox (badness 2689) in paragraph at lines 597--638
\TU/FreeSerif(0)/m/n/14.4 pe-dras, e mor-reu; como o SE-NHOR
 []


Underfull \hbox (badness 2150) in paragraph at lines 597--638
\TU/FreeSerif(0)/m/n/14.4 do SE-NHOR, para praticá-los; e não
 []

[173]
Underfull \vbox (badness 10000) has occurred while \output is active []


Underfull \vbox (badness 10000) has occurred while \output is active []

 [174]

LaTeX Warning: Reference `0' on page 175 undefined on input line 641.


Underfull \hbox (badness 1281) in paragraph at lines 641--691
\TU/FreeSerif(0)/m/n/14.4 com Moi-sés e Arão. [][] []Já Coré ha-via
 []


Underfull \hbox (badness 1755) in paragraph at lines 641--691
\TU/FreeSerif(0)/m/n/14.4 en-tão a gló-ria do SE-NHOR apa-re-ceu
 []


Underfull \hbox (badness 1348) in paragraph at lines 641--691
\TU/FreeSerif(0)/m/n/14.4 fa-lou a Moi-sés e a Arão, di-zendo: [][]
 []


Underfull \hbox (badness 1168) in paragraph at lines 641--691
\TU/FreeSerif(0)/m/n/14.4 e Abi-rão[]”[]. [][] []E Moi-sés se le-van-tou, e
 []


Underfull \hbox (badness 1112) in paragraph at lines 641--691
\TU/FreeSerif(0)/m/n/14.4 foi a Datã e Abi-rão; e os an-ci-ãos de
 []


Underfull \hbox (badness 1132) in paragraph at lines 641--691
\TU/FreeSerif(0)/m/n/14.4 tra-gue tam-bém a terra[]. [][] []E saiu fogo
 []


Underfull \hbox (badness 2376) in paragraph at lines 641--691
\TU/FreeSerif(0)/m/n/14.4 e cin-quenta ho-mens que ofe-re-ciam o
 []


Underfull \hbox (badness 1824) in paragraph at lines 641--691
\TU/FreeSerif(0)/m/n/14.4 in-censo. [][] []Então o SE-NHOR fa-lou a
 []


Underfull \hbox (badness 1565) in paragraph at lines 641--691
\TU/FreeSerif(0)/m/n/14.4 do tes-te-mu-nho, e eis que a nu-vem o
 []


Underfull \hbox (badness 1286) in paragraph at lines 641--691
\TU/FreeSerif(0)/m/n/14.4 ha-via co-berto, e apa-re-ceu a gló-ria do
 []


Underfull \hbox (badness 1728) in paragraph at lines 641--691
\TU/FreeSerif(0)/m/n/14.4 e os con-su-mi-rei em um mo-mento[]. E
 []


Underfull \hbox (badness 1215) in paragraph at lines 641--691
\TU/FreeSerif(0)/m/n/14.4 e põe nele fogo do al-tar, e so-bre ele
 []


Underfull \hbox (badness 2237) in paragraph at lines 641--691
\TU/FreeSerif(0)/m/n/14.4 saiu de di-ante da face do SE-NHOR:
 []


Underfull \vbox (badness 10000) has occurred while \output is active []

 [175]
Underfull \vbox (badness 10000) has occurred while \output is active []


Underfull \vbox (badness 1968) has occurred while \output is active []

 [176]
Underfull \vbox (badness 10000) has occurred while \output is active []



LaTeX Warning: Reference `0' on page 177 undefined on input line 694.


Underfull \hbox (badness 1460) in paragraph at lines 694--707
\TU/FreeSerif(0)/m/n/14.4 fa-rei ces-sar de so-bre mim as quei-xas
 []


Underfull \hbox (badness 1199) in paragraph at lines 694--707
\TU/FreeSerif(0)/m/n/14.4 como lhe man-dou o SE-NHOR, as-sim
 []

[177]

LaTeX Warning: Reference `0' on page 178 undefined on input line 710.


Underfull \hbox (badness 2828) in paragraph at lines 710--742
[][] []\TU/FreeSerif(0)/m/n/14.4 E o SE-NHOR disse a Arão: []Tu e
 []


Underfull \hbox (badness 1087) in paragraph at lines 710--742
\TU/FreeSerif(0)/m/n/14.4 que não mor-ram eles e vós. [][] []Eles se
 []


Underfull \hbox (badness 1496) in paragraph at lines 710--742
\TU/FreeSerif(0)/m/n/14.4 ti as dei. [][] []As pri-mí-cias de to-das as
 []


Underfull \hbox (badness 1917) in paragraph at lines 710--742
\TU/FreeSerif(0)/m/n/14.4 os fi-lhos de Is-rael ao ta-ber-ná-culo do
 []


Underfull \hbox (badness 1173) in paragraph at lines 710--742
\TU/FreeSerif(0)/m/n/14.4 e eles le-va-rão sua ini-qui-dade: es-ta-tuto
 []


Underfull \hbox (badness 3735) in paragraph at lines 710--742
\TU/FreeSerif(0)/m/n/14.4 per-pé-tuo por vos-sas ge-ra-ções; e não
 []


Underfull \hbox (badness 2932) in paragraph at lines 710--742
\TU/FreeSerif(0)/m/n/14.4 disse: “  En-tre os fi-lhos de Is-rael não
 []


Underfull \hbox (badness 1152) in paragraph at lines 710--742
\TU/FreeSerif(0)/m/n/14.4 a vossa oferta vos será con-tada como
 []


Underfull \hbox (badness 1533) in paragraph at lines 710--742
\TU/FreeSerif(0)/m/n/14.4 prensa de uvas. [][] []Assim tam-bém vós
 []


Underfull \hbox (badness 1014) in paragraph at lines 710--742
\TU/FreeSerif(0)/m/n/14.4 de uvas. [][] []E o co-me-reis em qual-quer
 []


Underfull \hbox (badness 3138) in paragraph at lines 710--742
\TU/FreeSerif(0)/m/n/14.4 re-mu-ne-ra-ção por vosso mi-nis-té-rio no
 []


Underfull \vbox (badness 10000) has occurred while \output is active []

 [178]
Underfull \vbox (badness 10000) has occurred while \output is active []



LaTeX Warning: Reference `0' on page 179 undefined on input line 745.


Underfull \hbox (badness 1590) in paragraph at lines 745--767
\TU/FreeSerif(0)/m/n/14.4 ver-me-lha, sem de-feito, que não te-nha
 []


Underfull \hbox (badness 1472) in paragraph at lines 745--767
\TU/FreeSerif(0)/m/n/14.4 para quando al-guém mor-rer na tenda:
 []

[179]
Underfull \vbox (badness 10000) has occurred while \output is active []



LaTeX Warning: Reference `0' on page 180 undefined on input line 770.


Underfull \hbox (badness 1521) in paragraph at lines 770--799
\TU/FreeSerif(0)/m/n/14.4 de vi-nhas, nem ro-mãs: nem ainda de
 []


Underfull \hbox (badness 2073) in paragraph at lines 770--799
[][] []\TU/FreeSerif(0)/m/n/14.4 E o SE-NHOR disse a Moi-sés e a
 []


Underfull \hbox (badness 1412) in paragraph at lines 770--799
\TU/FreeSerif(0)/m/n/14.4 ao Egito, e es-ti-ve-mos no Egito longo
 []


Underfull \hbox (badness 2158) in paragraph at lines 770--799
\TU/FreeSerif(0)/m/n/14.4 apartar-nos à di-reita nem à es-querda,
 []


Underfull \hbox (badness 1558) in paragraph at lines 770--799
[]\TU/FreeSerif(0)/m/n/14.4 E Edom lhe res-pon-deu: []Não pas-sa-rás
 []

[180]
Underfull \vbox (badness 10000) has occurred while \output is active []


Underfull \vbox (badness 10000) has occurred while \output is active []

 [181]

LaTeX Warning: Reference `0' on page 182 undefined on input line 802.


Underfull \hbox (badness 2951) in paragraph at lines 802--837
\TU/FreeSerif(0)/m/n/14.4 que ha-bi-tava ao sul, ou-viu fa-lar que
 []


Underfull \hbox (badness 1881) in paragraph at lines 802--837
\TU/FreeSerif(0)/m/n/14.4 Is-rael vi-nha pelo ca-mi-nho de Ata-rim,
 []


Underfull \hbox (badness 1881) in paragraph at lines 802--837
\TU/FreeSerif(0)/m/n/14.4 ao SE-NHOR, e disse: []Se com efeito
 []


Underfull \hbox (badness 1057) in paragraph at lines 802--837
\TU/FreeSerif(0)/m/n/14.4 de Mo-abe, ao ori-ente. [][] []Partidos dali,
 []

[182]

LaTeX Warning: Reference `0' on page 183 undefined on input line 840.


Underfull \hbox (badness 1577) in paragraph at lines 840--881
\TU/FreeSerif(0)/m/n/14.4 se as-sen-ta-ram nos cam-pos de Mo-abe,
 []


Underfull \hbox (badness 1939) in paragraph at lines 840--881
\TU/FreeSerif(0)/m/n/14.4 prín-ci-pes de Mo-abe se res-ta-ram com
 []


Underfull \hbox (badness 1810) in paragraph at lines 840--881
\TU/FreeSerif(0)/m/n/14.4 de Mo-abe se le-van-ta-ram, e vi-e-ram a
 []


Underfull \hbox (badness 1270) in paragraph at lines 840--881
[][] []\TU/FreeSerif(0)/m/n/14.4 Então o SE-NHOR abriu a boca da
 []


Underfull \vbox (badness 10000) has occurred while \output is active []


Underfull \vbox (badness 10000) has occurred while \output is active []

 [183]
Underfull \vbox (badness 10000) has occurred while \output is active []


Underfull \vbox (badness 10000) has occurred while \output is active []

 [184]

LaTeX Warning: Reference `0' on page 185 undefined on input line 884.


Underfull \vbox (badness 1968) has occurred while \output is active []

 [185]

LaTeX Warning: Reference `0' on page 186 undefined on input line 917.


Underfull \hbox (badness 1048) in paragraph at lines 917--942
\TU/FreeSerif(0)/m/n/14.4 da ci-dade o que res-tar”[]. [][] []E vendo a
 []


Underfull \vbox (badness 10000) has occurred while \output is active []


Underfull \vbox (badness 10000) has occurred while \output is active []

 [186]

LaTeX Warning: Reference `0' on page 187 undefined on input line 945.


Underfull \vbox (badness 10000) has occurred while \output is active []


Underfull \vbox (badness 10000) has occurred while \output is active []

 [187]

LaTeX Warning: Reference `0' on page 188 undefined on input line 966.


Underfull \hbox (badness 2050) in paragraph at lines 966--1031
\TU/FreeSerif(0)/m/n/14.4 e três mil se-te-cen-tos e trinta. [][] []E os
 []


Underfull \hbox (badness 1881) in paragraph at lines 966--1031
\TU/FreeSerif(0)/m/n/14.4 Datã e Abi-rão fo-ram os do con-se-lho
 []


Underfull \hbox (badness 1178) in paragraph at lines 966--1031
\TU/FreeSerif(0)/m/n/14.4 Si-meão por suas fa-mí-lias: de Ne-muel,
 []


Underfull \hbox (badness 1377) in paragraph at lines 966--1031
\TU/FreeSerif(0)/m/n/14.4 dos se-la-ni-tas; de Pe-rez, a fa-mí-lia dos
 []


Underfull \hbox (badness 1077) in paragraph at lines 966--1031
\TU/FreeSerif(0)/m/n/14.4 a fa-mí-lia dos je-ze-ri-tas; de He-le-que, a
 []


Underfull \hbox (badness 1371) in paragraph at lines 966--1031
\TU/FreeSerif(0)/m/n/14.4 fa-mí-lia dos he-le-qui-tas; [][] []De As-riel, a
 []


Underfull \hbox (badness 1147) in paragraph at lines 966--1031
\TU/FreeSerif(0)/m/n/14.4 de Su-tela, a fa-mí-lia dos su-te-la-í-tas; de
 []


Underfull \vbox (badness 10000) has occurred while \output is active []

 [188]
Underfull \vbox (badness 10000) has occurred while \output is active []


Underfull \vbox (badness 10000) has occurred while \output is active []

 [189]

LaTeX Warning: Reference `0' on page 190 undefined on input line 1034.


Underfull \hbox (badness 1189) in paragraph at lines 1034--1057
\TU/FreeSerif(0)/m/n/14.4 prín-ci-pes, e de toda a con-gre-ga-ção, à
 []


Underfull \vbox (badness 10000) has occurred while \output is active []

 [190]

LaTeX Warning: Reference `0' on page 191 undefined on input line 1060.


Underfull \hbox (badness 2521) in paragraph at lines 1060--1091
[][] []\TU/FreeSerif(0)/m/n/14.4 Um cor-deiro ofe-re-ce-rás pela ma-nhã,
 []


Underfull \hbox (badness 1320) in paragraph at lines 1060--1091
[][] []\TU/FreeSerif(0)/m/n/14.4 É o ho-lo-causto do sá-bado em cada
 []


Underfull \hbox (badness 1688) in paragraph at lines 1060--1091
\TU/FreeSerif(0)/m/n/14.4 com azeite: três dé-ci-mos \TU/FreeSerif(0)/m/it/
14.4 de efa \TU/FreeSerif(0)/m/n/14.4 com
 []


Underfull \hbox (badness 1077) in paragraph at lines 1060--1091
[]\TU/FreeSerif(0)/m/n/14.4 e um bode ma-cho por ex-pi-a-ção, para
 []


Underfull \hbox (badness 3098) in paragraph at lines 1060--1091
\TU/FreeSerif(0)/m/n/14.4 con-tí-nuo. [][] []Conforme isto ofe-re-ce-reis
 []


Underfull \vbox (badness 10000) has occurred while \output is active []

 [191]
Underfull \vbox (badness 10000) has occurred while \output is active []



LaTeX Warning: Reference `0' on page 192 undefined on input line 1094.


Underfull \hbox (badness 2057) in paragraph at lines 1094--1137
\TU/FreeSerif(0)/m/n/14.4 ser-vil fa-reis; vos será dia de soar as
 []


Underfull \hbox (badness 1776) in paragraph at lines 1094--1137
\TU/FreeSerif(0)/m/n/14.4 li-ba-ções, con-forme sua lei, por oferta
 []


Underfull \hbox (badness 3068) in paragraph at lines 1094--1137
\TU/FreeSerif(0)/m/n/14.4 con-vo-ca-ção, e afli-gi-reis vos-sas al-mas:
 []


Underfull \hbox (badness 1320) in paragraph at lines 1094--1137
\TU/FreeSerif(0)/m/n/14.4 um dé-cimo; [][] []e um bode ma-cho por
 []


Underfull \hbox (badness 2111) in paragraph at lines 1094--1137
\TU/FreeSerif(0)/m/n/14.4 o nú-mero de-les, con-forme a lei; [][] []E
 []


Underfull \hbox (badness 1147) in paragraph at lines 1094--1137
\TU/FreeSerif(0)/m/n/14.4 con-tí-nuo, sua oferta de ce-re-ais e suas
 []


Underfull \hbox (badness 1365) in paragraph at lines 1094--1137
\TU/FreeSerif(0)/m/n/14.4 vo-tos, e de vos-sas ofer-tas li-vres, para
 []

[192]
Underfull \vbox (badness 10000) has occurred while \output is active []


Underfull \vbox (badness 10000) has occurred while \output is active []

 [193]

LaTeX Warning: Reference `0' on page 194 undefined on input line 1140.


Underfull \hbox (badness 1910) in paragraph at lines 1140--1156
\TU/FreeSerif(0)/m/n/14.4 li-gando sua alma com obri-ga-ção, não
 []


LaTeX Warning: Reference `0' on page 194 undefined on input line 1159.


Underfull \hbox (badness 1158) in paragraph at lines 1159--1213
\TU/FreeSerif(0)/m/n/14.4 sa-cer-dote, foi à guerra com os san-tos
 []


Underfull \hbox (badness 1199) in paragraph at lines 1159--1213
\TU/FreeSerif(0)/m/n/14.4 e ma-ta-ram a todo ho-mem. [][] []Mataram
 []


Underfull \hbox (badness 2865) in paragraph at lines 1159--1213
\TU/FreeSerif(0)/m/n/14.4 e to-dos os prín-ci-pes da con-gre-ga-ção,
 []


Underfull \hbox (badness 1371) in paragraph at lines 1159--1213
\TU/FreeSerif(0)/m/n/14.4 a recebê-los fora do acam-pa-mento. [][]
 []


Underfull \hbox (badness 1838) in paragraph at lines 1159--1213
\TU/FreeSerif(0)/m/n/14.4 mu-lhe-res pre-ser-vas-tes? [][] []Eis que elas
 []


Underfull \hbox (badness 1400) in paragraph at lines 1159--1213
\TU/FreeSerif(0)/m/n/14.4 pe-les, e toda obra de pe-los de ca-bra,
 []


Underfull \hbox (badness 1092) in paragraph at lines 1159--1213
\TU/FreeSerif(0)/m/n/14.4 tanto das pes-soas como dos bois, dos
 []


Underfull \hbox (badness 1019) in paragraph at lines 1159--1213
\TU/FreeSerif(0)/m/n/14.4 mil e qui-nhen-tas; [][] []E dos bois, trinta
 []


Underfull \hbox (badness 1270) in paragraph at lines 1159--1213
\TU/FreeSerif(0)/m/n/14.4 do ta-ber-ná-culo do SE-NHOR; como o
 []

[194]
Underfull \vbox (badness 10000) has occurred while \output is active []


Underfull \vbox (badness 10000) has occurred while \output is active []

 [195]
Underfull \vbox (badness 10000) has occurred while \output is active []



LaTeX Warning: Reference `0' on page 196 undefined on input line 1216.


Underfull \hbox (badness 1210) in paragraph at lines 1216--1258
\TU/FreeSerif(0)/m/n/14.4 fi-ze-ram vos-sos pais, quando os en-viei
 []


Underfull \hbox (badness 1990) in paragraph at lines 1216--1258
\TU/FreeSerif(0)/m/n/14.4 lhes res-pon-deu Moi-sés: []Se o fi-zer-des
 []


Underfull \hbox (badness 1062) in paragraph at lines 1216--1258
\TU/FreeSerif(0)/m/n/14.4 al-can-çará vosso pe-cado. [][] []Edificai-vos
 []

[196]
Underfull \vbox (badness 10000) has occurred while \output is active []


Underfull \vbox (badness 10000) has occurred while \output is active []

 [197]

LaTeX Warning: Reference `0' on page 198 undefined on input line 1261.


Underfull \hbox (badness 3179) in paragraph at lines 1261--1317
\TU/FreeSerif(0)/m/n/14.4 de Is-rael de Ra-mes-sés, e as-sen-ta-ram
 []


Underfull \hbox (badness 3364) in paragraph at lines 1261--1317
\TU/FreeSerif(0)/m/n/14.4 no de-serto de Sim. [][] []E par-ti-dos do
 []


Underfull \hbox (badness 2237) in paragraph at lines 1261--1317
\TU/FreeSerif(0)/m/n/14.4 para be-ber. [][] []E par-ti-dos de Re-fi-dim,
 []


Underfull \hbox (badness 3439) in paragraph at lines 1261--1317
\TU/FreeSerif(0)/m/n/14.4 as-sen-ta-ram no de-serto de Si-nai. [][] []E
 []


Underfull \hbox (badness 5331) in paragraph at lines 1261--1317
\TU/FreeSerif(0)/m/n/14.4 em Quibrote-Taavá. [][] []E par-ti-dos de
 []


Underfull \hbox (badness 10000) in paragraph at lines 1261--1317
\TU/FreeSerif(0)/m/n/14.4 em Rimom-Perez. [][] []E par-ti-dos de
 []


Underfull \hbox (badness 10000) in paragraph at lines 1261--1317
\TU/FreeSerif(0)/m/n/14.4 Rimom-Perez, as-sen-ta-ram em Libna.
 []


Underfull \hbox (badness 5578) in paragraph at lines 1261--1317
\TU/FreeSerif(0)/m/n/14.4 as-sen-ta-ram no monte de Sé-fer. [][] []E
 []


Underfull \hbox (badness 3179) in paragraph at lines 1261--1317
\TU/FreeSerif(0)/m/n/14.4 em Ha-rada. [][] []E par-ti-dos de Ha-rada,
 []


Underfull \hbox (badness 1859) in paragraph at lines 1261--1317
[][] []\TU/FreeSerif(0)/m/n/14.4 E par-ti-dos de Tera, as-sen-ta-ram em
 []


Underfull \hbox (badness 10000) in paragraph at lines 1261--1317
\TU/FreeSerif(0)/m/n/14.4 em Hor-Gidgade. [][] []E par-ti-dos de
 []


Underfull \hbox (badness 6461) in paragraph at lines 1261--1317
\TU/FreeSerif(0)/m/n/14.4 Hor-Gidgade, as-sen-ta-ram em Jot-batá.
 []


Underfull \hbox (badness 7685) in paragraph at lines 1261--1317
[][] []\TU/FreeSerif(0)/m/n/14.4 E par-ti-dos de Jot-batá, as-sen-ta-ram
 []


Underfull \hbox (badness 2547) in paragraph at lines 1261--1317
\TU/FreeSerif(0)/m/n/14.4 em Abrona. [][] []E par-ti-dos de Abrona,
 []


Underfull \hbox (badness 2671) in paragraph at lines 1261--1317
\TU/FreeSerif(0)/m/n/14.4 Ca-des, as-sen-ta-ram no monte de Hor,
 []


Underfull \hbox (badness 1496) in paragraph at lines 1261--1317
\TU/FreeSerif(0)/m/n/14.4 na ex-tre-mi-dade da terra de Edom. [][]
 []


Underfull \hbox (badness 2443) in paragraph at lines 1261--1317
[][] []\TU/FreeSerif(0)/m/n/14.4 E par-ti-dos de Zal-mona, as-sen-ta-ram
 []


Underfull \hbox (badness 3690) in paragraph at lines 1261--1317
\TU/FreeSerif(0)/m/n/14.4 em Pu-nom. [][] []E par-ti-dos de Pu-nom,
 []


Underfull \hbox (badness 10000) in paragraph at lines 1261--1317
\TU/FreeSerif(0)/m/n/14.4 as-sen-ta-ram em Obote. [][] []E par-ti-dos
 []


Underfull \hbox (badness 1924) in paragraph at lines 1261--1317
\TU/FreeSerif(0)/m/n/14.4 de Obote, as-sen-ta-ram em Ijé-Abarim;
 []


Underfull \hbox (badness 1466) in paragraph at lines 1261--1317
\TU/FreeSerif(0)/m/n/14.4 no termo de Mo-abe. [][] []E par-ti-dos de
 []


Underfull \hbox (badness 2005) in paragraph at lines 1261--1317
\TU/FreeSerif(0)/m/n/14.4 Je-ricó. [][] []Finalmente as-sen-ta-ram junto
 []


Underfull \hbox (badness 10000) in paragraph at lines 1261--1317
\TU/FreeSerif(0)/m/n/14.4 ao Jor-dão, desde Bete-Jesimote até
 []


Underfull \vbox (badness 10000) has occurred while \output is active []

 [198]
Underfull \vbox (badness 10000) has occurred while \output is active []


Underfull \vbox (badness 10000) has occurred while \output is active []

 [199]

LaTeX Warning: Reference `0' on page 200 undefined on input line 1320.


Underfull \hbox (badness 1270) in paragraph at lines 1320--1349
\TU/FreeSerif(0)/m/n/14.4 o monte de Hor; [][] []Do monte de Hor
 []


LaTeX Warning: Reference `0' on page 200 undefined on input line 1352.


Underfull \hbox (badness 1112) in paragraph at lines 1352--1386
\TU/FreeSerif(0)/m/n/14.4 de Mo-abe, junto ao Jor-dão de Je-ricó,
 []


Underfull \hbox (badness 1231) in paragraph at lines 1352--1386
\TU/FreeSerif(0)/m/n/14.4 deem aos le-vi-tas da pos-ses-são de sua
 []


Underfull \hbox (badness 1168) in paragraph at lines 1352--1386
\TU/FreeSerif(0)/m/n/14.4 se-rão de re-fú-gio, as quais da-reis para
 []


Underfull \hbox (badness 1014) in paragraph at lines 1352--1386
\TU/FreeSerif(0)/m/n/14.4 qual se ha-via aco-lhido; e mo-rará nela
 []


Underfull \hbox (badness 1728) in paragraph at lines 1352--1386
\TU/FreeSerif(0)/m/n/14.4 o sa-cer-dote. [][] []E não con-ta-mi-na-reis a
 []

[200]
Underfull \vbox (badness 10000) has occurred while \output is active []


Underfull \vbox (badness 10000) has occurred while \output is active []

 [201]

LaTeX Warning: Reference `0' on page 202 undefined on input line 1389.


Underfull \vbox (badness 10000) has occurred while \output is active []

 [202])
("./source/AT/05 - DEU_src.tex"
- LAST -
Extra skip:0.144pt
Left:46.19989pt/0.144pt
Right:46.19989pt/0.0pt
Split: 48.74986pt
Output:48.74986pt
Pageshrink: 0.0pt
Pagestretch: 0.0pt
@colht:660.06499pt
FLUSHEND [output]: 48.74986pt
FLUSHEND [leftcolumn badness]: 10000
FUSHEND [rightcolumn badness]: 10000
 [203]
Underfull \hbox (badness 3019) in paragraph at lines 6--52
\TU/FreeSerif(0)/m/n/14.4 na pla-ní-cie di-ante do mar Ver-me-lho,
 []


Underfull \hbox (badness 1303) in paragraph at lines 6--52
\TU/FreeSerif(0)/m/n/14.4 os po-nha por vos-sos che-fes”. [][] []E me
 []


Underfull \hbox (badness 1297) in paragraph at lines 6--52
\TU/FreeSerif(0)/m/n/14.4 e jul-gai jus-ta-mente en-tre o ho-mem e
 []


Underfull \hbox (badness 1817) in paragraph at lines 6--52
\TU/FreeSerif(0)/m/n/14.4 tudo o que ha-ví-eis de fa-zer. [][] []Então
 []


Underfull \hbox (badness 5245) in paragraph at lines 6--52
\TU/FreeSerif(0)/m/n/14.4 mon-ta-nhosa dos amor-reus, a qual o
 []


Underfull \hbox (badness 2343) in paragraph at lines 6--52
\TU/FreeSerif(0)/m/n/14.4 doze ho-mens de vós, um ho-mem de
 []


Underfull \hbox (badness 2564) in paragraph at lines 6--52
\TU/FreeSerif(0)/m/n/14.4 e lu-ta-re-mos, con-forme tudo o que o
 []


Underfull \hbox (badness 1281) in paragraph at lines 6--52
\TU/FreeSerif(0)/m/n/14.4 de vos-sos ini-mi-gos[]’[][]”. [][] []E vos fa-lei
, e
 []


Underfull \hbox (badness 1259) in paragraph at lines 6--52
\TU/FreeSerif(0)/m/n/14.4 vos pres-tou ou-vido. [][] []E es-ti-ves-tes em
 []


Underfull \vbox (badness 10000) has occurred while \output is active []

 [204


]
Underfull \vbox (badness 10000) has occurred while \output is active []


Underfull \vbox (badness 10000) has occurred while \output is active []

 [205]

LaTeX Warning: Reference `0' on page 206 undefined on input line 55.


Underfull \hbox (badness 4242) in paragraph at lines 55--92
\TU/FreeSerif(0)/m/n/14.4 ca-mi-nho do mar Ver-me-lho, como o
 []


Underfull \hbox (badness 1194) in paragraph at lines 55--92
\TU/FreeSerif(0)/m/n/14.4 monte de Seir por mui-tos dias. [][] []E o
 []


Underfull \hbox (badness 1132) in paragraph at lines 55--92
\TU/FreeSerif(0)/m/n/14.4 e tam-bém com-pra-reis de-les a água, e
 []


Underfull \hbox (badness 1688) in paragraph at lines 55--92
\TU/FreeSerif(0)/m/n/14.4 e mu-lhe-res, e cri-an-ças; não dei-xa-mos
 []


Underfull \vbox (badness 6284) has occurred while \output is active []

 [206]
Underfull \vbox (badness 1931) has occurred while \output is active []



LaTeX Warning: Reference `0' on page 207 undefined on input line 95.


Underfull \hbox (badness 10000) in paragraph at lines 103--103
[][][][] \TU/FreeSerif(0)/b/n/10 3:9 \TU/FreeSerif(0)/m/n/10 NT: Pro-vá-vel co
-men-tá-rio in-se-rido du-rante a
 []

[207]
Underfull \vbox (badness 6284) has occurred while \output is active []



LaTeX Warning: Reference `0' on page 208 undefined on input line 129.


Underfull \hbox (badness 1436) in paragraph at lines 129--178
\TU/FreeSerif(0)/m/n/14.4 que foi atrás de Baal-Peor des-truiu o
 []


Underfull \hbox (badness 1342) in paragraph at lines 129--178
\TU/FreeSerif(0)/m/n/14.4 ar-dia em fogo até em meio dos céus
 []


Underfull \hbox (badness 1721) in paragraph at lines 129--178
\TU/FreeSerif(0)/m/n/14.4 o qual vos man-dou pôr por obra, os
 []


Underfull \hbox (badness 3780) in paragraph at lines 129--178
\TU/FreeSerif(0)/m/n/14.4 para possuí-la. [][] []Guardai pois muito
 []


Underfull \hbox (badness 1117) in paragraph at lines 129--178
\TU/FreeSerif(0)/m/n/14.4 te dá por he-rança. [][] []Assim eu vou a
 []


Underfull \hbox (badness 1173) in paragraph at lines 129--178
\TU/FreeSerif(0)/m/n/14.4 ele es-ta-be-le-ceu con-vosco, e vos fa-çais
 []


Underfull \vbox (badness 10000) has occurred while \output is active []

 [208]
Underfull \vbox (badness 10000) has occurred while \output is active []


Underfull \vbox (badness 10000) has occurred while \output is active []

 [209]
Underfull \vbox (badness 10000) has occurred while \output is active []


Underfull \vbox (badness 10000) has occurred while \output is active []

 [210]

LaTeX Warning: Reference `0' on page 211 undefined on input line 181.


Underfull \hbox (badness 4096) in paragraph at lines 181--214
[][] []\TU/FreeSerif(0)/m/n/14.4 E cha-mou Moi-sés a todo Is-rael, e
 []


Underfull \hbox (badness 1028) in paragraph at lines 181--214
\TU/FreeSerif(0)/m/n/14.4 disse-lhes: []Ouve, Is-rael, os es-ta-tu-tos e
 []


Underfull \vbox (badness 10000) has occurred while \output is active []

 [211]
Underfull \vbox (badness 10000) has occurred while \output is active []



LaTeX Warning: Reference `0' on page 212 undefined on input line 217.


Underfull \hbox (badness 1072) in paragraph at lines 217--242
\TU/FreeSerif(0)/m/n/14.4 que te vá bem, e se-jais mul-ti-pli-ca-dos,
 []


Underfull \hbox (badness 3492) in paragraph at lines 217--242
\TU/FreeSerif(0)/m/n/14.4 e seus tes-te-mu-nhos, e seus es-ta-tu-tos,
 []


Underfull \hbox (badness 3343) in paragraph at lines 217--242
\TU/FreeSerif(0)/m/n/14.4 que te man-dou. [][] []E fa-rás o cor-reto
 []


Underfull \hbox (badness 2334) in paragraph at lines 217--242
\TU/FreeSerif(0)/m/n/14.4 e bom aos olhos do SE-NHOR, para
 []


Underfull \hbox (badness 1546) in paragraph at lines 217--242
\TU/FreeSerif(0)/m/n/14.4 que te vá bem, e en-tres e pos-suas a
 []


Underfull \hbox (badness 2326) in paragraph at lines 217--242
\TU/FreeSerif(0)/m/n/14.4 pais; [][] []Para que ele ex-pulse a to-dos
 []


Underfull \hbox (badness 2351) in paragraph at lines 217--242
\TU/FreeSerif(0)/m/n/14.4 o SE-NHOR disse. [][] []Quando ama-nhã
 []


Underfull \hbox (badness 1983) in paragraph at lines 217--242
\TU/FreeSerif(0)/m/n/14.4 te per-gun-tar teu fi-lho, di-zendo: “  []Que
 []

[212]
Underfull \vbox (badness 10000) has occurred while \output is active []



LaTeX Warning: Reference `0' on page 213 undefined on input line 245.


Underfull \hbox (badness 1259) in paragraph at lines 245--271
\TU/FreeSerif(0)/m/n/14.4 para possuí-la, e hou-ver ex-pul-sado de
 []


Underfull \hbox (badness 1014) in paragraph at lines 245--271
\TU/FreeSerif(0)/m/n/14.4 com-pleto as des-trui-rás: não fa-rás com
 []


Underfull \hbox (badness 1303) in paragraph at lines 245--271
\TU/FreeSerif(0)/m/n/14.4 mão forte, e vos res-ga-tou de casa de
 []

[213]
Underfull \vbox (badness 10000) has occurred while \output is active []



LaTeX Warning: Reference `0' on page 214 undefined on input line 274.


Underfull \hbox (badness 10000) in paragraph at lines 274--294
[][] [][]\TU/FreeSerif(0)/m/n/14.4 Cui-da-reis de pôr por obra todo
 []


Underfull \hbox (badness 1769) in paragraph at lines 274--294
\TU/FreeSerif(0)/m/n/14.4 man-da-mento que eu vos or-deno hoje,
 []


Underfull \hbox (badness 1776) in paragraph at lines 274--294
\TU/FreeSerif(0)/m/n/14.4 e en-treis, e pos-su-ais a terra, da qual
 []


Underfull \hbox (badness 1565) in paragraph at lines 274--294
\TU/FreeSerif(0)/m/n/14.4 te trouxe o SE-NHOR teu Deus es-tes
 []


Underfull \hbox (badness 1648) in paragraph at lines 274--294
\TU/FreeSerif(0)/m/n/14.4 pais a co-nhe-ciam; para fazer-te sa-ber
 []


Underfull \hbox (badness 3780) in paragraph at lines 274--294
\TU/FreeSerif(0)/m/n/14.4 por es-tes qua-renta anos. [][] []Reconhece
 []


Underfull \hbox (badness 2189) in paragraph at lines 274--294
\TU/FreeSerif(0)/m/n/14.4 man-da-men-tos do SE-NHOR teu Deus,
 []


Underfull \hbox (badness 2486) in paragraph at lines 274--294
\TU/FreeSerif(0)/m/n/14.4 de fon-tes, de ma-nan-ci-ais que bro-tam
 []


Underfull \hbox (badness 2478) in paragraph at lines 274--294
[][] []\TU/FreeSerif(0)/m/n/14.4 Guarda-te, que não te es-que-ças do
 []


Underfull \vbox (badness 10000) has occurred while \output is active []

 [214]
Underfull \vbox (badness 10000) has occurred while \output is active []



LaTeX Warning: Reference `0' on page 215 undefined on input line 297.


Underfull \hbox (badness 1546) in paragraph at lines 297--326
\TU/FreeSerif(0)/m/n/14.4 do gi-gante?[]” [][] []Sabe, pois, hoje que o
 []


Underfull \hbox (badness 1803) in paragraph at lines 297--326
\TU/FreeSerif(0)/m/n/14.4 de di-ante de ti, di-zendo: “  []Por mi-nha
 []


Underfull \hbox (badness 1137) in paragraph at lines 297--326
\TU/FreeSerif(0)/m/n/14.4 sem co-mer pão nem be-ber água: [][] []E
 []


Underfull \hbox (badness 1043) in paragraph at lines 297--326
\TU/FreeSerif(0)/m/n/14.4 desviando-vos logo do ca-mi-nho que o
 []


Underfull \hbox (badness 1354) in paragraph at lines 297--326
\TU/FreeSerif(0)/m/n/14.4 e tua he-rança que res-ga-taste com tua
 []

[215]
Underfull \vbox (badness 10000) has occurred while \output is active []


Underfull \vbox (badness 10000) has occurred while \output is active []

 [216]

LaTeX Warning: Reference `0' on page 217 undefined on input line 329.


Underfull \hbox (badness 1910) in paragraph at lines 337--337
[][][][] \TU/FreeSerif(0)/b/n/10 10:6-9 \TU/FreeSerif(0)/m/n/10 NT: Pro-vá-vel
 co-men-tá-rio in-se-rido du-rante a
 []


Underfull \hbox (badness 1354) in paragraph at lines 329--351
\TU/FreeSerif(0)/m/n/14.4 dia. [][] []Circuncidai pois o pre-pú-cio de
 []


Underfull \vbox (badness 6284) has occurred while \output is active []

 [217]

LaTeX Warning: Reference `0' on page 218 undefined on input line 354.


Underfull \hbox (badness 3601) in paragraph at lines 354--386
\TU/FreeSerif(0)/m/n/14.4 to-dos os dias. [][] []E com-pre-en-dei hoje:
 []


Underfull \hbox (badness 1337) in paragraph at lines 354--386
\TU/FreeSerif(0)/m/n/14.4 se-me-a-vas tua se-mente, e re-ga-vas com
 []


Underfull \hbox (badness 1412) in paragraph at lines 354--386
\TU/FreeSerif(0)/m/n/14.4 lu-gar que pi-sar a planta de vosso pé,
 []


Underfull \hbox (badness 1052) in paragraph at lines 354--386
\TU/FreeSerif(0)/m/n/14.4 do SE-NHOR vosso Deus, que eu vos
 []


Underfull \vbox (badness 10000) has occurred while \output is active []

 [218]
Underfull \vbox (badness 10000) has occurred while \output is active []



LaTeX Warning: Reference `0' on page 219 undefined on input line 389.


Underfull \hbox (badness 1112) in paragraph at lines 389--421
\TU/FreeSerif(0)/m/n/14.4 que o SE-NHOR o Deus de teus pais
 []


Underfull \hbox (badness 2302) in paragraph at lines 389--421
\TU/FreeSerif(0)/m/n/14.4 te deu para que a pos-suas, to-dos os
 []


Underfull \hbox (badness 1281) in paragraph at lines 389--421
\TU/FreeSerif(0)/m/n/14.4 e vos-sos sa-cri-fí-cios, e vos-sos dí-zi-mos,
 []


Underfull \hbox (badness 1521) in paragraph at lines 389--421
\TU/FreeSerif(0)/m/n/14.4 e a oferta ele-vada de vos-sas mãos, e
 []


Underfull \hbox (badness 1314) in paragraph at lines 389--421
\TU/FreeSerif(0)/m/n/14.4 que não ofe-re-ças teus ho-lo-caus-tos em
 []

[219]
Underfull \vbox (badness 10000) has occurred while \output is active []


Underfull \vbox (badness 10000) has occurred while \output is active []

 [220]

LaTeX Warning: Reference `0' on page 221 undefined on input line 424.


Underfull \hbox (badness 1394) in paragraph at lines 424--442
\TU/FreeSerif(0)/m/n/14.4 sa-í-ram do meio de ti, que ins-ti-ga-ram
 []


Underfull \vbox (badness 10000) has occurred while \output is active []

 [221]

LaTeX Warning: Reference `0' on page 222 undefined on input line 445.


Underfull \hbox (badness 4303) in paragraph at lines 445--474
\TU/FreeSerif(0)/m/n/14.4 co-me-rás. [][] []Estes são os ani-mais que
 []


Underfull \hbox (badness 1210) in paragraph at lines 445--474
\TU/FreeSerif(0)/m/n/14.4 e ca-bra sel-va-gem. [][] []E todo ani-mal de
 []


Underfull \hbox (badness 1635) in paragraph at lines 445--474
\TU/FreeSerif(0)/m/n/14.4 e que ru-mi-nar en-tre os ani-mais, esse
 []


Underfull \vbox (badness 10000) has occurred while \output is active []

 [222]

LaTeX Warning: Reference `0' on page 223 undefined on input line 477.


Underfull \hbox (badness 6188) in paragraph at lines 477--500
\TU/FreeSerif(0)/m/n/14.4 a seu de-ve-dor todo aquele que fez
 []


Underfull \hbox (badness 1668) in paragraph at lines 477--500
\TU/FreeSerif(0)/m/n/14.4 a seu pró-ximo: não o exi-girá mais a
 []


Underfull \hbox (badness 1371) in paragraph at lines 477--500
\TU/FreeSerif(0)/m/n/14.4 mas tu não to-ma-rás em-pres-tado; e te
 []


Underfull \hbox (badness 1178) in paragraph at lines 477--500
\TU/FreeSerif(0)/m/n/14.4 que o SE-NHOR teu Deus te dá, não
 []


Underfull \hbox (badness 1728) in paragraph at lines 477--500
\TU/FreeSerif(0)/m/n/14.4 a ele tua mão ge-ne-ro-sa-mente, e com
 []


Underfull \vbox (badness 10000) has occurred while \output is active []

 [223]
Underfull \vbox (badness 10000) has occurred while \output is active []



LaTeX Warning: Reference `0' on page 224 undefined on input line 503.


Underfull \hbox (badness 2134) in paragraph at lines 503--525
[][] [][]\TU/FreeSerif(0)/m/n/14.4 Guar-da-rás o mês de Abibe, e fa-rás
 []


Underfull \hbox (badness 1776) in paragraph at lines 503--525
\TU/FreeSerif(0)/m/n/14.4 teu Deus hou-ver es-co-lhido para fa-zer
 []

[224]
Underfull \vbox (badness 10000) has occurred while \output is active []



LaTeX Warning: Reference `0' on page 225 undefined on input line 528.


Underfull \hbox (badness 1057) in paragraph at lines 528--548
\TU/FreeSerif(0)/m/n/14.4 rei so-bre ti: não po-de-rás pôr so-bre ti
 []


Underfull \hbox (badness 1394) in paragraph at lines 528--548
[][] []\TU/FreeSerif(0)/m/n/14.4 Porém que não se au-mente ca-va-los,
 []


Underfull \hbox (badness 1354) in paragraph at lines 528--548
\TU/FreeSerif(0)/m/n/14.4 reino, que há de es-cre-ver para si em
 []

[225]
Underfull \vbox (badness 10000) has occurred while \output is active []



LaTeX Warning: Reference `0' on page 226 undefined on input line 551.


Underfull \hbox (badness 1331) in paragraph at lines 551--573
\TU/FreeSerif(0)/m/n/14.4 é a sua he-rança, como ele lhes disse.
 []


Underfull \hbox (badness 1616) in paragraph at lines 551--573
[][] []\TU/FreeSerif(0)/m/n/14.4 E este será o di-reito dos sa-cer-do-tes
 []


Underfull \hbox (badness 1810) in paragraph at lines 551--573
\TU/FreeSerif(0)/m/n/14.4 e o es-tô-mago. [][] []As pri-mí-cias de teus
 []


Underfull \hbox (badness 4132) in paragraph at lines 551--573
\TU/FreeSerif(0)/m/n/14.4 nem agou-reiro, nem in-ter-pre-ta-dor de
 []

[226]
Underfull \vbox (badness 10000) has occurred while \output is active []



LaTeX Warning: Reference `0' on page 227 undefined on input line 576.


Underfull \hbox (badness 1394) in paragraph at lines 576--597
\TU/FreeSerif(0)/m/n/14.4 dá a ti, e tu as her-da-res, e ha-bi-ta-res
 []


Underfull \hbox (badness 2221) in paragraph at lines 576--597
\TU/FreeSerif(0)/m/n/14.4 em suas ci-da-des, e em suas ca-sas; [][]
 []


Underfull \hbox (badness 1107) in paragraph at lines 576--597
\TU/FreeSerif(0)/m/n/14.4 san-gue ino-cente, e te irá bem. [][] []Não
 []


Underfull \hbox (badness 1418) in paragraph at lines 576--597
\TU/FreeSerif(0)/m/n/14.4 dito de duas tes-te-mu-nhas, ou no dito
 []

[227]
Underfull \vbox (badness 10000) has occurred while \output is active []



LaTeX Warning: Reference `0' on page 228 undefined on input line 600.


Underfull \hbox (badness 3557) in paragraph at lines 600--620
[][] [][]\TU/FreeSerif(0)/m/n/14.4 Quando sa-í-res à guerra con-tra teus
 []


Underfull \hbox (badness 1248) in paragraph at lines 600--620
[][] []\TU/FreeSerif(0)/m/n/14.4 Assim fa-rás a to-das as ci-da-des que
 []


Underfull \hbox (badness 1062) in paragraph at lines 600--620
\TU/FreeSerif(0)/m/n/14.4 e aos ca-na-neus, e aos pe-ri-zeus, e aos
 []

[228]

LaTeX Warning: Reference `0' on page 229 undefined on input line 623.


Underfull \hbox (badness 3536) in paragraph at lines 623--646
[][] [][]\TU/FreeSerif(0)/m/n/14.4 Quando for achado na terra que o
 []


Underfull \hbox (badness 1184) in paragraph at lines 623--646
\TU/FreeSerif(0)/m/n/14.4 SE-NHOR teu Deus te dá para que a
 []


Underfull \hbox (badness 1024) in paragraph at lines 623--646
\TU/FreeSerif(0)/m/n/14.4 das va-cas uma be-zerra que não te-nha
 []


Underfull \vbox (badness 10000) has occurred while \output is active []


Underfull \vbox (badness 10000) has occurred while \output is active []

 [229]
Underfull \vbox (badness 10000) has occurred while \output is active []



LaTeX Warning: Reference `0' on page 230 undefined on input line 649.

[230]
Underfull \vbox (badness 10000) has occurred while \output is active []



LaTeX Warning: Reference `0' on page 231 undefined on input line 682.


Underfull \hbox (badness 1960) in paragraph at lines 682--707
\TU/FreeSerif(0)/m/n/14.4 o cas-trado. [][] []Não en-trará bas-tardo na
 []


Underfull \hbox (badness 1552) in paragraph at lines 682--707
\TU/FreeSerif(0)/m/n/14.4 paz de-les nem seu bem em to-dos os
 []


Underfull \hbox (badness 1418) in paragraph at lines 682--707
[][] []\TU/FreeSerif(0)/m/n/14.4 E será que ao de-cli-nar da tarde se
 []


Underfull \hbox (badness 2326) in paragraph at lines 682--707
\TU/FreeSerif(0)/m/n/14.4 ali fora; [][] []Terás tam-bém uma es-taca
 []


Underfull \hbox (badness 1694) in paragraph at lines 682--707
\TU/FreeSerif(0)/m/n/14.4 en-tre tuas ar-mas; e será que, quando
 []


Underfull \hbox (badness 2245) in paragraph at lines 682--707
\TU/FreeSerif(0)/m/n/14.4 es-ti-ve-res ali fora, ca-va-rás com ela, e
 []

[231]
Underfull \vbox (badness 10000) has occurred while \output is active []



LaTeX Warning: Reference `0' on page 232 undefined on input line 710.


Underfull \hbox (badness 1769) in paragraph at lines 710--732
\TU/FreeSerif(0)/m/n/14.4 a des-pe-diu, trazê-la de volta a to-mar
 []


Underfull \hbox (badness 1824) in paragraph at lines 710--732
[]\TU/FreeSerif(0)/m/n/14.4 Precisamente lhe de-vol-ve-rás o pe-nhor
 []

[232]
Underfull \vbox (badness 10000) has occurred while \output is active []



LaTeX Warning: Reference `0' on page 233 undefined on input line 735.

[233]
Underfull \vbox (badness 10000) has occurred while \output is active []



LaTeX Warning: Reference `0' on page 234 undefined on input line 757.

[234]
Underfull \vbox (badness 10000) has occurred while \output is active []



LaTeX Warning: Reference `0' on page 235 undefined on input line 779.


Underfull \hbox (badness 1622) in paragraph at lines 779--805
[][] []\TU/FreeSerif(0)/m/n/14.4 E será que, no dia que pas-sar-des o
 []


Underfull \hbox (badness 1137) in paragraph at lines 779--805
\TU/FreeSerif(0)/m/n/14.4 ao povo, quando hou-ver-des pas-sado o
 []

[235]
Underfull \vbox (badness 10000) has occurred while \output is active []



LaTeX Warning: Reference `0' on page 236 undefined on input line 808.


Underfull \hbox (badness 1377) in paragraph at lines 808--876
[][] []\TU/FreeSerif(0)/m/n/14.4 Tirarás muita se-mente ao campo, e
 []


Underfull \hbox (badness 1946) in paragraph at lines 808--876
\TU/FreeSerif(0)/m/n/14.4 gran-des e du-ra-dou-ras, e en-fer-mi-da-des
 []

[236]
Underfull \vbox (badness 10000) has occurred while \output is active []


Underfull \vbox (badness 10000) has occurred while \output is active []

 [237]
Underfull \vbox (badness 10000) has occurred while \output is active []


Underfull \vbox (badness 10000) has occurred while \output is active []

 [238]
Underfull \vbox (badness 10000) has occurred while \output is active []



LaTeX Warning: Reference `0' on page 239 undefined on input line 879.


Underfull \hbox (badness 1052) in paragraph at lines 879--908
\TU/FreeSerif(0)/m/n/14.4 co-nhe-ciam, e que ne-nhuma coisa lhes
 []

[239]
Underfull \vbox (badness 10000) has occurred while \output is active []



LaTeX Warning: Reference `0' on page 240 undefined on input line 911.


Underfull \hbox (badness 2884) in paragraph at lines 911--931
\TU/FreeSerif(0)/m/n/14.4 e seus es-ta-tu-tos e seus re-gu-la-men-tos,
 []


Underfull \hbox (badness 1571) in paragraph at lines 911--931
\TU/FreeSerif(0)/m/n/14.4 e os ser-vi-res; [][] []Declaro-vos hoje que
 []


Underfull \vbox (badness 10000) has occurred while \output is active []

 [240]
Underfull \vbox (badness 10000) has occurred while \output is active []



LaTeX Warning: Reference `0' on page 241 undefined on input line 934.


Underfull \vbox (badness 10000) has occurred while \output is active []

 [241]
Underfull \hbox (badness 1275) in paragraph at lines 934--964
\TU/FreeSerif(0)/m/n/14.4 Jo-sué, e es-pe-ra-ram no ta-ber-ná-culo do
 []


Underfull \vbox (badness 10000) has occurred while \output is active []

 [242]
Underfull \vbox (badness 10000) has occurred while \output is active []



LaTeX Warning: Reference `0' on page 243 undefined on input line 967.


Underfull \hbox (badness 1184) in paragraph at lines 967--1023
\TU/FreeSerif(0)/m/n/14.4 a erva: [][] []Porque in-vo-ca-rei o nome do
 []


Underfull \hbox (badness 1348) in paragraph at lines 967--1023
\TU/FreeSerif(0)/m/n/14.4 e eles te di-rão. [][] []Quando o Al-tís-simo
 []


Underfull \hbox (badness 1895) in paragraph at lines 967--1023
\TU/FreeSerif(0)/m/n/14.4 os fi-lhos dos ho-mens, Es-ta-be-le-ceu os
 []


Underfull \hbox (badness 1939) in paragraph at lines 967--1023
\TU/FreeSerif(0)/m/n/14.4 ter-mos dos po-vos Se-gundo o nú-mero
 []


Underfull \hbox (badness 1142) in paragraph at lines 967--1023
\TU/FreeSerif(0)/m/n/14.4 SE-NHOR é seu povo; Jacó a me-dida
 []


Underfull \hbox (badness 1314) in paragraph at lines 967--1023
\TU/FreeSerif(0)/m/n/14.4 me-nina de seu olho. [][] []Como a águia
 []


Underfull \hbox (badness 3735) in paragraph at lines 967--1023
\TU/FreeSerif(0)/m/n/14.4 a terra e seus fru-tos, e abra-sará os
 []


Underfull \hbox (badness 1052) in paragraph at lines 967--1023
\TU/FreeSerif(0)/m/n/14.4 de mim; eu trago a morte, e eu faço
 []


Underfull \hbox (badness 1270) in paragraph at lines 967--1023
[][] []\TU/FreeSerif(0)/m/n/14.4 Jubilai, ó na-ções, com o povo dele,
 []


Underfull \hbox (badness 1142) in paragraph at lines 967--1023
\TU/FreeSerif(0)/m/n/14.4 por-que ele vin-gará o san-gue dos seus
 []

[243]
Underfull \vbox (badness 1931) has occurred while \output is active []


Underfull \vbox (badness 10000) has occurred while \output is active []

 [244]
Underfull \vbox (badness 1968) has occurred while \output is active []



LaTeX Warning: Reference `0' on page 245 undefined on input line 1026.


Underfull \hbox (badness 3029) in paragraph at lines 1026--1055
\TU/FreeSerif(0)/m/n/14.4 os po-vos; To-dos seus san-tos em tua
 []


Underfull \hbox (badness 1248) in paragraph at lines 1026--1055
\TU/FreeSerif(0)/m/n/14.4 dos seus ir-mãos. [][] []Ele é pre-e-mi-nente
 []


Underfull \hbox (badness 2020) in paragraph at lines 1026--1055
\TU/FreeSerif(0)/m/n/14.4 pon-tas, chi-fres de boi sel-va-gem; com
 []


Underfull \hbox (badness 1281) in paragraph at lines 1026--1055
[][] []\TU/FreeSerif(0)/m/n/14.4 E a Gade disse: []Ben-dito o que fez
 []

[245]
Underfull \vbox (badness 1931) has occurred while \output is active []



LaTeX Warning: Reference `0' on page 246 undefined on input line 1058.


Underfull \hbox (badness 1107) in paragraph at lines 1058--1070
\TU/FreeSerif(0)/m/n/14.4 SE-NHOR. [][] []E enterrou-o no vale, em
 []

[246]) ("./source/AT/06 - JOS_src.tex"
- LAST -
Extra skip:3.1248pt
Left:251.39923pt/3.1248pt
Right:251.39923pt/0.0pt
Split: 253.9492pt
Output:253.9492pt
Pageshrink: 0.0pt
Pagestretch: 0.0pt
@colht:660.06499pt
FLUSHEND [output]: 253.9492pt
FLUSHEND [leftcolumn badness]: 10000
FUSHEND [rightcolumn badness]: 10000
 [247]
Underfull \hbox (badness 1033) in paragraph at lines 6--24
\TU/FreeSerif(0)/m/n/14.4 di-zendo: [][] [][]Meu servo Moi-sés é morto:
 []


Underfull \hbox (badness 1275) in paragraph at lines 6--24
\TU/FreeSerif(0)/m/n/14.4 fa-lou Jo-sué aos ru-be-ni-tas e ga-di-tas, e
 []


LaTeX Warning: Reference `0' on page 248 undefined on input line 27.


Underfull \vbox (badness 10000) has occurred while \output is active []

 [248


]
Underfull \hbox (badness 10000) in paragraph at lines 27--52
[][] []\TU/FreeSerif(0)/m/n/14.4 E Jo-sué, fi-lho de Num, en-viou
 []


Underfull \hbox (badness 2941) in paragraph at lines 27--52
\TU/FreeSerif(0)/m/n/14.4 desde Si-tim dois es-pias se-cre-ta-mente,
 []


Underfull \hbox (badness 1448) in paragraph at lines 27--52
\TU/FreeSerif(0)/m/n/14.4 en-tra-ram em tua casa; por-que vi-e-ram
 []


Underfull \hbox (badness 1917) in paragraph at lines 27--52
\TU/FreeSerif(0)/m/n/14.4 SE-NHOR, que como fiz mi-se-ri-cór-dia
 []


Underfull \hbox (badness 2189) in paragraph at lines 27--52
\TU/FreeSerif(0)/m/n/14.4 ca-mi-nho[]. [][] []E eles lhe dis-se-ram: []Nós
 []


Underfull \hbox (badness 1694) in paragraph at lines 27--52
\TU/FreeSerif(0)/m/n/14.4 se-re-mos de-so-bri-ga-dos deste ju-ra-mento
 []


Underfull \hbox (badness 2875) in paragraph at lines 27--52
\TU/FreeSerif(0)/m/n/14.4 que os se-gui-ram, bus-ca-ram por todo
 []


Underfull \vbox (badness 10000) has occurred while \output is active []

 [249]

LaTeX Warning: Reference `0' on page 250 undefined on input line 55.


Underfull \hbox (badness 1881) in paragraph at lines 55--72
\TU/FreeSerif(0)/m/n/14.4 vós não pas-sas-tes an-tes de agora por
 []


Underfull \hbox (badness 1072) in paragraph at lines 55--72
\TU/FreeSerif(0)/m/n/14.4 se par-ti-rão: por-que as águas que vem
 []


Underfull \vbox (badness 10000) has occurred while \output is active []

 [250]

LaTeX Warning: Reference `0' on page 251 undefined on input line 75.


Underfull \hbox (badness 2326) in paragraph at lines 75--99
\TU/FreeSerif(0)/m/n/14.4 o Jor-dão, o SE-NHOR fa-lou a Jo-sué,
 []


Underfull \hbox (badness 1629) in paragraph at lines 75--99
[]\TU/FreeSerif(0)/m/n/14.4 Naquele dia o SE-NHOR en-gran-de-ceu
 []


Underfull \hbox (badness 1052) in paragraph at lines 75--99
\TU/FreeSerif(0)/m/n/14.4 per-gun-ta-rem vos-sos fi-lhos a seus pais,
 []


Underfull \vbox (badness 10000) has occurred while \output is active []

 [251]

LaTeX Warning: Reference `0' on page 252 undefined on input line 102.


Underfull \hbox (badness 1248) in paragraph at lines 102--117
\TU/FreeSerif(0)/m/n/14.4 in-cir-cun-ci-sos, por-que não ha-viam sido
 []


Underfull \hbox (badness 1062) in paragraph at lines 102--117
\TU/FreeSerif(0)/m/n/14.4 aca-ba-ram de cir-cun-ci-dar toda a gente,
 []


Underfull \hbox (badness 1173) in paragraph at lines 102--117
\TU/FreeSerif(0)/m/n/14.4 dias do mês, pela tarde, nas pla-ní-cies
 []


Underfull \vbox (badness 10000) has occurred while \output is active []

 [252]

LaTeX Warning: Reference `0' on page 253 undefined on input line 120.


Underfull \hbox (badness 10000) in paragraph at lines 120--147
[][] []\TU/FreeSerif(0)/m/n/14.4 Po-rém Je-ricó es-tava fe-chada, bem
 []


Underfull \hbox (badness 4391) in paragraph at lines 120--147
\TU/FreeSerif(0)/m/n/14.4 nin-guém en-trava, nem saía. [][] []Mas o
 []


Underfull \hbox (badness 10000) in paragraph at lines 120--147
\TU/FreeSerif(0)/m/n/14.4 SE-NHOR disse a Jo-sué: []Olha, eu
 []


Underfull \hbox (badness 2662) in paragraph at lines 120--147
\TU/FreeSerif(0)/m/n/14.4 sete vol-tas à ci-dade, e os sa-cer-do-tes
 []


Underfull \hbox (badness 3503) in paragraph at lines 120--147
\TU/FreeSerif(0)/m/n/14.4 le-vando as sete trom-be-tas de chi-fres
 []


Underfull \hbox (badness 2521) in paragraph at lines 120--147
\TU/FreeSerif(0)/m/n/14.4 levantaram-se quando su-bia a alva, e
 []


Underfull \hbox (badness 2875) in paragraph at lines 120--147
\TU/FreeSerif(0)/m/n/14.4 sa-cer-do-tes to-ca-ram as trom-be-tas pela
 []


Underfull \hbox (badness 1052) in paragraph at lines 120--147
\TU/FreeSerif(0)/m/n/14.4 al-guma coisa do aná-tema, por-que não
 []


Underfull \hbox (badness 1838) in paragraph at lines 120--147
\TU/FreeSerif(0)/m/n/14.4 con-sa-grado ao SE-NHOR, e ve-nha ao
 []


Underfull \hbox (badness 1286) in paragraph at lines 120--147
\TU/FreeSerif(0)/m/n/14.4 deu grito, e os sa-cer-do-tes to-ca-ram as
 []


Underfull \hbox (badness 3557) in paragraph at lines 120--147
\TU/FreeSerif(0)/m/n/14.4 e puseram-nos fora do acam-pa-mento
 []


Underfull \hbox (badness 1412) in paragraph at lines 120--147
\TU/FreeSerif(0)/m/n/14.4 en-tre os is-ra-e-li-tas até hoje; por-quanto
 []


Underfull \vbox (badness 10000) has occurred while \output is active []

 [253]
Underfull \vbox (badness 10000) has occurred while \output is active []



LaTeX Warning: Reference `0' on page 254 undefined on input line 150.


Underfull \hbox (badness 1281) in paragraph at lines 150--176
\TU/FreeSerif(0)/m/n/14.4 de ti, Is-rael; não po-de-rás es-tar di-ante
 []


Underfull \hbox (badness 1622) in paragraph at lines 150--176
\TU/FreeSerif(0)/m/n/14.4 a Jo-sué, di-zendo: []Ver-da-dei-ra-mente eu
 []


Underfull \hbox (badness 1072) in paragraph at lines 150--176
\TU/FreeSerif(0)/m/n/14.4 pe-quei con-tra o SE-NHOR o Deus de
 []


Underfull \hbox (badness 1454) in paragraph at lines 150--176
\TU/FreeSerif(0)/m/n/14.4 Is-rael, e fiz as-sim e as-sim: [][] []Que vi
 []

[254]
Underfull \vbox (badness 10000) has occurred while \output is active []


Underfull \vbox (badness 10000) has occurred while \output is active []

 [255]

LaTeX Warning: Reference `0' on page 256 undefined on input line 179.


Underfull \hbox (badness 1147) in paragraph at lines 179--214
\TU/FreeSerif(0)/m/n/14.4 per-se-guido, e que to-dos ha-viam ca-ído
 []


Underfull \hbox (badness 1205) in paragraph at lines 179--214
\TU/FreeSerif(0)/m/n/14.4 dos que ca-í-ram aquele dia, ho-mens e
 []


Underfull \hbox (badness 1342) in paragraph at lines 179--214
\TU/FreeSerif(0)/m/n/14.4 so-bre ele ho-lo-caus-tos ao SE-NHOR, e
 []


Underfull \vbox (badness 10000) has occurred while \output is active []

 [256]
Underfull \vbox (badness 10000) has occurred while \output is active []



LaTeX Warning: Reference `0' on page 257 undefined on input line 217.


Underfull \hbox (badness 1721) in paragraph at lines 217--244
\TU/FreeSerif(0)/m/n/14.4 e suas ci-da-des eram Gi-beão, Que-fira,
 []


Underfull \hbox (badness 1584) in paragraph at lines 217--244
\TU/FreeSerif(0)/m/n/14.4 fe-ri-ram os fi-lhos de Is-rael, por-quanto
 []

[257]
Underfull \vbox (badness 10000) has occurred while \output is active []


Underfull \vbox (badness 10000) has occurred while \output is active []

 [258]

LaTeX Warning: Reference `0' on page 259 undefined on input line 247.


Underfull \hbox (badness 10000) in paragraph at lines 247--290
[][] []\TU/FreeSerif(0)/m/n/14.4 E quando Adoni-Zedeque rei de
 []


Underfull \hbox (badness 1708) in paragraph at lines 247--290
\TU/FreeSerif(0)/m/n/14.4 ho-mens for-tes. [][] []Enviou, pois, a di-zer
 []


Underfull \hbox (badness 1019) in paragraph at lines 247--290
\TU/FreeSerif(0)/m/n/14.4 em Gi-beão: e seguiu-os pelo ca-mi-nho
 []


Underfull \hbox (badness 1033) in paragraph at lines 247--290
\TU/FreeSerif(0)/m/n/14.4 o SE-NHOR lan-çou so-bre eles do céu
 []


Underfull \hbox (badness 1571) in paragraph at lines 247--290
\TU/FreeSerif(0)/m/n/14.4 mui-tos mais mor-re-ram das pe-dras do
 []


Underfull \hbox (badness 2150) in paragraph at lines 247--290
\TU/FreeSerif(0)/m/n/14.4 ao acam-pa-mento em Gil-gal. [][] []Porém
 []


Underfull \hbox (badness 1019) in paragraph at lines 247--290
\TU/FreeSerif(0)/m/n/14.4 for-tes e va-len-tes: por-que as-sim fará o
 []


Underfull \vbox (badness 10000) has occurred while \output is active []

 [259]
Underfull \vbox (badness 10000) has occurred while \output is active []


Underfull \vbox (badness 10000) has occurred while \output is active []

 [260]

LaTeX Warning: Reference `0' on page 261 undefined on input line 293.


Underfull \hbox (badness 2662) in paragraph at lines 293--316
\TU/FreeSerif(0)/m/n/14.4 re-sis-tis-sem com guerra a Is-rael, para
 []


Underfull \hbox (badness 1377) in paragraph at lines 293--316
\TU/FreeSerif(0)/m/n/14.4 destruí-los, e que não lhes fosse feita
 []


Underfull \vbox (badness 10000) has occurred while \output is active []

 [261]

LaTeX Warning: Reference `0' on page 262 undefined on input line 319.


Underfull \vbox (badness 10000) has occurred while \output is active []


Underfull \vbox (badness 10000) has occurred while \output is active []

 [262]

LaTeX Warning: Reference `0' on page 263 undefined on input line 346.


Underfull \hbox (badness 1281) in paragraph at lines 346--379
\TU/FreeSerif(0)/m/n/14.4 resta; to-dos os ter-mos dos fi-lis-teus, e
 []


Underfull \hbox (badness 1635) in paragraph at lines 346--379
\TU/FreeSerif(0)/m/n/14.4 to-dos os ges-su-ri-tas; [][] []Desde Sior, que
 []


Underfull \hbox (badness 1675) in paragraph at lines 346--379
\TU/FreeSerif(0)/m/n/14.4 está di-ante do Egito, até o termo de
 []


Underfull \hbox (badness 1062) in paragraph at lines 346--379
\TU/FreeSerif(0)/m/n/14.4 e Bamote-Baal, e Bete-Baal-Meom; [][]
 []


Underfull \hbox (badness 2529) in paragraph at lines 346--379
\TU/FreeSerif(0)/m/n/14.4 o Jor-dão com seu termo. Esta foi a
 []


Underfull \hbox (badness 1831) in paragraph at lines 346--379
[][] []\TU/FreeSerif(0)/m/n/14.4 E o termo de-les foi Ja-zer, e to-das
 []


Underfull \vbox (badness 1931) has occurred while \output is active []

 [263]
Underfull \vbox (badness 10000) has occurred while \output is active []



LaTeX Warning: Reference `0' on page 264 undefined on input line 382.


Underfull \hbox (badness 1552) in paragraph at lines 382--397
\TU/FreeSerif(0)/m/n/14.4 disse a Moi-sés, ho-mem de Deus, em
 []


Underfull \hbox (badness 1102) in paragraph at lines 382--397
\TU/FreeSerif(0)/m/n/14.4 o co-ra-ção do povo; po-rém eu cum-pri
 []


Underfull \hbox (badness 1142) in paragraph at lines 382--397
\TU/FreeSerif(0)/m/n/14.4 que pi-sou teu pé, será tua, e de teus
 []


Underfull \hbox (badness 1062) in paragraph at lines 382--397
\TU/FreeSerif(0)/m/n/14.4 fi-lho de Je-foné que-ne-zeu, em he-rança
 []

[264]

LaTeX Warning: Reference `0' on page 265 undefined on input line 400.


Underfull \vbox (badness 1142) has occurred while \output is active []


Underfull \hbox (badness 2469) in paragraph at lines 400--463
\TU/FreeSerif(0)/m/n/14.4 e Hormá, [][] []E Zi-cla-gue, e Mad-mana,
 []

[265]
Underfull \vbox (badness 10000) has occurred while \output is active []


Underfull \vbox (badness 10000) has occurred while \output is active []

 [266]

LaTeX Warning: Reference `0' on page 267 undefined on input line 466.


LaTeX Warning: Reference `0' on page 267 undefined on input line 479.


Underfull \hbox (badness 5119) in paragraph at lines 479--497
[][] []\TU/FreeSerif(0)/m/n/14.4 E teve tam-bém por-ção a tribo de
 []


Underfull \hbox (badness 3209) in paragraph at lines 479--497
\TU/FreeSerif(0)/m/n/14.4 Ma-nas-sés, por-que foi pri-mo-gê-nito de
 []


Underfull \hbox (badness 1997) in paragraph at lines 479--497
\TU/FreeSerif(0)/m/n/14.4 e pai de Gi-le-ade, o qual foi ho-mem
 []

[267]
Underfull \vbox (badness 10000) has occurred while \output is active []



LaTeX Warning: Reference `0' on page 268 undefined on input line 500.


Underfull \hbox (badness 2865) in paragraph at lines 500--528
\TU/FreeSerif(0)/m/n/14.4 Je-ricó, Bete-Hogla, e Emeque-Queziz,
 []


Underfull \hbox (badness 1147) in paragraph at lines 500--528
\TU/FreeSerif(0)/m/n/14.4 Ofni, e Geba; doze ci-da-des com suas
 []


Underfull \hbox (badness 1668) in paragraph at lines 500--528
\TU/FreeSerif(0)/m/n/14.4 e Ta-rala, [][] []E Zela, Elefe, Je-bus, que
 []

[268]
Underfull \vbox (badness 10000) has occurred while \output is active []



LaTeX Warning: Reference `0' on page 269 undefined on input line 531.


Underfull \hbox (badness 1314) in paragraph at lines 531--582
[][] []\TU/FreeSerif(0)/m/n/14.4 A se-gunda por-ção saiu para Si-meão,
 []


Underfull \hbox (badness 1377) in paragraph at lines 531--582
\TU/FreeSerif(0)/m/n/14.4 suas fa-mí-lias; e sua he-rança foi en-tre
 []


Underfull \hbox (badness 10000) in paragraph at lines 531--582
\TU/FreeSerif(0)/m/n/14.4 a he-rança dos fi-lhos de Judá. [][] []E
 []


Underfull \hbox (badness 7186) in paragraph at lines 531--582
\TU/FreeSerif(0)/m/n/14.4 ti-ve-ram em sua her-dade a Ber-seba,
 []


Underfull \hbox (badness 1199) in paragraph at lines 531--582
\TU/FreeSerif(0)/m/n/14.4 Seba, e Mo-ladá, [][] []Hazar-Sual, Balá, e
 []


Underfull \hbox (badness 4217) in paragraph at lines 531--582
\TU/FreeSerif(0)/m/n/14.4 Azem, [][] []Eltolade, Be-tul, e Hormá, [][]
 []


Underfull \hbox (badness 2521) in paragraph at lines 531--582
[][] []\TU/FreeSerif(0)/m/n/14.4 A ter-ceira por-ção saiu pe-los fi-lhos
 []


Underfull \hbox (badness 1540) in paragraph at lines 531--582
[][] []\TU/FreeSerif(0)/m/n/14.4 E seu termo sobe até o mar e até
 []


Underfull \hbox (badness 1005) in paragraph at lines 531--582
[][] []\TU/FreeSerif(0)/m/n/14.4 E tor-nando de Sa-ride até ori-ente, o
 []


Underfull \hbox (badness 2512) in paragraph at lines 531--582
\TU/FreeSerif(0)/m/n/14.4 a Ete-Cazim, sai a Ri-mom ro-de-ando
 []


Underfull \hbox (badness 1852) in paragraph at lines 531--582
\TU/FreeSerif(0)/m/n/14.4 ci-da-des com suas al-deias. [][] []A quarta
 []


Underfull \hbox (badness 1436) in paragraph at lines 531--582
\TU/FreeSerif(0)/m/n/14.4 termo até o oci-dente a Aznote-Tabor,
 []


Underfull \hbox (badness 2197) in paragraph at lines 531--582
\TU/FreeSerif(0)/m/n/14.4 e En-Hazor, [][] []E Irom, e Migdal-Ele,
 []


Underfull \hbox (badness 1147) in paragraph at lines 531--582
\TU/FreeSerif(0)/m/n/14.4 de-ze-nove ci-da-des com suas al-deias. [][]
 []


Underfull \hbox (badness 2359) in paragraph at lines 531--582
\TU/FreeSerif(0)/m/n/14.4 com suas al-deias. [][] []A sé-tima por-ção
 []


Underfull \hbox (badness 1137) in paragraph at lines 531--582
\TU/FreeSerif(0)/m/n/14.4 tribo dos fi-lhos de Dã con-forme suas
 []


Underfull \hbox (badness 1005) in paragraph at lines 531--582
\TU/FreeSerif(0)/m/n/14.4 de Num em meio de-les: [][] []Segundo a
 []

[269]
Underfull \vbox (badness 10000) has occurred while \output is active []


Underfull \vbox (badness 10000) has occurred while \output is active []

 [270]

LaTeX Warning: Reference `0' on page 271 undefined on input line 585.


Underfull \hbox (badness 7468) in paragraph at lines 585--594
[][] [][]\TU/FreeSerif(0)/m/n/14.4 Fala aos fi-lhos de Is-rael, di-zendo:
 []


LaTeX Warning: Reference `0' on page 271 undefined on input line 597.


Underfull \hbox (badness 2134) in paragraph at lines 597--642
\TU/FreeSerif(0)/m/n/14.4 de-ram aos le-vi-tas de suas pos-ses-sões,
 []


Underfull \hbox (badness 1132) in paragraph at lines 597--642
\TU/FreeSerif(0)/m/n/14.4 duas vi-las. [][] []E da tribo de Is-sa-car, a
 []

[271]
Underfull \vbox (badness 10000) has occurred while \output is active []


Underfull \vbox (badness 10000) has occurred while \output is active []

 [272]

LaTeX Warning: Reference `0' on page 273 undefined on input line 645.


Underfull \hbox (badness 1888) in paragraph at lines 645--679
\TU/FreeSerif(0)/m/n/14.4 do SE-NHOR vos deu da ou-tra parte
 []


Underfull \hbox (badness 1308) in paragraph at lines 645--679
\TU/FreeSerif(0)/m/n/14.4 tribo de Ma-nas-sés ha-via dado Moi-sés
 []


Underfull \hbox (badness 2310) in paragraph at lines 645--679
\TU/FreeSerif(0)/m/n/14.4 de havê-los aben-ço-ado. [][] []E falou-lhes,
 []


Underfull \hbox (badness 1178) in paragraph at lines 645--679
\TU/FreeSerif(0)/m/n/14.4 de Gade e à meia tribo de Ma-nas-sés
 []


Underfull \hbox (badness 1466) in paragraph at lines 645--679
\TU/FreeSerif(0)/m/n/14.4 de per-se-guir ao SE-NHOR, edi-fi-cando
 []


Underfull \hbox (badness 2134) in paragraph at lines 645--679
\TU/FreeSerif(0)/m/n/14.4 para vós al-tar para ser hoje re-bel-des
 []


Underfull \hbox (badness 1590) in paragraph at lines 645--679
\TU/FreeSerif(0)/m/n/14.4 qual está o ta-ber-ná-culo do SE-NHOR,
 []


Underfull \hbox (badness 2856) in paragraph at lines 645--679
\TU/FreeSerif(0)/m/n/14.4 so-bre ele sa-cri-fí-cios pa-cí-fi-cos, que o
 []


Underfull \hbox (badness 1147) in paragraph at lines 645--679
\TU/FreeSerif(0)/m/n/14.4 o Deus de Is-rael? [][] []O SE-NHOR pôs
 []


Underfull \vbox (badness 10000) has occurred while \output is active []


Underfull \vbox (badness 10000) has occurred while \output is active []

 [273]
Underfull \vbox (badness 10000) has occurred while \output is active []


Underfull \vbox (badness 10000) has occurred while \output is active []

 [274]
Underfull \vbox (badness 10000) has occurred while \output is active []



LaTeX Warning: Reference `0' on page 275 undefined on input line 682.


Underfull \hbox (badness 1102) in paragraph at lines 682--698
\TU/FreeSerif(0)/m/n/14.4 que o SE-NHOR deu re-pouso a Is-rael
 []


Underfull \hbox (badness 1092) in paragraph at lines 682--698
\TU/FreeSerif(0)/m/n/14.4 dele nem à di-reita nem à es-querda; [][]
 []

[275]
Underfull \vbox (badness 10000) has occurred while \output is active []



LaTeX Warning: Reference `0' on page 276 undefined on input line 701.


Underfull \hbox (badness 1803) in paragraph at lines 701--734
\TU/FreeSerif(0)/m/n/14.4 de suas mãos. [][] []E pas-sado o Jor-dão,
 []


Underfull \hbox (badness 2393) in paragraph at lines 701--734
\TU/FreeSerif(0)/m/n/14.4 ca-na-neus, he-teus, gir-ga-seus, he-veus, e
 []


Underfull \hbox (badness 1371) in paragraph at lines 701--734
\TU/FreeSerif(0)/m/n/14.4 não to-le-rará vos-sas re-be-liões e vos-sos
 []


Underfull \hbox (badness 1158) in paragraph at lines 701--734
\TU/FreeSerif(0)/m/n/14.4 para vós ao SE-NHOR para servir-lhe[].
 []


Underfull \hbox (badness 1874) in paragraph at lines 701--734
[][] [][]\TU/FreeSerif(0)/m/n/14.4 Tirai, pois, agora os deu-ses alheios
 []


Underfull \hbox (badness 2495) in paragraph at lines 701--734
\TU/FreeSerif(0)/m/n/14.4 que es-tão en-tre vós, e in-cli-nai vosso
 []


Underfull \hbox (badness 3386) in paragraph at lines 701--734
\TU/FreeSerif(0)/m/n/14.4 nosso Deus ser-vi-re-mos, e à sua voz
 []

[276]
Underfull \vbox (badness 10000) has occurred while \output is active []


Underfull \vbox (badness 10000) has occurred while \output is active []

 [277])
("./source/AT/07 - JDG_src.tex"
[leftcolumn badness]: 1000000 on 13.96074pt
[rightcolumn badness]: 1000000 on 13.96074pt
[leftcolumn badness]: 1000000 on 13.96074pt
[rightcolumn badness]: 1000000 on 13.96074pt
[leftcolumn badness]: 1000000 on 13.96074pt
[rightcolumn badness]: 1000000 on 13.96074pt
[leftcolumn badness]: 1000000 on 13.96074pt
[rightcolumn badness]: 1000000 on 13.96074pt
[leftcolumn badness]: 1000000 on 13.96074pt
[rightcolumn badness]: 1000000 on 13.96074pt
[leftcolumn badness]: 1000000 on 13.96074pt
[rightcolumn badness]: 1000000 on 13.96074pt
- LAST -
Extra skip:20.22475pt
Left:97.49973pt/3.1248pt
Right:80.39978pt/0.0pt
Split: 97.49973pt
Output:97.49973pt
Pageshrink: 0.0pt
Pagestretch: 0.0pt
@colht:660.06499pt
FLUSHEND [output]: 97.49973pt
FLUSHEND [leftcolumn badness]: 0
FUSHEND [rightcolumn badness]: 10000
 [278]
Underfull \hbox (badness 3108) in paragraph at lines 6--45
\TU/FreeSerif(0)/m/n/14.4 e aos pe-ri-zeus. [][] []Mas Adoni-Bezeque
 []


Underfull \hbox (badness 1259) in paragraph at lines 6--45
\TU/FreeSerif(0)/m/n/14.4 por nome à ci-dade, Hormá. [][] []Tomou
 []


Underfull \hbox (badness 1521) in paragraph at lines 6--45
\TU/FreeSerif(0)/m/n/14.4 em meio de-les em Ge-zer. [][] []Também
 []


Underfull \hbox (badness 1052) in paragraph at lines 6--45
\TU/FreeSerif(0)/m/n/14.4 em Qui-trom e aos que ha-bi-ta-vam em
 []


Underfull \hbox (badness 1137) in paragraph at lines 6--45
\TU/FreeSerif(0)/m/n/14.4 Aser não ex-pul-sou aos que ha-bi-ta-vam
 []


Underfull \hbox (badness 1259) in paragraph at lines 6--45
[][] []\TU/FreeSerif(0)/m/n/14.4 em vez disso, Aser mo-rou en-tre os
 []


Underfull \vbox (badness 10000) has occurred while \output is active []

 [279


]
Underfull \vbox (badness 10000) has occurred while \output is active []



LaTeX Warning: Reference `0' on page 280 undefined on input line 48.


Underfull \hbox (badness 1331) in paragraph at lines 48--71
\TU/FreeSerif(0)/m/n/14.4 os deu-ses dos po-vos que es-ta-vam em
 []


Underfull \hbox (badness 1527) in paragraph at lines 48--71
\TU/FreeSerif(0)/m/n/14.4 seus ar-re-do-res, aos quais ado-ra-ram, e
 []


Underfull \hbox (badness 1173) in paragraph at lines 48--71
\TU/FreeSerif(0)/m/n/14.4 SE-NHOR era con-tra eles para o mal,
 []


Underfull \hbox (badness 2229) in paragraph at lines 48--71
\TU/FreeSerif(0)/m/n/14.4 o SE-NHOR lhes ha-via ju-rado; as-sim
 []


Underfull \hbox (badness 3590) in paragraph at lines 48--71
\TU/FreeSerif(0)/m/n/14.4 as-sim. [][] []E quando o SE-NHOR lhes
 []


Underfull \hbox (badness 1082) in paragraph at lines 48--71
\TU/FreeSerif(0)/m/n/14.4 não ex-pul-sa-rei mais de di-ante de-les a
 []

[280]
Underfull \vbox (badness 10000) has occurred while \output is active []



LaTeX Warning: Reference `0' on page 281 undefined on input line 74.


Underfull \hbox (badness 1394) in paragraph at lines 74--105
\TU/FreeSerif(0)/m/n/14.4 to-das as guer-ras de Ca-naã; [][] []Somente
 []


Underfull \hbox (badness 2443) in paragraph at lines 74--105
\TU/FreeSerif(0)/m/n/14.4 ha-via pres-crito a seus pais por meio
 []


Underfull \hbox (badness 5022) in paragraph at lines 74--105
\TU/FreeSerif(0)/m/n/14.4 ha-bi-ta-vam en-tre os ca-na-neus, he-teus,
 []


Underfull \hbox (badness 2846) in paragraph at lines 74--105
\TU/FreeSerif(0)/m/n/14.4 e de-ram suas fi-lhas aos fi-lhos de-les,
 []


Underfull \hbox (badness 4328) in paragraph at lines 74--105
\TU/FreeSerif(0)/m/n/14.4 e ser-vi-ram a seus deu-ses. [][] []Fizeram,
 []


Underfull \hbox (badness 4699) in paragraph at lines 74--105
\TU/FreeSerif(0)/m/n/14.4 pois, os fi-lhos de Is-rael o mal aos
 []


Underfull \hbox (badness 2809) in paragraph at lines 74--105
\TU/FreeSerif(0)/m/n/14.4 olhos do SE-NHOR: e es-que-ci-dos do
 []


Underfull \hbox (badness 1688) in paragraph at lines 74--105
\TU/FreeSerif(0)/m/n/14.4 SE-NHOR se acen-deu con-tra Is-rael, e
 []


Underfull \hbox (badness 1024) in paragraph at lines 74--105
\TU/FreeSerif(0)/m/n/14.4 da Me-so-po-tâ-mia; e ser-vi-ram os fi-lhos
 []


Underfull \hbox (badness 4899) in paragraph at lines 74--105
\TU/FreeSerif(0)/m/n/14.4 e o SE-NHOR sus-ci-tou sal-va-dor aos
 []


Underfull \hbox (badness 2460) in paragraph at lines 74--105
\TU/FreeSerif(0)/m/n/14.4 mor-reu Ot-niel, fi-lho de Que-naz. [][] []E
 []


Underfull \hbox (badness 1308) in paragraph at lines 74--105
[][] []\TU/FreeSerif(0)/m/n/14.4 De tal ma-neira que a em-pu-nha-dura
 []

[281]
Underfull \vbox (badness 10000) has occurred while \output is active []


Underfull \vbox (badness 10000) has occurred while \output is active []

 [282]

LaTeX Warning: Reference `0' on page 283 undefined on input line 108.


Underfull \hbox (badness 1275) in paragraph at lines 108--132
\TU/FreeSerif(0)/m/n/14.4 seu exér-cito se cha-mava Sí-sera, e ele
 []


Underfull \hbox (badness 1142) in paragraph at lines 108--132
\TU/FreeSerif(0)/m/n/14.4 por-que aquele ti-nha no-ve-cen-tos car-ros
 []


Underfull \hbox (badness 2285) in paragraph at lines 108--132
\TU/FreeSerif(0)/m/n/14.4 de ferro: e ha-via afli-gido em grande
 []


Underfull \hbox (badness 1014) in paragraph at lines 108--132
\TU/FreeSerif(0)/m/n/14.4 o SE-NHOR a Sí-sera[]. E levantando-se
 []


Underfull \vbox (badness 10000) has occurred while \output is active []

 [283]

LaTeX Warning: Reference `0' on page 284 undefined on input line 135.


Underfull \hbox (badness 6876) in paragraph at lines 135--166
[][] []\TU/FreeSerif(0)/m/n/14.4 E aquele dia can-tou Dé-bora, com
 []


Underfull \hbox (badness 4726) in paragraph at lines 135--166
\TU/FreeSerif(0)/m/n/14.4 o povo se ofe-re-ceu de sua von-tade,
 []


Underfull \hbox (badness 3260) in paragraph at lines 135--166
\TU/FreeSerif(0)/m/n/14.4 aten-tos, ó prín-ci-pes: “  []Eu can-ta-rei ao
 []


Underfull \hbox (badness 2556) in paragraph at lines 135--166
\TU/FreeSerif(0)/m/n/14.4 ó SE-NHOR, Quando te apar-taste do
 []


Underfull \hbox (badness 1622) in paragraph at lines 135--166
\TU/FreeSerif(0)/m/n/14.4 do SE-NHOR, Até o Si-nai, di-ante do
 []


Underfull \hbox (badness 1466) in paragraph at lines 135--166
\TU/FreeSerif(0)/m/n/14.4 tor-ci-das. [][] []“  []As al-deias ha-viam ces-sado

 []


Underfull \hbox (badness 2689) in paragraph at lines 135--166
\TU/FreeSerif(0)/m/n/14.4 im-pres-sões do co-ra-ção. [][] []Por que te
 []


Underfull \hbox (badness 1742) in paragraph at lines 135--166
\TU/FreeSerif(0)/m/n/14.4 reis e lu-ta-ram: En-tão lu-ta-ram os reis
 []


Underfull \hbox (badness 1215) in paragraph at lines 135--166
\TU/FreeSerif(0)/m/n/14.4 de Me-gido, Mas não le-va-ram des-pojo
 []


Underfull \hbox (badness 1762) in paragraph at lines 135--166
\TU/FreeSerif(0)/m/n/14.4 Pi-saste, ó alma mi-nha, com força. [][]
 []


Underfull \hbox (badness 2326) in paragraph at lines 135--166
\TU/FreeSerif(0)/m/n/14.4 de Hé-ber que-neu; So-bre as mu-lhe-res
 []


Underfull \hbox (badness 2376) in paragraph at lines 135--166
\TU/FreeSerif(0)/m/n/14.4 à es-taca, E sua di-reita a mar-reta de
 []


Underfull \vbox (badness 10000) has occurred while \output is active []

 [284]
Underfull \vbox (badness 10000) has occurred while \output is active []



LaTeX Warning: Reference `0' on page 285 undefined on input line 169.


Underfull \hbox (badness 1603) in paragraph at lines 169--209
\TU/FreeSerif(0)/m/n/14.4 anos. [][] []E a mão de Mi-diã pre-va-le-ceu
 []


Underfull \hbox (badness 5985) in paragraph at lines 169--209
\TU/FreeSerif(0)/m/n/14.4 su-biam os mi-di-a-ni-tas, e ama-le-qui-tas,
 []


Underfull \hbox (badness 3333) in paragraph at lines 169--209
\TU/FreeSerif(0)/m/n/14.4 e os ori-en-tais: su-biam con-tra eles; [][]
 []


Underfull \hbox (badness 1248) in paragraph at lines 169--209
[]\TU/FreeSerif(0)/m/n/14.4 Gi-deão fi-lho de Joás o fez[]. En-tão os
 []


Underfull \hbox (badness 4467) in paragraph at lines 169--209
\TU/FreeSerif(0)/m/n/14.4 ele, que morra ama-nhã. Se é Deus,
 []


Underfull \hbox (badness 1448) in paragraph at lines 169--209
\TU/FreeSerif(0)/m/n/14.4 Baal con-tra o que der-ru-bou seu al-tar[].
 []


Underfull \hbox (badness 1275) in paragraph at lines 169--209
\TU/FreeSerif(0)/m/n/14.4 por-que quando se le-van-tou de ma-nhã,
 []

[285]
Underfull \vbox (badness 10000) has occurred while \output is active []


Underfull \vbox (badness 10000) has occurred while \output is active []

 [286]
Underfull \vbox (badness 10000) has occurred while \output is active []



LaTeX Warning: Reference `0' on page 287 undefined on input line 212.


Underfull \hbox (badness 3657) in paragraph at lines 212--237
\TU/FreeSerif(0)/m/n/14.4 junto à fonte de Ha-rode: e ti-nha o
 []


Underfull \hbox (badness 1622) in paragraph at lines 212--237
\TU/FreeSerif(0)/m/n/14.4 a pro-vi-são do povo e suas trom-be-tas,
 []


Underfull \hbox (badness 1173) in paragraph at lines 212--237
\TU/FreeSerif(0)/m/n/14.4 ata-car, desce ape-nas tu e o teu servo
 []


Underfull \hbox (badness 1721) in paragraph at lines 212--237
\TU/FreeSerif(0)/m/n/14.4 dos ho-mens ar-ma-dos que es-ta-vam no
 []


Underfull \hbox (badness 1052) in paragraph at lines 212--237
\TU/FreeSerif(0)/m/n/14.4 “  []Pelo SE-NHOR e Gi-deão![]”[] [][] []Chegou,

 []


Underfull \hbox (badness 1622) in paragraph at lines 212--237
\TU/FreeSerif(0)/m/n/14.4 à en-trada da vi-gí-lia do meio, quando
 []


Underfull \hbox (badness 2384) in paragraph at lines 212--237
\TU/FreeSerif(0)/m/n/14.4 aca-ba-vam de re-no-var as sen-ti-ne-las; e
 []


Underfull \hbox (badness 1688) in paragraph at lines 212--237
\TU/FreeSerif(0)/m/n/14.4 foi al-vo-ro-çado, e fu-gi-ram gri-tando. [][]
 []


Underfull \hbox (badness 2213) in paragraph at lines 212--237
\TU/FreeSerif(0)/m/n/14.4 acam-pa-mento. E o exér-cito fu-giu até
 []


Underfull \hbox (badness 1092) in paragraph at lines 212--237
\TU/FreeSerif(0)/m/n/14.4 to-dos os ho-mens de Efraim, to-ma-ram
 []

[287]
Underfull \vbox (badness 10000) has occurred while \output is active []


Underfull \vbox (badness 10000) has occurred while \output is active []

 [288]

LaTeX Warning: Reference `0' on page 289 undefined on input line 240.


Underfull \hbox (badness 1596) in paragraph at lines 240--275
\TU/FreeSerif(0)/m/n/14.4 quando ias à guerra con-tra Mi-diã?[] E
 []


Underfull \hbox (badness 1655) in paragraph at lines 240--275
\TU/FreeSerif(0)/m/n/14.4 por es-crito os prin-ci-pais de Su-cote e
 []


Underfull \hbox (badness 1019) in paragraph at lines 240--275
\TU/FreeSerif(0)/m/n/14.4 aos de Su-cote. [][] []Também der-ru-bou a
 []


Underfull \hbox (badness 2310) in paragraph at lines 240--275
\TU/FreeSerif(0)/m/n/14.4 medo; que ainda era jo-vem. [][] []Então
 []


Underfull \hbox (badness 1442) in paragraph at lines 240--275
\TU/FreeSerif(0)/m/n/14.4 uma pe-ti-ção, que cada um me dê os
 []


Underfull \hbox (badness 1221) in paragraph at lines 240--275
[]\TU/FreeSerif(0)/m/n/14.4 E Gi-deão fez de-les um éfode, o qual
 []


Underfull \vbox (badness 10000) has occurred while \output is active []

 [289]
Underfull \vbox (badness 10000) has occurred while \output is active []



LaTeX Warning: Reference `0' on page 290 undefined on input line 278.


Underfull \hbox (badness 1448) in paragraph at lines 278--335
\TU/FreeSerif(0)/m/n/14.4 à casa de seu pai em Ofra, ma-tou a
 []


Underfull \hbox (badness 1082) in paragraph at lines 278--335
\TU/FreeSerif(0)/m/n/14.4 so-bre nós[]. [][] []E a vide lhes res-pon-deu:
 []


Underfull \hbox (badness 1742) in paragraph at lines 278--335
\TU/FreeSerif(0)/m/n/14.4 e que é Si-quém, para que nós a ele
 []


Underfull \hbox (badness 1502) in paragraph at lines 278--335
\TU/FreeSerif(0)/m/n/14.4 como uns mil ho-mens e mu-lhe-res. [][]
 []


Underfull \hbox (badness 1888) in paragraph at lines 278--335
\TU/FreeSerif(0)/m/n/14.4 e quebrou-lhe o crâ-nio. [][] []E logo ele
 []


Underfull \hbox (badness 1107) in paragraph at lines 278--335
\TU/FreeSerif(0)/m/n/14.4 tua es-pada e mata-me, por-que não se
 []

[290]
Underfull \vbox (badness 10000) has occurred while \output is active []


Underfull \vbox (badness 10000) has occurred while \output is active []

 [291]
Underfull \vbox (badness 10000) has occurred while \output is active []


Underfull \vbox (badness 10000) has occurred while \output is active []

 [292]

LaTeX Warning: Reference `0' on page 293 undefined on input line 338.


Underfull \vbox (badness 10000) has occurred while \output is active []

 [293]

LaTeX Warning: Reference `0' on page 294 undefined on input line 359.


Underfull \hbox (badness 1019) in paragraph at lines 359--399
[][] []\TU/FreeSerif(0)/m/n/14.4 Exis-tia en-tão Jefté, gi-le-a-dita, ho-mem

 []


Underfull \hbox (badness 1603) in paragraph at lines 359--399
\TU/FreeSerif(0)/m/n/14.4 Is-rael em-bai-xa-do-res a Seom rei pe-los
 []


Underfull \hbox (badness 1147) in paragraph at lines 359--399
\TU/FreeSerif(0)/m/n/14.4 Teve ele ques-tão con-tra Is-rael, ou fez
 []


Underfull \vbox (badness 10000) has occurred while \output is active []

 [294]
Underfull \vbox (badness 10000) has occurred while \output is active []


Underfull \vbox (badness 10000) has occurred while \output is active []

 [295]

LaTeX Warning: Reference `0' on page 296 undefined on input line 402.


Underfull \hbox (badness 1147) in paragraph at lines 402--417
[][] []\TU/FreeSerif(0)/m/n/14.4 E juntando-se os ho-mens de Efraim,
 []


Underfull \hbox (badness 1082) in paragraph at lines 402--417
\TU/FreeSerif(0)/m/n/14.4 res-pon-deu: []Eu tive, e meu povo, uma
 []


Underfull \hbox (badness 1728) in paragraph at lines 402--417
\TU/FreeSerif(0)/m/n/14.4 suas mãos. [][] []Vendo pois que não me
 []


Underfull \hbox (badness 1762) in paragraph at lines 402--417
\TU/FreeSerif(0)/m/n/14.4 lhe per-gun-ta-vam: []És tu efrai-mita?[] Se
 []


Underfull \hbox (badness 1087) in paragraph at lines 402--417
[]\TU/FreeSerif(0)/m/n/14.4 Si-bo-lete[]; por-que não po-dia pro-nun-ciar
 []


LaTeX Warning: Reference `0' on page 296 undefined on input line 420.

[296]
Underfull \vbox (badness 10000) has occurred while \output is active []



LaTeX Warning: Reference `0' on page 297 undefined on input line 448.


Underfull \vbox (badness 10000) has occurred while \output is active []

 [297]
Underfull \hbox (badness 1264) in paragraph at lines 448--468
\TU/FreeSerif(0)/m/n/14.4 agora um enigma, o qual se nos sete
 []


Underfull \vbox (badness 1968) has occurred while \output is active []

 [298]

LaTeX Warning: Reference `0' on page 299 undefined on input line 471.


Underfull \hbox (badness 1178) in paragraph at lines 471--491
\TU/FreeSerif(0)/m/n/14.4 e entregar-te em mão dos fi-lis-teus[]. E
 []


Underfull \vbox (badness 10000) has occurred while \output is active []

 [299]

LaTeX Warning: Reference `0' on page 300 undefined on input line 494.


Underfull \hbox (badness 2680) in paragraph at lines 494--525
\TU/FreeSerif(0)/m/n/14.4 con-siste sua grande força, e como o
 []


Underfull \hbox (badness 1048) in paragraph at lines 494--525
\TU/FreeSerif(0)/m/n/14.4 dos fi-lis-teus lhe trou-xe-ram sete vi-mes
 []


Underfull \hbox (badness 1005) in paragraph at lines 494--525
[][] []\TU/FreeSerif(0)/m/n/14.4 Mas os fi-lis-teus lan-ça-ram mão dele,
 []


Underfull \hbox (badness 1259) in paragraph at lines 494--525
\TU/FreeSerif(0)/m/n/14.4 se jun-ta-ram para ofe-re-cer sa-cri-fí-cio a
 []


Underfull \hbox (badness 1314) in paragraph at lines 494--525
\TU/FreeSerif(0)/m/n/14.4 Da-gom seu deus, e para alegrar-se; e
 []


Underfull \hbox (badness 2653) in paragraph at lines 494--525
\TU/FreeSerif(0)/m/n/14.4 o co-ra-ção de-les, dis-se-ram: []Cha-mai a
 []


Underfull \vbox (badness 10000) has occurred while \output is active []

 [300]
Underfull \vbox (badness 10000) has occurred while \output is active []



LaTeX Warning: Reference `0' on page 301 undefined on input line 528.


Underfull \hbox (badness 3219) in paragraph at lines 528--541
\TU/FreeSerif(0)/m/n/14.4 ouvindo-o eu, eis que eu te-nho este
 []

[301]

LaTeX Warning: Reference `0' on page 302 undefined on input line 544.


Underfull \hbox (badness 1189) in paragraph at lines 544--575
\TU/FreeSerif(0)/m/n/14.4 ali, disseram-lhe: []Quem te trouxe por
 []


Underfull \hbox (badness 1783) in paragraph at lines 544--575
\TU/FreeSerif(0)/m/n/14.4 con-tra eles; por-que nós ex-plo-ra-mos a
 []


Underfull \hbox (badness 3635) in paragraph at lines 544--575
\TU/FreeSerif(0)/m/n/14.4 acam-pa-mento em Quriate-Jearim, em
 []


Underfull \hbox (badness 1117) in paragraph at lines 544--575
\TU/FreeSerif(0)/m/n/14.4 o campo de Dã, até hoje: está de-trás
 []


Underfull \vbox (badness 10000) has occurred while \output is active []

 [302]
Underfull \vbox (badness 10000) has occurred while \output is active []



LaTeX Warning: Reference `0' on page 303 undefined on input line 578.


Underfull \hbox (badness 1205) in paragraph at lines 578--608
\TU/FreeSerif(0)/m/n/14.4 Je-bus, o dia ha-via de-cli-nado muito: e
 []


Underfull \hbox (badness 2368) in paragraph at lines 578--608
[]\TU/FreeSerif(0)/m/n/14.4 Não, ir-mãos meus, rogo-vos que não
 []

[303]
Underfull \vbox (badness 10000) has occurred while \output is active []


Underfull \vbox (badness 10000) has occurred while \output is active []

 [304]
Underfull \vbox (badness 10000) has occurred while \output is active []



LaTeX Warning: Reference `0' on page 305 undefined on input line 611.


Underfull \hbox (badness 1968) in paragraph at lines 611--659
\TU/FreeSerif(0)/m/n/14.4 to-das as tri-bos de Is-rael, se acha-ram
 []


Underfull \hbox (badness 1655) in paragraph at lines 611--659
\TU/FreeSerif(0)/m/n/14.4 foi morta. [][] []Então to-mando eu mi-nha
 []


Underfull \hbox (badness 1189) in paragraph at lines 611--659
\TU/FreeSerif(0)/m/n/14.4 agir, indo con-tra Gi-beá de Ben-ja-mim,
 []


Underfull \hbox (badness 2205) in paragraph at lines 611--659
\TU/FreeSerif(0)/m/n/14.4 vinte e seis mil ho-mens que ti-ra-vam
 []


Underfull \hbox (badness 1748) in paragraph at lines 611--659
\TU/FreeSerif(0)/m/n/14.4 logo os fi-lhos de Is-rael, e su-bi-ram à
 []


Underfull \hbox (badness 2027) in paragraph at lines 611--659
\TU/FreeSerif(0)/m/n/14.4 casa de Deus, e con-sul-ta-ram a Deus,
 []


Underfull \hbox (badness 1117) in paragraph at lines 611--659
\TU/FreeSerif(0)/m/n/14.4 a ha-viam or-de-nado o pri-meiro dia. [][]
 []


Underfull \hbox (badness 1472) in paragraph at lines 611--659
[]\TU/FreeSerif(0)/m/n/14.4 Porque os fi-lhos de Is-rael su-bi-ram, e
 []


Underfull \hbox (badness 1092) in paragraph at lines 611--659
\TU/FreeSerif(0)/m/n/14.4 e je-ju-a-ram na-quele dia até à tarde; e
 []


Underfull \hbox (badness 1348) in paragraph at lines 611--659
\TU/FreeSerif(0)/m/n/14.4 do SE-NHOR. [][] []E os fi-lhos de Is-rael
 []


Underfull \hbox (badness 1694) in paragraph at lines 611--659
\TU/FreeSerif(0)/m/n/14.4 de Ben-ja-mim, to-dos os quais ti-ra-vam
 []


Underfull \hbox (badness 2922) in paragraph at lines 611--659
\TU/FreeSerif(0)/m/n/14.4 com-bi-na-dos com as em-bos-ca-das, que
 []


Underfull \hbox (badness 1178) in paragraph at lines 611--659
\TU/FreeSerif(0)/m/n/14.4 desde Me-nuá até em frente de Gi-beá
 []


Underfull \hbox (badness 1789) in paragraph at lines 611--659
\TU/FreeSerif(0)/m/n/14.4 até o de-serto, à pe-nha de Ri-mom, e
 []


Underfull \hbox (badness 3919) in paragraph at lines 611--659
[][] []\TU/FreeSerif(0)/m/n/14.4 Assim to-dos os que de Ben-ja-mim
 []

[305]
Underfull \vbox (badness 10000) has occurred while \output is active []


Underfull \vbox (badness 10000) has occurred while \output is active []

 [306]
Underfull \vbox (badness 10000) has occurred while \output is active []



LaTeX Warning: Reference `0' on page 307 undefined on input line 662.


Underfull \hbox (badness 2573) in paragraph at lines 662--687
\TU/FreeSerif(0)/m/n/14.4 di-zendo: []So-frerá morte[]. [][] []E os fi-lhos
 []


Underfull \hbox (badness 2486) in paragraph at lines 662--687
\TU/FreeSerif(0)/m/n/14.4 tribo é hoje cor-tada de Is-rael. [][] []Que
 []


Underfull \hbox (badness 5878) in paragraph at lines 662--687
\TU/FreeSerif(0)/m/n/14.4 dos mais va-len-tes, e mandaram-lhes,
 []


Underfull \hbox (badness 5417) in paragraph at lines 662--687
\TU/FreeSerif(0)/m/n/14.4 di-zendo: []Ide e ponde à es-pada aos
 []


Underfull \hbox (badness 1448) in paragraph at lines 662--687
\TU/FreeSerif(0)/m/n/14.4 dei-tado com ho-mem, e trouxeram-nas
 []


Underfull \hbox (badness 2486) in paragraph at lines 662--687
\TU/FreeSerif(0)/m/n/14.4 que es-ta-vam na pe-nha de Ri-mom, e
 []


Underfull \hbox (badness 3029) in paragraph at lines 662--687
\TU/FreeSerif(0)/m/n/14.4 chamaram-nos em paz. [][] []E vol-ta-ram
 []


Underfull \hbox (badness 1681) in paragraph at lines 662--687
\TU/FreeSerif(0)/m/n/14.4 lhes bas-ta-ram es-tas. [][] []E o povo teve
 []


Underfull \hbox (badness 2635) in paragraph at lines 662--687
\TU/FreeSerif(0)/m/n/14.4 dor por causa de Ben-ja-mim, de que
 []


Underfull \vbox (badness 10000) has occurred while \output is active []

 [307]
Underfull \vbox (badness 10000) has occurred while \output is active []


Underfull \vbox (badness 6284) has occurred while \output is active []

 [308])
("./source/AT/08 - RUT_src.tex"
- LAST -
Extra skip:2.0304pt
Left:131.69962pt/2.0304pt
Right:131.69962pt/0.0pt
Split: 134.24959pt
Output:134.24959pt
Pageshrink: 0.0pt
Pagestretch: 0.0pt
@colht:660.06499pt
FLUSHEND [output]: 134.24959pt
FLUSHEND [leftcolumn badness]: 10000
FUSHEND [rightcolumn badness]: 10000
 [309]
Underfull \hbox (badness 1107) in paragraph at lines 6--28
\TU/FreeSerif(0)/m/n/14.4 de-sam-pa-rada de seus dois fi-lhos e de
 []


Underfull \hbox (badness 1715) in paragraph at lines 6--28
\TU/FreeSerif(0)/m/n/14.4 mi-se-ri-cór-dia, como a fi-zes-tes com os
 []


Underfull \hbox (badness 1783) in paragraph at lines 6--28
\TU/FreeSerif(0)/m/n/14.4 de seu ma-rido: beijou-as logo, e elas
 []


Underfull \hbox (badness 1810) in paragraph at lines 6--28
\TU/FreeSerif(0)/m/n/14.4 e che-ga-ram a Be-lém no prin-cí-pio da
 []


Underfull \vbox (badness 10000) has occurred while \output is active []

 [310


]

LaTeX Warning: Reference `0' on page 311 undefined on input line 31.


Underfull \vbox (badness 10000) has occurred while \output is active []

 [311]

LaTeX Warning: Reference `0' on page 312 undefined on input line 57.


Underfull \vbox (badness 6284) has occurred while \output is active []

 [312]

LaTeX Warning: Reference `0' on page 313 undefined on input line 78.


Underfull \vbox (badness 10000) has occurred while \output is active []

 [313])
("./source/AT/09 - 1SA_src.tex"
- LAST -
Extra skip:3.1392pt
Left:29.09995pt/3.1392pt
Right:29.09995pt/0.0pt
Split: 31.64992pt
Output:31.64992pt
Pageshrink: 0.0pt
Pagestretch: 0.0pt
@colht:660.06499pt
FLUSHEND [output]: 31.64992pt
FLUSHEND [leftcolumn badness]: 10000
FUSHEND [rightcolumn badness]: 10000
 [314]
Underfull \hbox (badness 1783) in paragraph at lines 6--37
[][] []\TU/FreeSerif(0)/m/n/14.4 Houve um ho-mem de Ra-ma-taim de
 []


Underfull \hbox (badness 2790) in paragraph at lines 6--37
\TU/FreeSerif(0)/m/n/14.4 Zo-fim, do monte de Efraim, que se
 []


Underfull \hbox (badness 1189) in paragraph at lines 6--37
\TU/FreeSerif(0)/m/n/14.4 de alma orou ao SE-NHOR, e cho-rou
 []


Underfull \hbox (badness 2261) in paragraph at lines 6--37
[]\TU/FreeSerif(0)/m/n/14.4 SE-NHOR dos exér-ci-tos, se olha-res a
 []


Underfull \vbox (badness 10000) has occurred while \output is active []

 [315


]

LaTeX Warning: Reference `0' on page 316 undefined on input line 40.


Underfull \hbox (badness 3815) in paragraph at lines 40--76
\TU/FreeSerif(0)/m/n/14.4 re-go-zija no SE-NHOR, Meu po-der é
 []


Underfull \hbox (badness 1931) in paragraph at lines 40--76
\TU/FreeSerif(0)/m/n/14.4 so-bre eles tro-ve-jará desde os céus: o
 []


Underfull \hbox (badness 1824) in paragraph at lines 40--76
\TU/FreeSerif(0)/m/n/14.4 de li-nho. [][] []E fazia-lhe sua mãe uma
 []


Underfull \hbox (badness 1616) in paragraph at lines 40--76
\TU/FreeSerif(0)/m/n/14.4 ano, quando su-bia com seu ma-rido a
 []


Underfull \vbox (badness 1968) has occurred while \output is active []

 [316]
Underfull \vbox (badness 1931) has occurred while \output is active []


Underfull \vbox (badness 10000) has occurred while \output is active []

 [317]

LaTeX Warning: Reference `0' on page 318 undefined on input line 79.


Underfull \hbox (badness 10000) in paragraph at lines 79--100
[][] []\TU/FreeSerif(0)/m/n/14.4 E o jo-vem Sa-muel mi-nis-trava ao
 []


Underfull \hbox (badness 1490) in paragraph at lines 79--100
\TU/FreeSerif(0)/m/n/14.4 SE-NHOR era rara na-que-les dias; não
 []


Underfull \hbox (badness 5817) in paragraph at lines 79--100
\TU/FreeSerif(0)/m/n/14.4 ha-via vi-são ma-ni-festa. [][] []E acon-te-ceu
 []


Underfull \hbox (badness 2744) in paragraph at lines 79--100
\TU/FreeSerif(0)/m/n/14.4 res-pon-deu: []Eis-me aqui[]. [][] []E cor-rendo
 []


Underfull \hbox (badness 3108) in paragraph at lines 79--100
\TU/FreeSerif(0)/m/n/14.4 ou-tra vez a Sa-muel. E levantando-se
 []


Underfull \hbox (badness 2237) in paragraph at lines 79--100
[]\TU/FreeSerif(0)/m/n/14.4 Eis-me aqui; para que me cha-maste?[]
 []


Underfull \hbox (badness 3417) in paragraph at lines 79--100
\TU/FreeSerif(0)/m/n/14.4 En-tão en-ten-deu Eli que o SE-NHOR
 []


Underfull \hbox (badness 1158) in paragraph at lines 79--100
[]\TU/FreeSerif(0)/m/n/14.4 Vai, e deita-te: e se te cha-mar, di-rás:
 []


Underfull \hbox (badness 1270) in paragraph at lines 79--100
\TU/FreeSerif(0)/m/n/14.4 “  Fala, SE-NHOR, que teu servo ouve”[].
 []


Underfull \hbox (badness 1521) in paragraph at lines 79--100
\TU/FreeSerif(0)/m/n/14.4 a ini-qui-dade da casa de Eli não será
 []


Underfull \vbox (badness 10000) has occurred while \output is active []

 [318]

LaTeX Warning: Reference `0' on page 319 undefined on input line 103.


Underfull \vbox (badness 10000) has occurred while \output is active []

 [319]

LaTeX Warning: Reference `0' on page 320 undefined on input line 128.


Underfull \hbox (badness 1087) in paragraph at lines 128--140
\TU/FreeSerif(0)/m/n/14.4 res-tado a Da-gom o tronco so-mente. [][]
 []


Underfull \hbox (badness 1286) in paragraph at lines 128--140
\TU/FreeSerif(0)/m/n/14.4 e to-dos os que no tem-plo de Da-gom
 []


LaTeX Warning: Reference `0' on page 320 undefined on input line 143.


Underfull \hbox (badness 5133) in paragraph at lines 143--164
\TU/FreeSerif(0)/m/n/14.4 cha-mando os sa-cer-do-tes e adi-vi-nhos,
 []


Underfull \hbox (badness 2689) in paragraph at lines 143--164
\TU/FreeSerif(0)/m/n/14.4 tor-nar a en-viar a seu lu-gar[]. [][] []E eles
 []


Underfull \hbox (badness 2368) in paragraph at lines 143--164
\TU/FreeSerif(0)/m/n/14.4 dis-se-ram: []Se en-vi-ais a arca do Deus
 []


Underfull \hbox (badness 1142) in paragraph at lines 143--164
\TU/FreeSerif(0)/m/n/14.4 quando a vi-ram. [][] []E o carro veio ao
 []


Underfull \hbox (badness 3780) in paragraph at lines 143--164
\TU/FreeSerif(0)/m/n/14.4 as ci-da-des for-tes até as al-deias sem
 []


Underfull \hbox (badness 2065) in paragraph at lines 143--164
\TU/FreeSerif(0)/m/n/14.4 está no campo de Jo-sué, bete-semita,
 []


Underfull \hbox (badness 3029) in paragraph at lines 143--164
\TU/FreeSerif(0)/m/n/14.4 até hoje. [][] []Então fe-riu Deus aos de
 []

[320]
Underfull \vbox (badness 10000) has occurred while \output is active []


Underfull \vbox (badness 10000) has occurred while \output is active []

 [321]

LaTeX Warning: Reference `0' on page 322 undefined on input line 167.


Underfull \hbox (badness 1259) in paragraph at lines 167--184
\TU/FreeSerif(0)/m/n/14.4 casa de Abi-na-dabe, si-tu-ada no morro;
 []


Underfull \hbox (badness 1092) in paragraph at lines 167--184
\TU/FreeSerif(0)/m/n/14.4 e derramaram-na di-ante do SE-NHOR,
 []


Underfull \hbox (badness 1072) in paragraph at lines 167--184
\TU/FreeSerif(0)/m/n/14.4 e je-ju-a-ram aquele dia, e dis-se-ram ali:
 []


Underfull \hbox (badness 1609) in paragraph at lines 167--184
\TU/FreeSerif(0)/m/n/14.4 que ainda ama-men-tava, e sacrificou-o
 []


Underfull \hbox (badness 2126) in paragraph at lines 167--184
\TU/FreeSerif(0)/m/n/14.4 ferindo-os até abaixo de Bete-Car. [][]
 []


LaTeX Warning: Reference `0' on page 322 undefined on input line 187.


Underfull \hbox (badness 10000) in paragraph at lines 187--209
[][] []\TU/FreeSerif(0)/m/n/14.4 E acon-te-ceu que ha-vendo Sa-muel
 []


Underfull \hbox (badness 1158) in paragraph at lines 187--209
\TU/FreeSerif(0)/m/n/14.4 so-bre Is-rael. [][] []E o nome de seu fi-lho
 []


Underfull \hbox (badness 2027) in paragraph at lines 187--209
[][] []\TU/FreeSerif(0)/m/n/14.4 Então to-dos os an-ci-ãos de Is-rael se
 []


Underfull \hbox (badness 3029) in paragraph at lines 187--209
\TU/FreeSerif(0)/m/n/14.4 Sa-muel orou ao SE-NHOR. [][] []E disse
 []


Underfull \hbox (badness 4660) in paragraph at lines 187--209
\TU/FreeSerif(0)/m/n/14.4 eles. [][] []Conforme to-das as obras que
 []


Underfull \hbox (badness 2103) in paragraph at lines 187--209
\TU/FreeSerif(0)/m/n/14.4 pro-testa con-tra eles declarando-lhes o
 []

[322]
Underfull \vbox (badness 10000) has occurred while \output is active []



LaTeX Warning: Reference `0' on page 323 undefined on input line 212.


Underfull \hbox (badness 1231) in paragraph at lines 212--239
\TU/FreeSerif(0)/m/n/14.4 e va-mos até o vi-dente[]: por-que o que
 []

[323]
Underfull \vbox (badness 10000) has occurred while \output is active []


Underfull \vbox (badness 10000) has occurred while \output is active []

 [324]

LaTeX Warning: Reference `0' on page 325 undefined on input line 242.


Underfull \vbox (badness 10000) has occurred while \output is active []

 [325]
Underfull \vbox (badness 10000) has occurred while \output is active []



LaTeX Warning: Reference `0' on page 326 undefined on input line 272.


Underfull \hbox (badness 6608) in paragraph at lines 272--287
[][] []\TU/FreeSerif(0)/m/n/14.4 E su-biu Naás amo-nita, e as-sen-tou
 []

[326]

LaTeX Warning: Reference `0' on page 327 undefined on input line 290.


Underfull \hbox (badness 1755) in paragraph at lines 290--315
\TU/FreeSerif(0)/m/n/14.4 que me ha-veis dito, e vos pus rei. [][]
 []


Underfull \hbox (badness 2529) in paragraph at lines 290--315
\TU/FreeSerif(0)/m/n/14.4 a mão do SE-NHOR será con-tra vós
 []


Underfull \hbox (badness 1308) in paragraph at lines 290--315
\TU/FreeSerif(0)/m/n/14.4 dia; e todo o povo te-meu em grande
 []


Underfull \vbox (badness 10000) has occurred while \output is active []

 [327]
Underfull \vbox (badness 10000) has occurred while \output is active []



LaTeX Warning: Reference `0' on page 328 undefined on input line 318.


Underfull \hbox (badness 4454) in paragraph at lines 318--341
\TU/FreeSerif(0)/m/n/14.4 que houve dois anos so-bre Is-rael, [][]
 []


Underfull \hbox (badness 1824) in paragraph at lines 318--341
\TU/FreeSerif(0)/m/n/14.4 de Is-rael, vendo-se pos-tos em apu-ros,
 []


Underfull \hbox (badness 1642) in paragraph at lines 318--341
\TU/FreeSerif(0)/m/n/14.4 disse: []Que fi-zeste?[] E Saul res-pon-deu:
 []


Underfull \hbox (badness 2828) in paragraph at lines 318--341
\TU/FreeSerif(0)/m/n/14.4 para si ho-mem se-gundo seu co-ra-ção,
 []

[328]
Underfull \vbox (badness 10000) has occurred while \output is active []



LaTeX Warning: Reference `0' on page 329 undefined on input line 344.


Underfull \hbox (badness 1178) in paragraph at lines 344--396
[]\TU/FreeSerif(0)/m/n/14.4 E seu pa-jem de ar-mas lhe res-pon-deu:
 []


Underfull \hbox (badness 2126) in paragraph at lines 344--396
\TU/FreeSerif(0)/m/n/14.4 per-se-gui-ram na-quela ba-ta-lha. [][] []Assim
 []


Underfull \hbox (badness 1270) in paragraph at lines 344--396
\TU/FreeSerif(0)/m/n/14.4 con-ju-rado ao povo, di-zendo: []Qual-quer
 []


Underfull \hbox (badness 1424) in paragraph at lines 344--396
\TU/FreeSerif(0)/m/n/14.4 trans-gres-são; rolai-me agora aqui uma
 []


Underfull \hbox (badness 1226) in paragraph at lines 344--396
[]\TU/FreeSerif(0)/m/n/14.4 Des-ça-mos de noite con-tra os fi-lis-teus,
 []


Underfull \hbox (badness 1622) in paragraph at lines 344--396
\TU/FreeSerif(0)/m/n/14.4 Is-rael?[] Mas o SE-NHOR não lhe deu
 []

[329]
Underfull \vbox (badness 10000) has occurred while \output is active []


Underfull \vbox (badness 10000) has occurred while \output is active []

 [330]
Underfull \vbox (badness 10000) has occurred while \output is active []


Underfull \vbox (badness 10000) has occurred while \output is active []

 [331]

LaTeX Warning: Reference `0' on page 332 undefined on input line 399.


Underfull \hbox (badness 1931) in paragraph at lines 399--434
\TU/FreeSerif(0)/m/n/14.4 ao SE-NHOR. [][] []Depois disse Sa-muel:
 []


Underfull \vbox (badness 10000) has occurred while \output is active []

 [332]
Underfull \vbox (badness 10000) has occurred while \output is active []



LaTeX Warning: Reference `0' on page 333 undefined on input line 437.


Underfull \hbox (badness 1043) in paragraph at lines 437--460
\TU/FreeSerif(0)/m/n/14.4 En-che teu chi-fre de azeite, e vem, te
 []


Underfull \hbox (badness 1810) in paragraph at lines 437--460
\TU/FreeSerif(0)/m/n/14.4 mo-ços?[] E ele res-pon-deu: []Ainda resta
 []

[333]
Underfull \vbox (badness 10000) has occurred while \output is active []


Underfull \vbox (badness 10000) has occurred while \output is active []

 [334]

LaTeX Warning: Reference `0' on page 335 undefined on input line 463.


Underfull \hbox (badness 1259) in paragraph at lines 463--521
[][] []\TU/FreeSerif(0)/m/n/14.4 E Davi era o mais novo. Se-gui-ram,
 []


Underfull \hbox (badness 1596) in paragraph at lines 463--521
\TU/FreeSerif(0)/m/n/14.4 tam-bém es-tes dez quei-jos de leite ao
 []


Underfull \vbox (badness 10000) has occurred while \output is active []

 [335]
Underfull \vbox (badness 10000) has occurred while \output is active []


Underfull \vbox (badness 10000) has occurred while \output is active []

 [336]
Underfull \vbox (badness 10000) has occurred while \output is active []



LaTeX Warning: Reference `0' on page 337 undefined on input line 524.


Underfull \hbox (badness 1147) in paragraph at lines 524--554
\TU/FreeSerif(0)/m/n/14.4 vol-tou de ma-tar ao fi-lis-teu, sa-í-ram as
 []


Underfull \hbox (badness 1418) in paragraph at lines 524--554
\TU/FreeSerif(0)/m/n/14.4 Saul disse: []Di-zei as-sim a Davi: “  []Não
 []

[337]
Underfull \vbox (badness 10000) has occurred while \output is active []


Underfull \vbox (badness 10000) has occurred while \output is active []

 [338]

LaTeX Warning: Reference `0' on page 339 undefined on input line 557.


Underfull \hbox (badness 1231) in paragraph at lines 557--581
\TU/FreeSerif(0)/m/n/14.4 o ma-tas-sem à ma-nhã. Mas Mi-cal sua
 []


Underfull \hbox (badness 1019) in paragraph at lines 557--581
\TU/FreeSerif(0)/m/n/14.4 que está em Socó, per-gun-tou di-zendo:
 []


Underfull \hbox (badness 1009) in paragraph at lines 557--581
[]\TU/FreeSerif(0)/m/n/14.4 Onde es-tão Sa-muel e Davi?[] E foi-lhe
 []


Underfull \vbox (badness 6284) has occurred while \output is active []

 [339]

LaTeX Warning: Reference `0' on page 340 undefined on input line 584.


Underfull \hbox (badness 1648) in paragraph at lines 584--626
\TU/FreeSerif(0)/m/n/14.4 de Davi es-tava va-zio. E Saul disse a
 []


Underfull \vbox (badness 6284) has occurred while \output is active []

 [340]
Underfull \vbox (badness 10000) has occurred while \output is active []


Underfull \vbox (badness 10000) has occurred while \output is active []

 [341]

LaTeX Warning: Reference `0' on page 342 undefined on input line 629.


Underfull \hbox (badness 3525) in paragraph at lines 629--644
[][] []\TU/FreeSerif(0)/m/n/14.4 E veio Davi a Nobe, a Ai-me-le-que
 []


Underfull \hbox (badness 1681) in paragraph at lines 629--644
\TU/FreeSerif(0)/m/n/14.4 en-co-men-dou um ne-gó-cio, e me disse:
 []


Underfull \hbox (badness 3312) in paragraph at lines 629--644
\TU/FreeSerif(0)/m/n/14.4 do SE-NHOR, para que se pu-ses-sem
 []


LaTeX Warning: Reference `0' on page 342 undefined on input line 647.


Underfull \hbox (badness 1371) in paragraph at lines 647--670
\TU/FreeSerif(0)/m/n/14.4 ao re-dor dele: []Voltai-vos e ma-tai aos
 []


Underfull \vbox (badness 10000) has occurred while \output is active []

 [342]
Underfull \vbox (badness 10000) has occurred while \output is active []


Underfull \vbox (badness 1968) has occurred while \output is active []

 [343]

LaTeX Warning: Reference `0' on page 344 undefined on input line 673.


Underfull \hbox (badness 1072) in paragraph at lines 673--702
\TU/FreeSerif(0)/m/n/14.4 de Queila. [][] []E acon-te-ceu que, fu-gindo
 []


Underfull \hbox (badness 1577) in paragraph at lines 673--702
\TU/FreeSerif(0)/m/n/14.4 Abi-a-tar fi-lho de Ai-me-le-que a Davi a
 []


Underfull \vbox (badness 10000) has occurred while \output is active []

 [344]
Underfull \vbox (badness 10000) has occurred while \output is active []



LaTeX Warning: Reference `0' on page 345 undefined on input line 705.


Underfull \hbox (badness 4505) in paragraph at lines 705--727
[][] []\TU/FreeSerif(0)/m/n/14.4 E quando Saul vol-tou dos fi-lis-teus,
 []


Underfull \hbox (badness 3735) in paragraph at lines 705--727
\TU/FreeSerif(0)/m/n/14.4 Is-rael, foi em busca de Davi e dos
 []


Underfull \hbox (badness 2409) in paragraph at lines 705--727
\TU/FreeSerif(0)/m/n/14.4 seus, pe-los cu-mes dos pe-nhas-cos das
 []

[345]
Underfull \vbox (badness 10000) has occurred while \output is active []



LaTeX Warning: Reference `0' on page 346 undefined on input line 730.


Underfull \hbox (badness 1102) in paragraph at lines 730--774
\TU/FreeSerif(0)/m/n/14.4 ti, e te man-dar que se-jas chefe so-bre
 []

[346]
Underfull \vbox (badness 10000) has occurred while \output is active []


Underfull \vbox (badness 10000) has occurred while \output is active []

 [347]
Underfull \vbox (badness 10000) has occurred while \output is active []



LaTeX Warning: Reference `0' on page 348 undefined on input line 777.


Underfull \hbox (badness 1616) in paragraph at lines 777--802
\TU/FreeSerif(0)/m/n/14.4 di-zendo: []Não está Davi es-con-dido no
 []


Underfull \hbox (badness 1173) in paragraph at lines 777--802
\TU/FreeSerif(0)/m/n/14.4 e er-rei em grande ma-neira[]. [][] []E Davi
 []

[348]
Underfull \vbox (badness 10000) has occurred while \output is active []


Underfull \vbox (badness 10000) has occurred while \output is active []

 [349]

LaTeX Warning: Reference `0' on page 350 undefined on input line 805.


LaTeX Warning: Reference `0' on page 350 undefined on input line 820.


Underfull \hbox (badness 1072) in paragraph at lines 820--845
[][] []\TU/FreeSerif(0)/m/n/14.4 E acon-te-ceu que em aque-les dias os
 []


Underfull \hbox (badness 1968) in paragraph at lines 820--845
\TU/FreeSerif(0)/m/n/14.4 por so-nhos, nem por Urim, nem por
 []


Underfull \hbox (badness 1043) in paragraph at lines 820--845
\TU/FreeSerif(0)/m/n/14.4 o SE-NHOR o reino de tua mão, e o
 []


Underfull \hbox (badness 3019) in paragraph at lines 820--845
\TU/FreeSerif(0)/m/n/14.4 Is-rael tam-bém con-tigo nas mãos dos
 []

[350]
Underfull \vbox (badness 10000) has occurred while \output is active []


Underfull \vbox (badness 6284) has occurred while \output is active []

 [351]

LaTeX Warning: Reference `0' on page 352 undefined on input line 848.


Underfull \hbox (badness 1418) in paragraph at lines 848--859
\TU/FreeSerif(0)/m/n/14.4 em Jez-reel. [][] []E en-quanto os prín-ci-pes
 []


LaTeX Warning: Reference `0' on page 352 undefined on input line 862.


Underfull \hbox (badness 1515) in paragraph at lines 862--893
[][] []\TU/FreeSerif(0)/m/n/14.4 E Quando Davi e os seus vi-e-ram a
 []

[352]
Underfull \vbox (badness 10000) has occurred while \output is active []


Underfull \vbox (badness 10000) has occurred while \output is active []

 [353]

LaTeX Warning: Reference `0' on page 354 undefined on input line 896.


Underfull \hbox (badness 1005) in paragraph at lines 896--909
\TU/FreeSerif(0)/m/n/14.4 e ca-í-ram mor-tos no monte de Gil-boa.
 []


Underfull \hbox (badness 3417) in paragraph at lines 896--909
[][] []\TU/FreeSerif(0)/m/n/14.4 E se-guindo os fi-lis-teus a Saul e a
 []


Underfull \hbox (badness 4366) in paragraph at lines 896--909
\TU/FreeSerif(0)/m/n/14.4 seus fi-lhos, ma-ta-ram a Jô-na-tas, e a
 []


Underfull \hbox (badness 3668) in paragraph at lines 896--909
\TU/FreeSerif(0)/m/n/14.4 Abi-na-dabe, e a Mal-qui-sua, fi-lhos de
 []


Underfull \hbox (badness 2042) in paragraph at lines 896--909
[]\TU/FreeSerif(0)/m/n/14.4 E pu-se-ram suas ar-mas no tem-plo de
 []

) ("./source/AT/10 - 2SA_src.tex"
[leftcolumn badness]: 1000000 on 0.39085pt
[rightcolumn badness]: 1000000 on 0.39085pt
[leftcolumn badness]: 1000000 on 0.39085pt
[rightcolumn badness]: 1000000 on 0.39085pt
[leftcolumn badness]: 1000000 on 0.39085pt
[rightcolumn badness]: 1000000 on 0.39085pt
[leftcolumn badness]: 1000000 on 0.39085pt
[rightcolumn badness]: 1000000 on 0.39085pt
[leftcolumn badness]: 1000000 on 0.39085pt
[rightcolumn badness]: 1000000 on 0.39085pt
[leftcolumn badness]: 1000000 on 0.39085pt
[rightcolumn badness]: 1000000 on 0.39085pt
[leftcolumn badness]: 1000000 on 0.39085pt
[rightcolumn badness]: 1000000 on 0.39085pt
[leftcolumn badness]: 1000000 on 0.39085pt
[rightcolumn badness]: 1000000 on 0.39085pt
[leftcolumn badness]: 1000000 on 0.39085pt
[rightcolumn badness]: 1000000 on 0.39085pt
[leftcolumn badness]: 1000000 on 0.39085pt
[rightcolumn badness]: 1000000 on 0.39085pt
[leftcolumn badness]: 1000000 on 0.39085pt
[rightcolumn badness]: 1000000 on 0.39085pt
[leftcolumn badness]: 1000000 on 0.39085pt
[rightcolumn badness]: 1000000 on 0.39085pt
[leftcolumn badness]: 1000000 on 0.39085pt
[rightcolumn badness]: 1000000 on 0.39085pt
- LAST -
Extra skip:33.80904pt
Left:592.04729pt/3.1248pt
Right:561.36305pt/0.0pt
Split: 592.25514pt
Output:592.25514pt
Pageshrink: 0.0pt
Pagestretch: 0.0pt
@colht:660.06499pt
FLUSHEND [output]: 592.25514pt
FLUSHEND [leftcolumn badness]: 0
FUSHEND [rightcolumn badness]: 10000
 [354]
Underfull \hbox (badness 1028) in paragraph at lines 6--33
\TU/FreeSerif(0)/m/n/14.4 os ho-mens que es-ta-vam com ele. [][] []E
 []


Underfull \vbox (badness 10000) has occurred while \output is active []

 [355
warning  (pdf backend): pop empty color page stack 0


]

LaTeX Warning: Reference `0' on page 356 undefined on input line 36.


Underfull \hbox (badness 10000) in paragraph at lines 36--68
[][] []\TU/FreeSerif(0)/m/n/14.4 De-pois disto acon-te-ceu que Davi
 []


Underfull \hbox (badness 1005) in paragraph at lines 36--68
\TU/FreeSerif(0)/m/n/14.4 lhe res-pon-deu: []Sobe[]. E Davi vol-tou a
 []


Underfull \hbox (badness 1735) in paragraph at lines 36--68
\TU/FreeSerif(0)/m/n/14.4 men-sa-gei-ros aos de Ja-bes de Gi-le-ade,
 []


Underfull \hbox (badness 3396) in paragraph at lines 36--68
\TU/FreeSerif(0)/m/n/14.4 dizendo-lhes: []“  []Ben-di-tos se-jais vós do
 []


Underfull \hbox (badness 2080) in paragraph at lines 36--68
\TU/FreeSerif(0)/m/n/14.4 ao acam-pa-mento: [][] []E o cons-ti-tuiu rei
 []


Underfull \hbox (badness 2376) in paragraph at lines 36--68
\TU/FreeSerif(0)/m/n/14.4 Ben-ja-mim, e so-bre todo Is-rael. [][] []De
 []


Underfull \vbox (badness 10000) has occurred while \output is active []

 [356]
Underfull \vbox (badness 10000) has occurred while \output is active []



LaTeX Warning: Reference `0' on page 357 undefined on input line 71.


Underfull \hbox (badness 1127) in paragraph at lines 71--110
\TU/FreeSerif(0)/m/n/14.4 seu pri-mo-gê-nito foi Amom, de Ai-noã
 []


Underfull \hbox (badness 1824) in paragraph at lines 71--110
\TU/FreeSerif(0)/m/n/14.4 jez-re-e-lita; [][] []Seu se-gundo Qui-le-abe, de
 []

[357]
Underfull \vbox (badness 10000) has occurred while \output is active []


Underfull \vbox (badness 10000) has occurred while \output is active []

 [358]

LaTeX Warning: Reference `0' on page 359 undefined on input line 113.


Underfull \hbox (badness 1082) in paragraph at lines 113--125
\TU/FreeSerif(0)/m/n/14.4 en-tra-ram na casa, es-tando ele em sua
 []


Underfull \hbox (badness 1728) in paragraph at lines 113--125
\TU/FreeSerif(0)/m/n/14.4 ca-mi-nho da pla-ní-cie. [][] []E trou-xe-ram a
 []


Underfull \vbox (badness 10000) has occurred while \output is active []

 [359]

LaTeX Warning: Reference `0' on page 360 undefined on input line 128.


Underfull \hbox (badness 1019) in paragraph at lines 128--153
[][] []\TU/FreeSerif(0)/m/n/14.4 E vi-e-ram to-das as tri-bos de Is-rael a
 []


Underfull \hbox (badness 1107) in paragraph at lines 128--153
\TU/FreeSerif(0)/m/n/14.4 Davi em He-brom, e fa-la-ram, di-zendo:
 []


Underfull \hbox (badness 1102) in paragraph at lines 128--153
[][] []\TU/FreeSerif(0)/m/n/14.4 E ainda on-tem e an-tes, quando Saul
 []


Underfull \hbox (badness 3769) in paragraph at lines 128--153
[]\TU/FreeSerif(0)/m/n/14.4 Vai, por-que cer-ta-mente en-tre-ga-rei os
 []


Underfull \vbox (badness 10000) has occurred while \output is active []

 [360]

LaTeX Warning: Reference `0' on page 361 undefined on input line 156.


Underfull \hbox (badness 1102) in paragraph at lines 156--179
\TU/FreeSerif(0)/m/n/14.4 cím-ba-los. [][] []E quando che-ga-ram à eira
 []


Underfull \hbox (badness 1436) in paragraph at lines 156--179
\TU/FreeSerif(0)/m/n/14.4 a arca do SE-NHOR che-gou à ci-dade
 []


Underfull \vbox (badness 10000) has occurred while \output is active []

 [361]

LaTeX Warning: Reference `0' on page 362 undefined on input line 182.


Underfull \hbox (badness 4595) in paragraph at lines 182--211
[][] []\TU/FreeSerif(0)/m/n/14.4 E acon-te-ceu que, es-tando já o rei
 []


Underfull \hbox (badness 1852) in paragraph at lines 182--211
\TU/FreeSerif(0)/m/n/14.4 as-sen-tado em sua casa, de-pois que o
 []


Underfull \hbox (badness 1005) in paragraph at lines 182--211
[]\TU/FreeSerif(0)/m/n/14.4 Anda, e faze tudo o que está em teu
 []


Underfull \hbox (badness 1062) in paragraph at lines 182--211
\TU/FreeSerif(0)/m/n/14.4 con-tigo? Tu, pois, co-nhe-ces teu servo,
 []


Underfull \vbox (badness 10000) has occurred while \output is active []

 [362]
Underfull \vbox (badness 10000) has occurred while \output is active []



LaTeX Warning: Reference `0' on page 363 undefined on input line 214.

[363]

LaTeX Warning: Reference `0' on page 364 undefined on input line 235.


Underfull \vbox (badness 10000) has occurred while \output is active []

 [364]

LaTeX Warning: Reference `0' on page 365 undefined on input line 251.


Underfull \hbox (badness 3333) in paragraph at lines 251--270
\TU/FreeSerif(0)/m/n/14.4 seu se-nhor: []Parece-te que para Davi
 []


Underfull \hbox (badness 2617) in paragraph at lines 251--270
\TU/FreeSerif(0)/m/n/14.4 as ná-de-gas, e despachou-os. [][] []O qual
 []


Underfull \hbox (badness 1014) in paragraph at lines 251--270
\TU/FreeSerif(0)/m/n/14.4 ho-mens a pé: e do rei de Ma-aca mil
 []


Underfull \hbox (badness 1122) in paragraph at lines 251--270
\TU/FreeSerif(0)/m/n/14.4 com todo o exér-cito dos va-len-tes. [][] []E
 []


Underfull \hbox (badness 1484) in paragraph at lines 251--270
\TU/FreeSerif(0)/m/n/14.4 paz com Is-rael, e serviram-no; e dali
 []


Underfull \vbox (badness 10000) has occurred while \output is active []

 [365]

LaTeX Warning: Reference `0' on page 366 undefined on input line 273.


Underfull \vbox (badness 10000) has occurred while \output is active []

 [366]

LaTeX Warning: Reference `0' on page 367 undefined on input line 303.


Underfull \hbox (badness 1735) in paragraph at lines 303--334
[]\TU/FreeSerif(0)/m/n/14.4 Que é isto que fi-zeste? Pelo me-nino,
 []


Underfull \vbox (badness 10000) has occurred while \output is active []

 [367]
Underfull \vbox (badness 10000) has occurred while \output is active []



LaTeX Warning: Reference `0' on page 368 undefined on input line 337.


Underfull \hbox (badness 8038) in paragraph at lines 337--376
[][] []\TU/FreeSerif(0)/m/n/14.4 Acon-te-ceu de-pois disto, que tendo
 []


Underfull \hbox (badness 1107) in paragraph at lines 337--376
\TU/FreeSerif(0)/m/n/14.4 pois, e sede va-len-tes”[]. [][] []E os cri-a-dos
 []


Underfull \hbox (badness 1052) in paragraph at lines 337--376
\TU/FreeSerif(0)/m/n/14.4 de fa-lar, eis que os fi-lhos do rei que
 []

[368]
Underfull \vbox (badness 10000) has occurred while \output is active []


Underfull \vbox (badness 10000) has occurred while \output is active []

 [369]
Underfull \vbox (badness 10000) has occurred while \output is active []



LaTeX Warning: Reference `0' on page 370 undefined on input line 379.


Underfull \hbox (badness 1067) in paragraph at lines 379--412
\TU/FreeSerif(0)/m/n/14.4 que ma-tou a seu ir-mão, para que lhe
 []

[370]
Underfull \vbox (badness 10000) has occurred while \output is active []


Underfull \vbox (badness 10000) has occurred while \output is active []

 [371]

LaTeX Warning: Reference `0' on page 372 undefined on input line 415.


Underfull \hbox (badness 1259) in paragraph at lines 415--452
[]\TU/FreeSerif(0)/m/n/14.4 “  []Quando ou-vir-des o som da trom-beta,
 []


Underfull \vbox (badness 10000) has occurred while \output is active []

 [372]
Underfull \vbox (badness 10000) has occurred while \output is active []



LaTeX Warning: Reference `0' on page 373 undefined on input line 455.


Underfull \hbox (badness 2671) in paragraph at lines 455--478
\TU/FreeSerif(0)/m/n/14.4 to-dos os ser-vos do rei Davi: e todo
 []


Underfull \hbox (badness 1184) in paragraph at lines 455--478
[][] []\TU/FreeSerif(0)/m/n/14.4 O SE-NHOR te re-tri-buiu por todo o
 []


Underfull \vbox (badness 10000) has occurred while \output is active []

 [373]
Underfull \vbox (badness 10000) has occurred while \output is active []


Underfull \vbox (badness 10000) has occurred while \output is active []

 [374]

LaTeX Warning: Reference `0' on page 375 undefined on input line 481.


Underfull \hbox (badness 5847) in paragraph at lines 481--510
[][] []\TU/FreeSerif(0)/m/n/14.4 En-tão Ai-to-fel disse a Ab-sa-lão: []Eu
 []


Underfull \hbox (badness 1496) in paragraph at lines 481--510
\TU/FreeSerif(0)/m/n/14.4 com ele está[]”[]. [][] []E Jô-na-tas e Ai-maa
́s
 []


Underfull \hbox (badness 2165) in paragraph at lines 481--510
\TU/FreeSerif(0)/m/n/14.4 do qual se me-te-ram. [][] []E to-mando a
 []


Underfull \hbox (badness 1067) in paragraph at lines 481--510
\TU/FreeSerif(0)/m/n/14.4 vendo que não se ha-via pra-ti-cado seu
 []


Underfull \hbox (badness 1354) in paragraph at lines 481--510
\TU/FreeSerif(0)/m/n/14.4 e foi-se à sua casa em sua ci-dade; e
 []


Underfull \vbox (badness 10000) has occurred while \output is active []

 [375]
Underfull \vbox (badness 10000) has occurred while \output is active []



LaTeX Warning: Reference `0' on page 376 undefined on input line 513.

[376]
Underfull \vbox (badness 10000) has occurred while \output is active []


Underfull \vbox (badness 10000) has occurred while \output is active []

 [377]

LaTeX Warning: Reference `0' on page 378 undefined on input line 549.


Underfull \hbox (badness 1596) in paragraph at lines 549--592
\TU/FreeSerif(0)/m/n/14.4 bem que nós to-dos es-ti-vés-se-mos hoje
 []


Underfull \vbox (badness 10000) has occurred while \output is active []

 [378]
Underfull \vbox (badness 10000) has occurred while \output is active []


Underfull \vbox (badness 10000) has occurred while \output is active []

 [379]
Underfull \vbox (badness 10000) has occurred while \output is active []



LaTeX Warning: Reference `0' on page 380 undefined on input line 595.


Underfull \hbox (badness 1755) in paragraph at lines 595--621
\TU/FreeSerif(0)/m/n/14.4 que se cha-mava Seba, fi-lho de Bi-cri,
 []


Underfull \hbox (badness 1038) in paragraph at lines 595--621
\TU/FreeSerif(0)/m/n/14.4 ho-mem de Ben-ja-mim, o qual to-cou a
 []

[380]
Underfull \vbox (badness 10000) has occurred while \output is active []



LaTeX Warning: Reference `0' on page 381 undefined on input line 624.

[381]
Underfull \vbox (badness 10000) has occurred while \output is active []


Underfull \vbox (badness 10000) has occurred while \output is active []

 [382]

LaTeX Warning: Reference `0' on page 383 undefined on input line 649.


Underfull \hbox (badness 1112) in paragraph at lines 649--705
\TU/FreeSerif(0)/m/n/14.4 E de sua boca fogo con-su-mi-dor, Pelo
 []


Underfull \hbox (badness 1137) in paragraph at lines 649--705
\TU/FreeSerif(0)/m/n/14.4 re-dor de si; nu-vens ne-gras e es-pes-sas,
 []


Underfull \hbox (badness 3449) in paragraph at lines 649--705
\TU/FreeSerif(0)/m/n/14.4 sua mão do alto, e arrebatou-me, E
 []


Underfull \hbox (badness 1394) in paragraph at lines 649--705
\TU/FreeSerif(0)/m/n/14.4 mim, Para que não ti-tu-be-as-sem meus
 []


Underfull \vbox (badness 10000) has occurred while \output is active []

 [383]
Underfull \vbox (badness 10000) has occurred while \output is active []



LaTeX Warning: Reference `0' on page 384 undefined on input line 708.

[384]
Underfull \vbox (badness 10000) has occurred while \output is active []


Underfull \vbox (badness 10000) has occurred while \output is active []

 [385]

LaTeX Warning: Reference `0' on page 386 undefined on input line 750.


Underfull \hbox (badness 8075) in paragraph at lines 750--775
[][] []\TU/FreeSerif(0)/m/n/14.4 E vol-tou o fu-ror do SE-NHOR a
 []


Underfull \hbox (badness 1199) in paragraph at lines 750--775
\TU/FreeSerif(0)/m/n/14.4 ge-ne-ral do exér-cito que ti-nha con-sigo:
 []


Underfull \vbox (badness 10000) has occurred while \output is active []

 [386])
("./source/AT/39 - MAL_src.tex"
- LAST -
Extra skip:3.1248pt
Left:217.19934pt/3.1248pt
Right:217.19934pt/0.0pt
Split: 219.74931pt
Output:219.74931pt
Pageshrink: 0.0pt
Pagestretch: 0.0pt
@colht:660.06499pt
FLUSHEND [output]: 219.74931pt
FLUSHEND [leftcolumn badness]: 10000
FUSHEND [rightcolumn badness]: 10000
 [387]
Underfull \hbox (badness 1755) in paragraph at lines 6--21
\TU/FreeSerif(0)/m/n/14.4 di-zeis: Em que nos amaste? Não era
 []


Underfull \hbox (badness 1762) in paragraph at lines 6--21
\TU/FreeSerif(0)/m/n/14.4 e eu des-trui-rei; e se-rão cha-ma-dos de
 []


Underfull \hbox (badness 1783) in paragraph at lines 6--21
[][] []\TU/FreeSerif(0)/m/n/14.4 E vos-sos olhos ve-rão, e di-reis: Seja
 []


Underfull \hbox (badness 1077) in paragraph at lines 6--21
\TU/FreeSerif(0)/m/n/14.4 vós tra-zeis o rou-bado, o alei-jado, e o
 []


Underfull \hbox (badness 1072) in paragraph at lines 6--21
\TU/FreeSerif(0)/m/n/14.4 en-fermo, e tra-zeis a oferta. Por acaso
 []


Underfull \hbox (badness 1810) in paragraph at lines 6--21
\TU/FreeSerif(0)/m/n/14.4 acei-ta-ria isso de vos-sas mãos?, diz o
 []


LaTeX Warning: Reference `0' on page 388 undefined on input line 24.


Underfull \hbox (badness 10000) in paragraph at lines 24--63
[][] []\TU/FreeSerif(0)/m/n/14.4 Agora pois, ó sa-cer-do-tes, este
 []


Underfull \hbox (badness 3568) in paragraph at lines 24--63
\TU/FreeSerif(0)/m/n/14.4 man-da-mento é para vós. [][] []Se não \TU/Free
Serif(0)/m/it/14.4 o
 []


Underfull \hbox (badness 2680) in paragraph at lines 24--63
\TU/FreeSerif(0)/m/n/14.4 pacto seja com Levi,diz o SE-NHOR
 []


Underfull \hbox (badness 1365) in paragraph at lines 24--63
\TU/FreeSerif(0)/m/n/14.4 para ha-ver te-mor; e ele me te-meu, e
 []


Underfull \hbox (badness 1102) in paragraph at lines 24--63
\TU/FreeSerif(0)/m/n/14.4 se achou in-jus-tiça em seus lá-bios; ele
 []


Underfull \hbox (badness 1231) in paragraph at lines 24--63
\TU/FreeSerif(0)/m/n/14.4 os lá-bios do sa-cer-dote de-vem guar-dar
 []


Underfull \hbox (badness 1005) in paragraph at lines 24--63
\TU/FreeSerif(0)/m/n/14.4 Deus que nos criou? Por que, \TU/FreeSerif(0)/m/it/14
.4 en-tão \TU/FreeSerif(0)/m/n/14.4 ,
 []


Underfull \hbox (badness 1168) in paragraph at lines 24--63
\TU/FreeSerif(0)/m/n/14.4 com trai-ção, e abo-mi-na-ção se co-mete
 []


Underfull \hbox (badness 4072) in paragraph at lines 24--63
[][] []\TU/FreeSerif(0)/m/n/14.4 Também fa-zeis esta se-gunda coisa:
 []

[388


]
Underfull \vbox (badness 4832) has occurred while \output is active []



LaTeX Warning: Reference `0' on page 389 undefined on input line 66.


Underfull \hbox (badness 1237) in paragraph at lines 66--86
\TU/FreeSerif(0)/m/n/14.4 con-tra mim,diz o SE-NHOR. Mas vós
 []


Underfull \hbox (badness 1478) in paragraph at lines 66--86
\TU/FreeSerif(0)/m/n/14.4 di-ante do SE-NHOR dos exér-ci-tos? [][]
 []


Underfull \hbox (badness 1406) in paragraph at lines 66--86
\TU/FreeSerif(0)/m/n/14.4 fa-la-ram cada um a seu pró-ximo, e o
 []

[389]
Underfull \vbox (badness 10000) has occurred while \output is active []



LaTeX Warning: Reference `0' on page 390 undefined on input line 89.

[390]) [391

] [392

] [393


] [394] ("./source/NT/40 - MAT_src.tex"

Package hyperref Warning: Difference (2) between bookmark levels is greater 
(hyperref)                than one, level fixed on input line 1.

! Undefined control sequence.
l.32 {\RQ
         {Isaías 7:14
The control sequence at the end of the top line
of your error message was never \def'ed. If you have
misspelled it (e.g., `\hobx'), type `I' and the correct
spelling (e.g., `I\hbox'). Otherwise just continue,
and I'll forget about whatever was undefined.


LaTeX Warning: Reference `0' on page 395 undefined on input line 38.

! Undefined control sequence.
l.49 {\RQ
         {Miqueias 5:2
The control sequence at the end of the top line
of your error message was never \def'ed. If you have
misspelled it (e.g., `\hobx'), type `I' and the correct
spelling (e.g., `I\hbox'). Otherwise just continue,
and I'll forget about whatever was undefined.

! Undefined control sequence.
l.60 {\RQ
         {Oseias 11:1
The control sequence at the end of the top line
of your error message was never \def'ed. If you have
misspelled it (e.g., `\hobx'), type `I' and the correct
spelling (e.g., `I\hbox'). Otherwise just continue,
and I'll forget about whatever was undefined.

! Undefined control sequence.
l.66 {\RQ
         {Jeremias 31:15
The control sequence at the end of the top line
of your error message was never \def'ed. If you have
misspelled it (e.g., `\hobx'), type `I' and the correct
spelling (e.g., `I\hbox'). Otherwise just continue,
and I'll forget about whatever was undefined.


Underfull \hbox (badness 2662) in paragraph at lines 38--73
\TU/FreeSerif(0)/m/n/14.4 Ju-deus? Por-que vi-mos sua es-trela no
 []


Underfull \hbox (badness 2409) in paragraph at lines 38--73
\TU/FreeSerif(0)/m/n/14.4 e com ele toda Je-ru-sa-lém. [][] []E tendo
 []


Underfull \hbox (badness 1062) in paragraph at lines 38--73
\TU/FreeSerif(0)/m/n/14.4 o Cristo ha-via de nas-cer. [][] []E eles lhe
 []


Underfull \hbox (badness 1147) in paragraph at lines 38--73
\TU/FreeSerif(0)/m/n/14.4 as-sim está es-crito pelo pro-feta: [][] []E tu
 []


Underfull \hbox (badness 8019) in paragraph at lines 38--73
\TU/FreeSerif(0)/m/n/14.4 és a me-nor en-tre as li-de-ran-ças de
 []


Underfull \hbox (badness 2261) in paragraph at lines 38--73
\TU/FreeSerif(0)/m/n/14.4 Judá, por-que de ti sairá o Guia que
 []


Underfull \hbox (badness 2828) in paragraph at lines 38--73
\TU/FreeSerif(0)/m/n/14.4 Ide, e in-ves-ti-gai cui-da-do-sa-mente pelo
 []


Underfull \hbox (badness 2608) in paragraph at lines 38--73
\TU/FreeSerif(0)/m/n/14.4 com sua mãe Ma-ria, e prostrando-se
 []


Underfull \hbox (badness 2285) in paragraph at lines 38--73
\TU/FreeSerif(0)/m/n/14.4 o ado-ra-ram. E abrindo seus te-sou-ros,
 []

[leftcolumn badness]: 1000000 on 7.08145pt
[rightcolumn badness]: 1000000 on 7.08145pt
[leftcolumn badness]: 1000000 on 7.08145pt
[rightcolumn badness]: 1000000 on 7.08145pt
- LAST -
Extra skip:0.0pt
Left:586.01817pt/0.0pt
Right:591.49959pt/3.60004pt
Split: 588.39125pt
Output:588.39125pt
Pageshrink: 4.0pt
Pagestretch: 29.89824pt
@colht:597.60239pt
FLUSHEND [output]: 588.39125pt
FLUSHEND [leftcolumn badness]: 0
FUSHEND [rightcolumn badness]: 46
[395



]
Underfull \vbox (badness 6284) has occurred while \output is active []



LaTeX Warning: Reference `0' on page 396 undefined on input line 74.

! Undefined control sequence.
l.77 {\RQ
         {Isaías 40:3
The control sequence at the end of the top line
of your error message was never \def'ed. If you have
misspelled it (e.g., `\hobx'), type `I' and the correct
spelling (e.g., `I\hbox'). Otherwise just continue,
and I'll forget about whatever was undefined.


Underfull \hbox (badness 7116) in paragraph at lines 74--97
[][] []\TU/FreeSerif(0)/m/n/14.4 E na-que-les dias veio João Ba-tista,
 []


Underfull \hbox (badness 1796) in paragraph at lines 74--97
\TU/FreeSerif(0)/m/n/14.4 o ca-mi-nho do Se-nhor; en-di-rei-tai suas
 []


Underfull \hbox (badness 2310) in paragraph at lines 74--97
[][] []\TU/FreeSerif(0)/m/n/14.4 Então vi-nham até ele \TU/FreeSerif(0)/m/i
t/14.4 mo-ra-do-res \TU/FreeSerif(0)/m/n/14.4 de
 []


Underfull \vbox (badness 10000) has occurred while \output is active []

 [396]

LaTeX Warning: Reference `0' on page 397 undefined on input line 98.

! Undefined control sequence.
l.103 {\RQ
          {Deuteronômio 8:3
The control sequence at the end of the top line
of your error message was never \def'ed. If you have
misspelled it (e.g., `\hobx'), type `I' and the correct
spelling (e.g., `I\hbox'). Otherwise just continue,
and I'll forget about whatever was undefined.

! Undefined control sequence.
l.107 {\RQ
          {Salmos 91:11,12
The control sequence at the end of the top line
of your error message was never \def'ed. If you have
misspelled it (e.g., `\hobx'), type `I' and the correct
spelling (e.g., `I\hbox'). Otherwise just continue,
and I'll forget about whatever was undefined.

! Undefined control sequence.
l.114 {\RQ
          {Deuteronômio 6:16
The control sequence at the end of the top line
of your error message was never \def'ed. If you have
misspelled it (e.g., `\hobx'), type `I' and the correct
spelling (e.g., `I\hbox'). Otherwise just continue,
and I'll forget about whatever was undefined.

! Undefined control sequence.
l.119 {\RQ
          {Deuteronômio 6:13
The control sequence at the end of the top line
of your error message was never \def'ed. If you have
misspelled it (e.g., `\hobx'), type `I' and the correct
spelling (e.g., `I\hbox'). Otherwise just continue,
and I'll forget about whatever was undefined.

! Undefined control sequence.
l.128 {\RQ
          {Isaías 9:1
The control sequence at the end of the top line
of your error message was never \def'ed. If you have
misspelled it (e.g., `\hobx'), type `I' and the correct
spelling (e.g., `I\hbox'). Otherwise just continue,
and I'll forget about whatever was undefined.


Underfull \hbox (badness 1810) in paragraph at lines 98--140
[][] []\TU/FreeSerif(0)/m/n/14.4 En-tão Je-sus foi le-vado pelo Es-pí-rito
 []


Underfull \hbox (badness 2941) in paragraph at lines 98--140
[][] []\TU/FreeSerif(0)/m/n/14.4 E de-pois de je-juar qua-renta dias e
 []


Underfull \hbox (badness 1189) in paragraph at lines 98--140
\TU/FreeSerif(0)/m/n/14.4 Se-nhor teu Deus ado-ra-rás, e só a ele
 []


Underfull \hbox (badness 1661) in paragraph at lines 98--140
\TU/FreeSerif(0)/m/n/14.4 de Ze-bu-lom e Naf-tali, [][] []para que se
 []


Underfull \hbox (badness 2970) in paragraph at lines 98--140
\TU/FreeSerif(0)/m/n/14.4 e toda do-ença no povo. [][] []Sua fama
 []


Underfull \hbox (badness 1466) in paragraph at lines 98--140
\TU/FreeSerif(0)/m/n/14.4 cor-ria por toda a Sí-ria, e traziam-lhe
 []

[397]
Underfull \vbox (badness 10000) has occurred while \output is active []



LaTeX Warning: Reference `0' on page 398 undefined on input line 141.

! Undefined control sequence.
l.196 {\RQ
          {Êxodo 20:14; Deuteronômio 5:18
The control sequence at the end of the top line
of your error message was never \def'ed. If you have
misspelled it (e.g., `\hobx'), type `I' and the correct
spelling (e.g., `I\hbox'). Otherwise just continue,
and I'll forget about whatever was undefined.

! Undefined control sequence.
l.205 {\RQ
          {Deuteronômio 24:1
The control sequence at the end of the top line
of your error message was never \def'ed. If you have
misspelled it (e.g., `\hobx'), type `I' and the correct
spelling (e.g., `I\hbox'). Otherwise just continue,
and I'll forget about whatever was undefined.

! Undefined control sequence.
l.209 {\RQ
          {Levítico 19:12; Números 30:2
The control sequence at the end of the top line
of your error message was never \def'ed. If you have
misspelled it (e.g., `\hobx'), type `I' and the correct
spelling (e.g., `I\hbox'). Otherwise just continue,
and I'll forget about whatever was undefined.

! Undefined control sequence.
l.216 {\RQ
          {Êxodo 21:24; Levítico 24:20; Deuteronômio 19:21
The control sequence at the end of the top line
of your error message was never \def'ed. If you have
misspelled it (e.g., `\hobx'), type `I' and the correct
spelling (e.g., `I\hbox'). Otherwise just continue,
and I'll forget about whatever was undefined.

! Undefined control sequence.
l.223 {\RQ
          {Levítico 19:18
The control sequence at the end of the top line
of your error message was never \def'ed. If you have
misspelled it (e.g., `\hobx'), type `I' and the correct
spelling (e.g., `I\hbox'). Otherwise just continue,
and I'll forget about whatever was undefined.


Underfull \hbox (badness 3514) in paragraph at lines 141--230
\TU/FreeSerif(0)/m/n/14.4 a ele os seus dis-cí-pu-los. [][] []Então ele
 []


Underfull \hbox (badness 2856) in paragraph at lines 141--230
[]\TU/FreeSerif(0)/m/n/14.4 Benditos são os que cho-ram, por-que
 []


Underfull \hbox (badness 2644) in paragraph at lines 141--230
\TU/FreeSerif(0)/m/n/14.4 por causa da jus-tiça, por-que de-les é
 []


Underfull \hbox (badness 1742) in paragraph at lines 141--230
\TU/FreeSerif(0)/m/n/14.4 será réu do jul-ga-mento”. [][] []Porém eu
 []


Underfull \hbox (badness 1383) in paragraph at lines 141--230
\TU/FreeSerif(0)/m/n/14.4 e en-tão vem ofe-re-cer a tua oferta. [][]
 []

[398] [399]
Underfull \vbox (badness 10000) has occurred while \output is active []



LaTeX Warning: Reference `0' on page 400 undefined on input line 231.


Underfull \hbox (badness 1852) in paragraph at lines 231--279
\TU/FreeSerif(0)/m/n/14.4 que vós pe-çais a ele. [][] []Vós, por-tanto,
 []


Underfull \hbox (badness 1308) in paragraph at lines 231--279
\TU/FreeSerif(0)/m/n/14.4 e teu Pai, que vê em se-gredo, ele te
 []

[400]
Underfull \vbox (badness 1142) has occurred while \output is active []



LaTeX Warning: Reference `0' on page 401 undefined on input line 280.


Underfull \hbox (badness 1087) in paragraph at lines 280--313
\TU/FreeSerif(0)/m/n/14.4 di-ante dos por-cos, para não acon-te-cer
 []


Underfull \hbox (badness 1917) in paragraph at lines 280--313
\TU/FreeSerif(0)/m/n/14.4 céus. [][] []Muitos me di-rão na-quele dia:
 []


Underfull \hbox (badness 2799) in paragraph at lines 280--313
\TU/FreeSerif(0)/m/n/14.4 vi-e-ram, ven-tos so-pra-ram, e atin-gi-ram
 []


Underfull \vbox (badness 10000) has occurred while \output is active []

 [401]
Underfull \vbox (badness 10000) has occurred while \output is active []



LaTeX Warning: Reference `0' on page 402 undefined on input line 314.

! Undefined control sequence.
l.332 {\RQ
          {Isaías 53:4
The control sequence at the end of the top line
of your error message was never \def'ed. If you have
misspelled it (e.g., `\hobx'), type `I' and the correct
spelling (e.g., `I\hbox'). Otherwise just continue,
and I'll forget about whatever was undefined.


Underfull \hbox (badness 1107) in paragraph at lines 314--354
\TU/FreeSerif(0)/m/n/14.4 le-proso veio e prostrou-se di-ante dele,
 []


Underfull \hbox (badness 1173) in paragraph at lines 314--354
\TU/FreeSerif(0)/m/n/14.4 Reino dos céus. [][] []Os fi-lhos do reino,
 []


Underfull \hbox (badness 1237) in paragraph at lines 314--354
\TU/FreeSerif(0)/m/n/14.4 e seus dis-cí-pu-los o se-gui-ram. [][] []E eis
 []


Underfull \hbox (badness 3623) in paragraph at lines 314--354
\TU/FreeSerif(0)/m/n/14.4 tão grande que o barco era co-berto
 []


Underfull \hbox (badness 1097) in paragraph at lines 314--354
\TU/FreeSerif(0)/m/n/14.4 ao en-con-tro dois en-de-mo-ni-nha-dos que
 []


Underfull \hbox (badness 1436) in paragraph at lines 314--354
\TU/FreeSerif(0)/m/n/14.4 es-tava uma ma-nada de mui-tos por-cos
 []


Underfull \hbox (badness 2080) in paragraph at lines 314--354
\TU/FreeSerif(0)/m/n/14.4 nas águas. [][] []E os que cui-da-vam dos
 []


Underfull \hbox (badness 1286) in paragraph at lines 314--354
\TU/FreeSerif(0)/m/n/14.4 en-con-tro de Je-sus; e quando o vi-ram,
 []


Underfull \vbox (badness 6284) has occurred while \output is active []

 [402]
Underfull \vbox (badness 10000) has occurred while \output is active []


Underfull \vbox (badness 10000) has occurred while \output is active []

 [403]

LaTeX Warning: Reference `0' on page 404 undefined on input line 355.

! Undefined control sequence.
l.376 {\RQ
          {Oseías 6:6
The control sequence at the end of the top line
of your error message was never \def'ed. If you have
misspelled it (e.g., `\hobx'), type `I' and the correct
spelling (e.g., `I\hbox'). Otherwise just continue,
and I'll forget about whatever was undefined.


Underfull \hbox (badness 2384) in paragraph at lines 355--413
\TU/FreeSerif(0)/m/n/14.4 ho-mem tem au-to-ri-dade na terra para
 []


Underfull \hbox (badness 1348) in paragraph at lines 355--413
\TU/FreeSerif(0)/m/n/14.4 En-tão este se le-van-tou e o se-guiu. [][]
 []


Underfull \hbox (badness 1320) in paragraph at lines 355--413
[][] []\TU/FreeSerif(0)/m/n/14.4 E os olhos de-les se abri-ram. En-tão
 []


Underfull \hbox (badness 1655) in paragraph at lines 355--413
\TU/FreeSerif(0)/m/n/14.4 suas si-na-go-gas, pre-gando o Evan-ge-lho
 []


Underfull \vbox (badness 10000) has occurred while \output is active []

 [404]
Underfull \vbox (badness 1142) has occurred while \output is active []



LaTeX Warning: Reference `0' on page 405 undefined on input line 414.

! Undefined control sequence.
l.469 {\RQ
          {Miqueias 7:6
The control sequence at the end of the top line
of your error message was never \def'ed. If you have
misspelled it (e.g., `\hobx'), type `I' and the correct
spelling (e.g., `I\hbox'). Otherwise just continue,
and I'll forget about whatever was undefined.


Underfull \hbox (badness 7221) in paragraph at lines 414--482
\TU/FreeSerif(0)/m/n/14.4 e deu-lhes po-der so-bre os es-pí-ri-tos
 []


Underfull \hbox (badness 1888) in paragraph at lines 414--482
\TU/FreeSerif(0)/m/n/14.4 seu pai, a fi-lha con-tra sua mãe, e a
 []

[405]
Underfull \vbox (badness 1931) has occurred while \output is active []

 [406]

LaTeX Warning: Reference `0' on page 407 undefined on input line 483.

! Undefined control sequence.
l.502 {\RQ
          {Malaquias 3:1
The control sequence at the end of the top line
of your error message was never \def'ed. If you have
misspelled it (e.g., `\hobx'), type `I' and the correct
spelling (e.g., `I\hbox'). Otherwise just continue,
and I'll forget about whatever was undefined.


Underfull \hbox (badness 1237) in paragraph at lines 483--529
\TU/FreeSerif(0)/m/n/14.4 as ci-da-des em que a mai-o-ria de seus
 []

[407]
Underfull \vbox (badness 1968) has occurred while \output is active []



LaTeX Warning: Reference `0' on page 408 undefined on input line 530.

! Undefined control sequence.
l.541 {\RQ
          {Oseias 6:6
The control sequence at the end of the top line
of your error message was never \def'ed. If you have
misspelled it (e.g., `\hobx'), type `I' and the correct
spelling (e.g., `I\hbox'). Otherwise just continue,
and I'll forget about whatever was undefined.

! Undefined control sequence.
l.558 {\RQ
          {Isaías 42:1-4
The control sequence at the end of the top line
of your error message was never \def'ed. If you have
misspelled it (e.g., `\hobx'), type `I' and the correct
spelling (e.g., `I\hbox'). Otherwise just continue,
and I'll forget about whatever was undefined.


Underfull \hbox (badness 1072) in paragraph at lines 530--606
\TU/FreeSerif(0)/m/n/14.4 plan-ta-ções de ce-re-ais no sá-bado. Seus
 []


Underfull \hbox (badness 1137) in paragraph at lines 530--606
\TU/FreeSerif(0)/m/n/14.4 os pães da pro-po-si-ção, que a ele não
 []


Underfull \hbox (badness 2042) in paragraph at lines 530--606
\TU/FreeSerif(0)/m/n/14.4 pro-fa-nam o sá-bado, sem se tor-na-rem
 []


Underfull \hbox (badness 1028) in paragraph at lines 530--606
\TU/FreeSerif(0)/m/n/14.4 vós sou-bés-seis o que sig-ni-fica: ‘Quero
 []


Underfull \hbox (badness 1881) in paragraph at lines 530--606
\TU/FreeSerif(0)/m/n/14.4 o pa-vio que fu-mega ele não apa-gará,
 []


Underfull \hbox (badness 1028) in paragraph at lines 530--606
\TU/FreeSerif(0)/m/n/14.4 e toda ci-dade ou casa di-vi-dida con-tra
 []


Underfull \hbox (badness 2418) in paragraph at lines 530--606
[][] []\TU/FreeSerif(0)/m/n/14.4 Por isso eu vos digo: todo pe-cado
 []

[408]
Underfull \vbox (badness 10000) has occurred while \output is active []

 [409]

LaTeX Warning: Reference `0' on page 410 undefined on input line 607.

! Undefined control sequence.
l.630 {\RQ
          {Isaías 6:9-10
The control sequence at the end of the top line
of your error message was never \def'ed. If you have
misspelled it (e.g., `\hobx'), type `I' and the correct
spelling (e.g., `I\hbox'). Otherwise just continue,
and I'll forget about whatever was undefined.

! Undefined control sequence.
l.662 {\RQ
          {Salmos 78:2
The control sequence at the end of the top line
of your error message was never \def'ed. If you have
misspelled it (e.g., `\hobx'), type `I' and the correct
spelling (e.g., `I\hbox'). Otherwise just continue,
and I'll forget about whatever was undefined.


Underfull \hbox (badness 1052) in paragraph at lines 607--703
\TU/FreeSerif(0)/m/n/14.4 do Reino dos céus, mas a eles não é
 []


Underfull \hbox (badness 1009) in paragraph at lines 607--703
\TU/FreeSerif(0)/m/n/14.4 a pro-fe-cia de Isa-ías, que diz: De fato
 []

[410]
Underfull \vbox (badness 1931) has occurred while \output is active []


Underfull \vbox (badness 6284) has occurred while \output is active []

 [411]

LaTeX Warning: Reference `0' on page 412 undefined on input line 704.


Underfull \hbox (badness 2426) in paragraph at lines 704--763
\TU/FreeSerif(0)/m/n/14.4 a fi-lha de He-ro-dias dan-çou no meio
 []


Underfull \hbox (badness 1297) in paragraph at lines 704--763
\TU/FreeSerif(0)/m/it/14.4 das pes-soas \TU/FreeSerif(0)/m/n/14.4 , e agra-dou 
a He-ro-des. [][]
 []


Underfull \hbox (badness 2828) in paragraph at lines 704--763
\TU/FreeSerif(0)/m/n/14.4 e fo-ram avi-sar a Je-sus. [][] []Depois de
 []


Underfull \hbox (badness 3148) in paragraph at lines 704--763
[]\TU/FreeSerif(0)/m/n/14.4 Imediatamente Je-sus es-ten-deu a mão,
 []

[412]
Underfull \vbox (badness 1931) has occurred while \output is active []

 [413]

LaTeX Warning: Reference `0' on page 414 undefined on input line 764.

! Undefined control sequence.
l.770 {\RQ
          {Êxodo 21:17, Levítico 20:9
The control sequence at the end of the top line
of your error message was never \def'ed. If you have
misspelled it (e.g., `\hobx'), type `I' and the correct
spelling (e.g., `I\hbox'). Otherwise just continue,
and I'll forget about whatever was undefined.

! Undefined control sequence.
l.780 {\RQ
          {Isaías 29:13
The control sequence at the end of the top line
of your error message was never \def'ed. If you have
misspelled it (e.g., `\hobx'), type `I' and the correct
spelling (e.g., `I\hbox'). Otherwise just continue,
and I'll forget about whatever was undefined.


Underfull \hbox (badness 3168) in paragraph at lines 764--823
[][] []\TU/FreeSerif(0)/m/n/14.4 En-tão \TU/FreeSerif(0)/m/it/14.4 al-guns \T
U/FreeSerif(0)/m/n/14.4 es-cri-bas e fa-ri-seus de
 []


Underfull \hbox (badness 2197) in paragraph at lines 764--823
\TU/FreeSerif(0)/m/n/14.4 de mim, e com os lá-bios me honra;
 []


Underfull \hbox (badness 2818) in paragraph at lines 764--823
\TU/FreeSerif(0)/m/n/14.4 coi-sas são as que con-ta-mi-nam o ser
 []


Underfull \hbox (badness 2197) in paragraph at lines 764--823
\TU/FreeSerif(0)/m/n/14.4 ele não lhe res-pon-deu pa-la-vra. En-tão
 []


Underfull \hbox (badness 1082) in paragraph at lines 764--823
\TU/FreeSerif(0)/m/n/14.4 nin-guém além das ove-lhas per-di-das [][][][][]
 []


Underfull \hbox (badness 1365) in paragraph at lines 764--823
\TU/FreeSerif(0)/m/n/14.4 da casa de Is-rael. [][] []Então ela veio e
 []


Underfull \hbox (badness 2573) in paragraph at lines 764--823
\TU/FreeSerif(0)/m/n/14.4 dos seus se-nho-res. [][] []Então Je-sus lhe
 []


Underfull \hbox (badness 2865) in paragraph at lines 764--823
\TU/FreeSerif(0)/m/n/14.4 res-pon-de-ram: De onde con-se-gui-re-mos
 []


Underfull \hbox (badness 1642) in paragraph at lines 764--823
[][] []\TU/FreeSerif(0)/m/n/14.4 E to-dos co-me-ram e se sa-ci-a-ram; e
 []

[414]

LaTeX Warning: Reference `0' on page 415 undefined on input line 824.


Underfull \hbox (badness 3039) in paragraph at lines 824--875
[][] []\TU/FreeSerif(0)/m/n/14.4 En-tão os fa-ri-seus e os sa-du-ceus se
 []


Underfull \hbox (badness 1789) in paragraph at lines 824--875
\TU/FreeSerif(0)/m/n/14.4 di-zeis que eu sou? [][] []E Si-mão Pe-dro
 []


Underfull \hbox (badness 1609) in paragraph at lines 824--875
\TU/FreeSerif(0)/m/n/14.4 muito pe-los an-ci-ãos, pe-los che-fes dos
 []


Underfull \vbox (badness 10000) has occurred while \output is active []


Underfull \vbox (badness 10000) has occurred while \output is active []

 [415]
Underfull \vbox (badness 4328) has occurred while \output is active []



LaTeX Warning: Reference `0' on page 416 undefined on input line 876.


Underfull \hbox (badness 1173) in paragraph at lines 876--919
\TU/FreeSerif(0)/m/n/14.4 Pe-dro, Ti-ago, e seu ir-mão João, e os
 []


Underfull \hbox (badness 1092) in paragraph at lines 876--919
\TU/FreeSerif(0)/m/n/14.4 le-vou a sós a um monte alto. [][] []Então
 []


Underfull \hbox (badness 1824) in paragraph at lines 876--919
\TU/FreeSerif(0)/m/n/14.4 transfigurou-se di-ante de-les; seu rosto
 []


Underfull \hbox (badness 1259) in paragraph at lines 876--919
\TU/FreeSerif(0)/m/n/14.4 bri-lhou como o sol, e suas rou-pas se
 []


Underfull \hbox (badness 1484) in paragraph at lines 876--919
\TU/FreeSerif(0)/m/n/14.4 po-rém, que Elias já veio, mas não o
 []

[416]
Underfull \vbox (badness 1931) has occurred while \output is active []



LaTeX Warning: Reference `0' on page 417 undefined on input line 920.

! Undefined control sequence.
l.948 {\RQ
          {Deuteronômio 19:15
The control sequence at the end of the top line
of your error message was never \def'ed. If you have
misspelled it (e.g., `\hobx'), type `I' and the correct
spelling (e.g., `I\hbox'). Otherwise just continue,
and I'll forget about whatever was undefined.


Underfull \hbox (badness 10000) in paragraph at lines 920--983
[][] []\TU/FreeSerif(0)/m/n/14.4 Na-quela hora os dis-cí-pu-los se
 []


Underfull \hbox (badness 1571) in paragraph at lines 920--983
\TU/FreeSerif(0)/m/n/14.4 um que re-ce-ber a uma cri-ança como
 []


Underfull \hbox (badness 1348) in paragraph at lines 920--983
\TU/FreeSerif(0)/m/n/14.4 pe-que-ni-nos se perca. [][] []Porém, se teu
 []


Underfull \hbox (badness 1132) in paragraph at lines 920--983
\TU/FreeSerif(0)/m/n/14.4 se fa-zer o pa-ga-mento. [][] []Então aquele
 []

[417]
Underfull \vbox (badness 4832) has occurred while \output is active []

 [418]

LaTeX Warning: Reference `0' on page 419 undefined on input line 984.

! Undefined control sequence.
l.990 {\RQ
          {Gênesis 2:24
The control sequence at the end of the top line
of your error message was never \def'ed. If you have
misspelled it (e.g., `\hobx'), type `I' and the correct
spelling (e.g., `I\hbox'). Otherwise just continue,
and I'll forget about whatever was undefined.


Underfull \hbox (badness 2197) in paragraph at lines 984--1034
\TU/FreeSerif(0)/m/n/14.4 por qual-quer causa? [][] []Porém ele lhes
 []

[419]
Underfull \vbox (badness 10000) has occurred while \output is active []



LaTeX Warning: Reference `0' on page 420 undefined on input line 1035.


Underfull \hbox (badness 1199) in paragraph at lines 1035--1087
\TU/FreeSerif(0)/m/n/14.4 per-gun-tou: “Por que es-tais aqui o dia
 []


Underfull \hbox (badness 1681) in paragraph at lines 1035--1087
\TU/FreeSerif(0)/m/n/14.4 e paga-lhes o sa-lá-rio, co-me-çando dos
 []


Underfull \hbox (badness 1248) in paragraph at lines 1035--1087
\TU/FreeSerif(0)/m/n/14.4 os de cerca da hora dé-cima pri-meira,
 []


Underfull \hbox (badness 1466) in paragraph at lines 1035--1087
\TU/FreeSerif(0)/m/n/14.4 e re-ce-be-ram um de-ná-rio cada um. [][]
 []


Underfull \hbox (badness 3623) in paragraph at lines 1035--1087
\TU/FreeSerif(0)/m/n/14.4 ao re-ce-be-rem, mur-mu-ra-ram con-tra o
 []


Underfull \hbox (badness 1946) in paragraph at lines 1035--1087
\TU/FreeSerif(0)/m/n/14.4 tra-ba-lha-ram uma única hora, e tu os
 []


Underfull \hbox (badness 2318) in paragraph at lines 1035--1087
\TU/FreeSerif(0)/m/n/14.4 a um de-les: “Amigo, nada de er-rado
 []


Underfull \hbox (badness 1038) in paragraph at lines 1035--1087
\TU/FreeSerif(0)/m/n/14.4 con-sigo os doze dis-cí-pu-los à parte no
 []


Underfull \hbox (badness 1552) in paragraph at lines 1035--1087
\TU/FreeSerif(0)/m/n/14.4 e per-gun-tou: Que que-reis que eu vos
 []

[420]
Underfull \vbox (badness 1931) has occurred while \output is active []



LaTeX Warning: Reference `0' on page 421 undefined on input line 1088.

! Undefined control sequence.
l.1101 {\RQ
           {Zacarias 9:9
The control sequence at the end of the top line
of your error message was never \def'ed. If you have
misspelled it (e.g., `\hobx'), type `I' and the correct
spelling (e.g., `I\hbox'). Otherwise just continue,
and I'll forget about whatever was undefined.

! Undefined control sequence.
l.1112 {\RQ
           {Isaías 56:7; Jeremias 7:11
The control sequence at the end of the top line
of your error message was never \def'ed. If you have
misspelled it (e.g., `\hobx'), type `I' and the correct
spelling (e.g., `I\hbox'). Otherwise just continue,
and I'll forget about whatever was undefined.

! Undefined control sequence.
l.1122 {\RQ
           {Salmos 8:2
The control sequence at the end of the top line
of your error message was never \def'ed. If you have
misspelled it (e.g., `\hobx'), type `I' and the correct
spelling (e.g., `I\hbox'). Otherwise just continue,
and I'll forget about whatever was undefined.

! Undefined control sequence.
l.1157 {\RQ
           {Salmos 118:22,23
The control sequence at the end of the top line
of your error message was never \def'ed. If you have
misspelled it (e.g., `\hobx'), type `I' and the correct
spelling (e.g., `I\hbox'). Otherwise just continue,
and I'll forget about whatever was undefined.


Underfull \hbox (badness 1960) in paragraph at lines 1088--1168
\TU/FreeSerif(0)/m/n/14.4 e che-ga-ram a Bet-fagé, ao monte das
 []


Underfull \hbox (badness 10000) in paragraph at lines 1088--1168
\TU/FreeSerif(0)/m/n/14.4 Oli-vei-ras, en-tão Je-sus man-dou dois
 []


Underfull \hbox (badness 1400) in paragraph at lines 1088--1168
\TU/FreeSerif(0)/m/n/14.4 dis-cí-pu-los, dizendo-lhes: [][] []Ide à al-deia
 []


Underfull \hbox (badness 1286) in paragraph at lines 1088--1168
\TU/FreeSerif(0)/m/n/14.4 em vossa frente, e logo acha-reis uma
 []


Underfull \hbox (badness 3884) in paragraph at lines 1088--1168
\TU/FreeSerif(0)/m/n/14.4 ju-menta amar-rada, e um ju-men-ti-nho
 []


Underfull \hbox (badness 2119) in paragraph at lines 1088--1168
[][] []\TU/FreeSerif(0)/m/n/14.4 E se al-guém vos dis-ser algo, di-reis:
 []


Underfull \hbox (badness 1281) in paragraph at lines 1088--1168
\TU/FreeSerif(0)/m/n/14.4 “O Se-nhor pre-cisa de-les, mas logo os
 []


Underfull \hbox (badness 1132) in paragraph at lines 1088--1168
\TU/FreeSerif(0)/m/n/14.4 para que se cum-prisse o que foi dito
 []


Underfull \hbox (badness 1953) in paragraph at lines 1088--1168
\TU/FreeSerif(0)/m/n/14.4 um ju-men-ti-nho, fi-lho de uma ani-mal
 []


Underfull \hbox (badness 1852) in paragraph at lines 1088--1168
\TU/FreeSerif(0)/m/n/14.4 é este? [][] []E as mul-ti-dões res-pon-diam:
 []


Underfull \hbox (badness 1205) in paragraph at lines 1088--1168
\TU/FreeSerif(0)/m/n/14.4 Este é Je-sus, o Pro-feta de Na-zaré de
 []


Underfull \hbox (badness 1655) in paragraph at lines 1088--1168
\TU/FreeSerif(0)/m/n/14.4 ven-dendo e com-prando no Tem-plo, e
 []


Underfull \hbox (badness 1117) in paragraph at lines 1088--1168
\TU/FreeSerif(0)/m/n/14.4 de Davi!”, eles fi-ca-ram in-dig-na-dos. [][]
 []


Underfull \hbox (badness 1466) in paragraph at lines 1088--1168
\TU/FreeSerif(0)/m/n/14.4 e lança-te no mar”, isso se fará. [][] []E
 []


Underfull \hbox (badness 1009) in paragraph at lines 1088--1168
\TU/FreeSerif(0)/m/n/14.4 não cres-tes nele? [][] []Mas se dis-ser-mos:
 []


Underfull \hbox (badness 1259) in paragraph at lines 1088--1168
\TU/FreeSerif(0)/m/n/14.4 “Dos se-res hu-ma-nos”, te-mos medo da
 []


Underfull \hbox (badness 2020) in paragraph at lines 1088--1168
\TU/FreeSerif(0)/m/n/14.4 mul-ti-dão, pois to-dos con-si-de-ram João
 []


Underfull \hbox (badness 1509) in paragraph at lines 1088--1168
\TU/FreeSerif(0)/m/n/14.4 como pro-feta. [][] []Então res-pon-de-ram a
 []


Underfull \hbox (badness 2409) in paragraph at lines 1088--1168
\TU/FreeSerif(0)/m/n/14.4 vi-nha.” [][] []Porém ele res-pon-deu: “Não
 []


Underfull \hbox (badness 1460) in paragraph at lines 1088--1168
\TU/FreeSerif(0)/m/n/14.4 e partiu-se para um lu-gar dis-tante. [][]
 []


Underfull \hbox (badness 4713) in paragraph at lines 1088--1168
[]\TU/FreeSerif(0)/m/n/14.4 Quando che-gou o tempo dos fru-tos,
 []


Underfull \hbox (badness 1082) in paragraph at lines 1088--1168
[][] []\TU/FreeSerif(0)/m/n/14.4 Mas os la-vra-do-res to-ma-ram os seus
 []

[421]
Underfull \vbox (badness 1968) has occurred while \output is active []

 [422]
Underfull \vbox (badness 10000) has occurred while \output is active []



LaTeX Warning: Reference `0' on page 423 undefined on input line 1169.

! Undefined control sequence.
l.1205 {\RQ
           {Deuteronômio 25:5
The control sequence at the end of the top line
of your error message was never \def'ed. If you have
misspelled it (e.g., `\hobx'), type `I' and the correct
spelling (e.g., `I\hbox'). Otherwise just continue,
and I'll forget about whatever was undefined.

! Undefined control sequence.
l.1219 {\RQ
           {Êxodo 3:6
The control sequence at the end of the top line
of your error message was never \def'ed. If you have
misspelled it (e.g., `\hobx'), type `I' and the correct
spelling (e.g., `I\hbox'). Otherwise just continue,
and I'll forget about whatever was undefined.

! Undefined control sequence.
l.1227 {\RQ
           {Deuteronômio 6:5
The control sequence at the end of the top line
of your error message was never \def'ed. If you have
misspelled it (e.g., `\hobx'), type `I' and the correct
spelling (e.g., `I\hbox'). Otherwise just continue,
and I'll forget about whatever was undefined.

! Undefined control sequence.
l.1232 {\RQ
           {Levítico 19:18
The control sequence at the end of the top line
of your error message was never \def'ed. If you have
misspelled it (e.g., `\hobx'), type `I' and the correct
spelling (e.g., `I\hbox'). Otherwise just continue,
and I'll forget about whatever was undefined.

! Undefined control sequence.
l.1239 {\RQ
           {Salmos 110:1
The control sequence at the end of the top line
of your error message was never \def'ed. If you have
misspelled it (e.g., `\hobx'), type `I' and the correct
spelling (e.g., `I\hbox'). Otherwise just continue,
and I'll forget about whatever was undefined.


Underfull \hbox (badness 2790) in paragraph at lines 1169--1243
[][] []\TU/FreeSerif(0)/m/n/14.4 En-tão Je-sus vol-tou a lhes fa-lar por
 []


Underfull \hbox (badness 2478) in paragraph at lines 1169--1243
\TU/FreeSerif(0)/m/n/14.4 é se-me-lhante a um rei que fez uma
 []


Underfull \hbox (badness 2277) in paragraph at lines 1169--1243
\TU/FreeSerif(0)/m/n/14.4 e os ma-ta-ram. [][] []Quando o rei En-tão
 []


Underfull \hbox (badness 1102) in paragraph at lines 1169--1243
[][] []\TU/FreeSerif(0)/m/n/14.4 Então lhe per-gun-tou: “Amigo, como
 []


Underfull \hbox (badness 2245) in paragraph at lines 1169--1243
\TU/FreeSerif(0)/m/n/14.4 es-co-lhi-dos. [][] []Então os fa-ri-seus fo-ram
 []


Underfull \hbox (badness 3623) in paragraph at lines 1169--1243
[][] []\TU/FreeSerif(0)/m/n/14.4 E ele lhes per-gun-tou: De quem é
 []


Underfull \hbox (badness 1831) in paragraph at lines 1169--1243
\TU/FreeSerif(0)/m/n/14.4 isso, eles fi-ca-ram ad-mi-ra-dos; en-tão o
 []


Underfull \hbox (badness 6078) in paragraph at lines 1169--1243
[][] []\TU/FreeSerif(0)/m/n/14.4 dizendo: Mes-tre, Moi-sés disse: Se
 []


Underfull \hbox (badness 4378) in paragraph at lines 1169--1243
\TU/FreeSerif(0)/m/n/14.4 ir-mão se ca-sará com sua mu-lher, e
 []


Underfull \hbox (badness 3657) in paragraph at lines 1169--1243
\TU/FreeSerif(0)/m/n/14.4 ge-rará des-cen-dên-cia [][][][][] ao seu ir-ma
̃o.
 []


Underfull \hbox (badness 1867) in paragraph at lines 1169--1243
\TU/FreeSerif(0)/m/n/14.4 se-me-lhante a este, \TU/FreeSerif(0)/m/it/14.4 é \T
U/FreeSerif(0)/m/n/14.4 : Ama-rás o teu
 []


Underfull \hbox (badness 1057) in paragraph at lines 1169--1243
[][] []\TU/FreeSerif(0)/m/n/14.4 dizendo: Que pen-sais vós acerca do
 []

[423]
Underfull \vbox (badness 1968) has occurred while \output is active []

 [424]

LaTeX Warning: Reference `0' on page 425 undefined on input line 1244.

! Undefined control sequence.
l.1315 {\RQ
           {Salmos 118:26
The control sequence at the end of the top line
of your error message was never \def'ed. If you have
misspelled it (e.g., `\hobx'), type `I' and the correct
spelling (e.g., `I\hbox'). Otherwise just continue,
and I'll forget about whatever was undefined.


Underfull \hbox (badness 1158) in paragraph at lines 1244--1317
\TU/FreeSerif(0)/m/n/14.4 Por-que sois se-me-lhan-tes aos se-pul-cros
 []


Underfull \hbox (badness 1242) in paragraph at lines 1244--1317
\TU/FreeSerif(0)/m/n/14.4 de-les quando der-ra-ma-ram o san-gue [][][][][]
 []


Underfull \vbox (badness 10000) has occurred while \output is active []

 [425]
Underfull \vbox (badness 10000) has occurred while \output is active []

 [426]

LaTeX Warning: Reference `0' on page 427 undefined on input line 1318.


Underfull \hbox (badness 10000) in paragraph at lines 1336--1336
[][][][] \TU/FreeSerif(0)/b/n/10 24:10  \TU/FreeSerif(0)/m/n/10 tro-pe-ça-ra
̃o na fé Tra-di-ci-o-nal-mente, se
 []


Underfull \hbox (badness 10000) in paragraph at lines 1318--1405
\TU/FreeSerif(0)/m/n/14.4 os dis-cí-pu-los se apro-xi-ma-ram dele
 []


Underfull \hbox (badness 1990) in paragraph at lines 1318--1405
[][] []\TU/FreeSerif(0)/m/n/14.4 Porque mui-tos vi-rão em meu nome,
 []


Underfull \hbox (badness 2469) in paragraph at lines 1318--1405
\TU/FreeSerif(0)/m/n/14.4 to-das es-tas coi-sas são o co-meço das
 []


Underfull \hbox (badness 2205) in paragraph at lines 1318--1405
\TU/FreeSerif(0)/m/n/14.4 en-tão virá o fim. [][] []Portanto, quando
 []


Underfull \hbox (badness 3386) in paragraph at lines 1318--1405
\TU/FreeSerif(0)/m/n/14.4 nem no sá-bado. [][] []Pois ha-verá en-tão
 []


Underfull \hbox (badness 2005) in paragraph at lines 1318--1405
\TU/FreeSerif(0)/m/n/14.4 qua-tro ven-tos, de uma ex-tre-mi-dade à
 []

[427]
Underfull \vbox (badness 1931) has occurred while \output is active []



LaTeX Warning: Reference `0' on page 428 undefined on input line 1406.


Underfull \hbox (badness 1231) in paragraph at lines 1406--1465
\TU/FreeSerif(0)/m/n/14.4 não to-ma-ram azeite con-sigo. [][] []Mas as
 []


Underfull \hbox (badness 5548) in paragraph at lines 1406--1465
\TU/FreeSerif(0)/m/n/14.4 e pre-pa-ra-ram suas lâm-pa-das. [][] []E as
 []


Underfull \hbox (badness 1067) in paragraph at lines 1406--1465
\TU/FreeSerif(0)/m/n/14.4 a nós e a vós; em vez disso, ide aos
 []


Underfull \hbox (badness 2261) in paragraph at lines 1406--1465
\TU/FreeSerif(0)/m/n/14.4 a porta. [][] []Depois vi-e-ram tam-bém as
 []


Underfull \hbox (badness 1735) in paragraph at lines 1406--1465
\TU/FreeSerif(0)/m/n/14.4 abre-nos!” [][] []Mas ele res-pon-deu: “Em
 []

[428]
Underfull \vbox (badness 10000) has occurred while \output is active []


Underfull \vbox (badness 10000) has occurred while \output is active []

 [429]

LaTeX Warning: Reference `0' on page 430 undefined on input line 1466.


Underfull \hbox (badness 10000) in paragraph at lines 1539--1539
[][][][] \TU/FreeSerif(0)/b/n/10 26:31  \TU/FreeSerif(0)/m/n/10 fa-lha-reis co-m
igo Ou: me aban-do-na-reis.
 []


Underfull \hbox (badness 10000) in paragraph at lines 1539--1539
\TU/FreeSerif(0)/m/n/10 Tra-di-ci-o-nal-mente: “vós vos en-can-da-li-za-reis
 de mim”
 []


Underfull \hbox (badness 7238) in paragraph at lines 1466--1619
\TU/FreeSerif(0)/m/n/14.4 to-das es-tas pa-la-vras, disse aos seus
 []


Underfull \hbox (badness 1043) in paragraph at lines 1466--1619
\TU/FreeSerif(0)/m/n/14.4 le-proso, [][] []veio a ele uma mu-lher com
 []


Underfull \hbox (badness 2042) in paragraph at lines 1466--1619
\TU/FreeSerif(0)/m/n/14.4 de grande va-lor, e der-ra-mou so-bre a
 []


Underfull \hbox (badness 1348) in paragraph at lines 1466--1619
\TU/FreeSerif(0)/m/n/14.4 que este des-per-dí-cio? [][] []Pois esse óleo
 []


Underfull \hbox (badness 1917) in paragraph at lines 1466--1619
\TU/FreeSerif(0)/m/n/14.4 tal, e dizei-lhe: “O Mes-tre diz: ‘Meu
 []


Underfull \hbox (badness 1117) in paragraph at lines 1466--1619
\TU/FreeSerif(0)/m/n/14.4 e bas-tões para me pren-der? Todo dia
 []


Underfull \hbox (badness 1895) in paragraph at lines 1466--1619
\TU/FreeSerif(0)/m/n/14.4 en-con-tra-vam. [][] []Mas, por fim, vi-e-ram
 []


Underfull \hbox (badness 1132) in paragraph at lines 1466--1619
\TU/FreeSerif(0)/m/n/14.4 Deus e reconstruí-lo em três dias”. [][]
 []


Underfull \vbox (badness 10000) has occurred while \output is active []


Underfull \vbox (badness 2478) has occurred while \output is active []

 [430]
Underfull \vbox (badness 1117) has occurred while \output is active []

 [431]
Underfull \vbox (badness 2393) has occurred while \output is active []

 [432]

LaTeX Warning: Reference `0' on page 433 undefined on input line 1620.

! Undefined control sequence.
l.1639 {\RQ
           {Zacarias 11:12-13; Jeremias 19:1-13; 32:6-9
The control sequence at the end of the top line
of your error message was never \def'ed. If you have
misspelled it (e.g., `\hobx'), type `I' and the correct
spelling (e.g., `I\hbox'). Otherwise just continue,
and I'll forget about whatever was undefined.


Underfull \hbox (badness 1371) in paragraph at lines 1669--1669
[][][][] \TU/FreeSerif(0)/b/n/10 27:27  \TU/FreeSerif(0)/m/n/10 uni-dade mi-li-t
ar ou: co-orte, uma uni-dade de
 []


Underfull \hbox (badness 1052) in paragraph at lines 1620--1736
[][] []\TU/FreeSerif(0)/m/n/14.4 Vinda a ma-nhã, to-dos os che-fes dos
 []


Underfull \hbox (badness 2253) in paragraph at lines 1620--1736
\TU/FreeSerif(0)/m/n/14.4 se acon-se-lha-ram con-tra Je-sus, para o
 []


Underfull \hbox (badness 1303) in paragraph at lines 1620--1736
\TU/FreeSerif(0)/m/n/14.4 prata aos che-fes dos sa-cer-do-tes e aos
 []


Underfull \hbox (badness 3861) in paragraph at lines 1620--1736
\TU/FreeSerif(0)/m/n/14.4 ce-mi-té-rio dos es-tran-gei-ros. [][] []Por isso
 []


Underfull \hbox (badness 1194) in paragraph at lines 1620--1736
\TU/FreeSerif(0)/m/n/14.4 És tu o Rei dos Ju-deus? E Je-sus lhe
 []


Underfull \hbox (badness 1406) in paragraph at lines 1620--1736
\TU/FreeSerif(0)/m/n/14.4 sol-da-dos do go-ver-na-dor le-va-ram Je-sus
 []


Underfull \hbox (badness 1394) in paragraph at lines 1620--1736
\TU/FreeSerif(0)/m/n/14.4 e uma cana em sua mão di-reita. Em
 []


Underfull \hbox (badness 2591) in paragraph at lines 1620--1736
\TU/FreeSerif(0)/m/n/14.4 nome Si-mão; e obrigaram-no a le-var
 []


Underfull \hbox (badness 1389) in paragraph at lines 1620--1736
\TU/FreeSerif(0)/m/n/14.4 e so-bre mi-nha tú-nica lan-ça-ram sor-tes.
 []


Underfull \hbox (badness 1163) in paragraph at lines 1620--1736
\TU/FreeSerif(0)/m/n/14.4 sua acu-sa-ção es-crita: ESTE É JE-SUS,
 []


Underfull \hbox (badness 2556) in paragraph at lines 1620--1736
\TU/FreeSerif(0)/m/n/14.4 cru-ci-fi-ca-dos com ele dois cri-mi-no-sos,
 []


Underfull \hbox (badness 3240) in paragraph at lines 1620--1736
[][][][][] \TU/FreeSerif(0)/m/n/14.4 um à di-reita, e ou-tro à es-querda.
 []


Underfull \hbox (badness 1132) in paragraph at lines 1620--1736
[][] []\TU/FreeSerif(0)/m/n/14.4 Os que pas-sa-vam blas-fe-ma-vam dele,
 []


Underfull \hbox (badness 1048) in paragraph at lines 1620--1736
[][] []\TU/FreeSerif(0)/m/n/14.4 Entre elas es-ta-vam Ma-ria Ma-da-lena,
 []


Underfull \hbox (badness 1845) in paragraph at lines 1620--1736
\TU/FreeSerif(0)/m/n/14.4 pôs em seu se-pul-cro novo, que ti-nha
 []


Underfull \hbox (badness 2005) in paragraph at lines 1620--1736
[][] []\TU/FreeSerif(0)/m/n/14.4 e dis-se-ram: Se-nhor, nos lem-bra-mos
 []


Underfull \hbox (badness 1342) in paragraph at lines 1620--1736
\TU/FreeSerif(0)/m/n/14.4 que aquele en-ga-na-dor, en-quanto ainda
 []


Underfull \hbox (badness 2600) in paragraph at lines 1620--1736
\TU/FreeSerif(0)/m/n/14.4 dia, para que não acon-teça dos seus
 []


Underfull \hbox (badness 1424) in paragraph at lines 1620--1736
\TU/FreeSerif(0)/m/n/14.4 como o en-ten-deis. [][] []E eles se fo-ram,
 []


Underfull \vbox (badness 1968) has occurred while \output is active []

 [433]
Underfull \vbox (badness 10000) has occurred while \output is active []

 [434]
Underfull \vbox (badness 1092) has occurred while \output is active []



LaTeX Warning: Reference `0' on page 435 undefined on input line 1737.


Underfull \hbox (badness 1577) in paragraph at lines 1737--1759
\TU/FreeSerif(0)/m/n/14.4 dos mor-tos; e eis que vai adi-ante de
 []


Underfull \hbox (badness 1137) in paragraph at lines 1737--1759
\TU/FreeSerif(0)/m/n/14.4 se-gu-ros. [][] []Eles to-ma-ram o di-nheiro e
 []

[435]
Underfull \vbox (badness 10000) has occurred while \output is active []

)
("./source/NT/41 - MRK_src.tex"
[leftcolumn badness]: 1000000 on 9.4115pt
[rightcolumn badness]: 1000000 on 9.4115pt
[leftcolumn badness]: 1000000 on 9.4115pt
[rightcolumn badness]: 1000000 on 9.4115pt
[leftcolumn badness]: 1000000 on 9.4115pt
[rightcolumn badness]: 1000000 on 9.4115pt
[leftcolumn badness]: 1000000 on 9.4115pt
[rightcolumn badness]: 1000000 on 9.4115pt
[leftcolumn badness]: 1000000 on 9.4115pt
[rightcolumn badness]: 1000000 on 9.4115pt
[leftcolumn badness]: 1000000 on 9.4115pt
[rightcolumn badness]: 1000000 on 9.4115pt
[leftcolumn badness]: 1000000 on 9.4115pt
[rightcolumn badness]: 1000000 on 9.4115pt
[leftcolumn badness]: 1000000 on 9.4115pt
[rightcolumn badness]: 1000000 on 9.4115pt
[leftcolumn badness]: 1000000 on 9.4115pt
[rightcolumn badness]: 1000000 on 9.4115pt
[leftcolumn badness]: 1000000 on 9.4115pt
[rightcolumn badness]: 1000000 on 9.4115pt
- LAST -
Extra skip:23.8972pt
Left:388.19879pt/3.1392pt
Right:363.84076pt/3.60004pt
Split: 388.56975pt
Output:388.56975pt
Pageshrink: 4.0pt
Pagestretch: 4.0pt
@colht:660.06499pt
FLUSHEND [output]: 388.56975pt
FLUSHEND [leftcolumn badness]: 10000
FUSHEND [rightcolumn badness]: 0
 [436]
! Undefined control sequence.
l.6 {\RQ
        {Malaquias 3:1
The control sequence at the end of the top line
of your error message was never \def'ed. If you have
misspelled it (e.g., `\hobx'), type `I' and the correct
spelling (e.g., `I\hbox'). Otherwise just continue,
and I'll forget about whatever was undefined.

! Undefined control sequence.
l.9 {\RQ
        {Isaías 40:3
The control sequence at the end of the top line
of your error message was never \def'ed. If you have
misspelled it (e.g., `\hobx'), type `I' and the correct
spelling (e.g., `I\hbox'). Otherwise just continue,
and I'll forget about whatever was undefined.


Underfull \hbox (badness 6876) in paragraph at lines 4--58
\TU/FreeSerif(0)/m/n/14.4 Fi-lho de Deus. [][] []Como está es-crito
 []


Underfull \hbox (badness 7256) in paragraph at lines 4--58
\TU/FreeSerif(0)/m/n/14.4 men-sa-geiro di-ante de tua face, que
 []


Underfull \hbox (badness 1132) in paragraph at lines 4--58
\TU/FreeSerif(0)/m/n/14.4 da água, viu os céus se abri-rem, e o
 []


Underfull \hbox (badness 1242) in paragraph at lines 4--58
\TU/FreeSerif(0)/m/n/14.4 imundo, pro-vo-cando con-vul-são nele, e
 []


Underfull \hbox (badness 1122) in paragraph at lines 4--58
\TU/FreeSerif(0)/m/n/14.4 sa-í-rem da si-na-goga, vi-e-ram à casa de
 []


Underfull \hbox (badness 1189) in paragraph at lines 4--58
\TU/FreeSerif(0)/m/n/14.4 Ele não dei-xava os de-mô-nios fa-la-rem,
 []


Underfull \hbox (badness 1484) in paragraph at lines 4--58
\TU/FreeSerif(0)/m/n/14.4 orar. [][] []Simão e os que es-ta-vam com
 []


Underfull \hbox (badness 1325) in paragraph at lines 4--58
\TU/FreeSerif(0)/m/n/14.4 ele o se-gui-ram. [][] []Quando o acha-ram,
 []


Underfull \hbox (badness 1490) in paragraph at lines 4--58
\TU/FreeSerif(0)/m/n/14.4 vi-zi-nhas, para que eu tam-bém pre-gue
 []


Underfull \hbox (badness 1024) in paragraph at lines 4--58
\TU/FreeSerif(0)/m/n/14.4 ali, pois vim para isso. [][] []Ele pre-gava
 []


Underfull \vbox (badness 10000) has occurred while \output is active []

 [437


]
Underfull \vbox (badness 10000) has occurred while \output is active []



LaTeX Warning: Reference `0' on page 438 undefined on input line 59.


Underfull \hbox (badness 1308) in paragraph at lines 59--102
\TU/FreeSerif(0)/m/n/14.4 Ca-far-naum, e ouviu-se que es-tava em
 []


Underfull \hbox (badness 1281) in paragraph at lines 59--102
\TU/FreeSerif(0)/m/n/14.4 que ja-zia o pa-ra-lí-tico. [][] []Quando Je-sus
 []


Underfull \hbox (badness 1286) in paragraph at lines 59--102
\TU/FreeSerif(0)/m/n/14.4 anda”? [][] []Mas para que sai-bais que o
 []


Underfull \hbox (badness 2205) in paragraph at lines 59--102
\TU/FreeSerif(0)/m/n/14.4 Fi-lho do ho-mem tem po-der na terra
 []

[438]
Underfull \vbox (badness 1968) has occurred while \output is active []



LaTeX Warning: Reference `0' on page 439 undefined on input line 103.


Underfull \hbox (badness 1264) in paragraph at lines 103--147
[][] []\TU/FreeSerif(0)/m/n/14.4 de Je-ru-sa-lém, da Idu-meia, da-lém do
 []


Underfull \hbox (badness 1466) in paragraph at lines 103--147
\TU/FreeSerif(0)/m/n/14.4 os que quis; en-tão vi-e-ram a ele. [][] []E
 []


Underfull \hbox (badness 1742) in paragraph at lines 103--147
\TU/FreeSerif(0)/m/n/14.4 e ex-pul-sar os de-mô-nios. [][] []Eram eles:
 []

[439]
Underfull \vbox (badness 6284) has occurred while \output is active []



LaTeX Warning: Reference `0' on page 440 undefined on input line 148.

! Undefined control sequence.
l.162 {\RQ
          {Isaías 6:9-10
The control sequence at the end of the top line
of your error message was never \def'ed. If you have
misspelled it (e.g., `\hobx'), type `I' and the correct
spelling (e.g., `I\hbox'). Otherwise just continue,
and I'll forget about whatever was undefined.


Underfull \hbox (badness 1009) in paragraph at lines 148--196
\TU/FreeSerif(0)/m/n/14.4 que vendo, ve-jam, e não per-ce-bam; e
 []


Underfull \hbox (badness 1072) in paragraph at lines 148--196
[]\TU/FreeSerif(0)/m/n/14.4 E disse-lhes: Não sa-beis o sig-ni-fi-cado
 []


Underfull \hbox (badness 1077) in paragraph at lines 148--196
[][] []\TU/FreeSerif(0)/m/n/14.4 Naquele dia, che-gando o en-tar-de-cer,
 []


Underfull \hbox (badness 1648) in paragraph at lines 148--196
\TU/FreeSerif(0)/m/n/14.4 disseram-lhe: Mes-tre, não te im-por-tas
 []

[440]
Underfull \vbox (badness 10000) has occurred while \output is active []


Underfull \vbox (badness 10000) has occurred while \output is active []

 [441]

LaTeX Warning: Reference `0' on page 442 undefined on input line 197.


Underfull \hbox (badness 2435) in paragraph at lines 197--249
\TU/FreeSerif(0)/m/n/14.4 E res-pon-deu: Le-gião é o meu nome,
 []


Underfull \hbox (badness 2253) in paragraph at lines 197--249
\TU/FreeSerif(0)/m/n/14.4 por-que so-mos mui-tos. [][] []E rogava-lhe
 []


Underfull \hbox (badness 2261) in paragraph at lines 197--249
\TU/FreeSerif(0)/m/n/14.4 muito que não os ex-pul-sasse da-quela
 []


Underfull \hbox (badness 1264) in paragraph at lines 197--249
\TU/FreeSerif(0)/m/n/14.4 en-de-mo-ni-nhado, e so-bre os por-cos. [][]
 []


Underfull \hbox (badness 2245) in paragraph at lines 197--249
\TU/FreeSerif(0)/m/n/14.4 no barco, o que fora en-de-mo-ni-nhado
 []


Underfull \vbox (badness 10000) has occurred while \output is active []

 [442]
Underfull \vbox (badness 10000) has occurred while \output is active []



LaTeX Warning: Reference `0' on page 443 undefined on input line 250.


Underfull \hbox (badness 1371) in paragraph at lines 250--319
\TU/FreeSerif(0)/m/n/14.4 a si os doze, e co-me-çou a en-viar de
 []


Underfull \hbox (badness 1418) in paragraph at lines 250--319
\TU/FreeSerif(0)/m/n/14.4 até que dali sai-ais. [][] []E to-dos os que
 []


Underfull \hbox (badness 1117) in paragraph at lines 250--319
\TU/FreeSerif(0)/m/n/14.4 não vos re-ce-be-rem, nem vos ou-vi-rem,
 []


Underfull \hbox (badness 1924) in paragraph at lines 250--319
\TU/FreeSerif(0)/m/n/14.4 para lhes dar-mos de co-mer? [][] []E ele
 []


Underfull \hbox (badness 1629) in paragraph at lines 250--319
\TU/FreeSerif(0)/m/n/14.4 por eles. [][] []Mas quando eles o vi-ram
 []

[443]
Underfull \vbox (badness 1968) has occurred while \output is active []


Underfull \vbox (badness 10000) has occurred while \output is active []

 [444]
Underfull \vbox (badness 10000) has occurred while \output is active []


Underfull \vbox (badness 10000) has occurred while \output is active []

 [445]

LaTeX Warning: Reference `0' on page 446 undefined on input line 320.

! Undefined control sequence.
l.328 {\RQ
          {Isaías 29:13
The control sequence at the end of the top line
of your error message was never \def'ed. If you have
misspelled it (e.g., `\hobx'), type `I' and the correct
spelling (e.g., `I\hbox'). Otherwise just continue,
and I'll forget about whatever was undefined.


Underfull \hbox (badness 1968) in paragraph at lines 320--364
\TU/FreeSerif(0)/m/n/14.4 dos dis-cí-pu-los dele co-miam pão com
 []


Underfull \hbox (badness 10000) in paragraph at lines 320--364
\TU/FreeSerif(0)/m/n/14.4 mãos im-pu-ras, isto é, sem la-var,
 []


Underfull \hbox (badness 10000) in paragraph at lines 320--364
\TU/FreeSerif(0)/m/n/14.4 repreendiam-lhes. [][] [](Pois os fa-ri-seus,
 []


Underfull \hbox (badness 1502) in paragraph at lines 320--364
\TU/FreeSerif(0)/m/n/14.4 guar-dar-des a vossa tra-di-ção; [][] []porque
 []


Underfull \hbox (badness 1762) in paragraph at lines 320--364
\TU/FreeSerif(0)/m/n/14.4 disse-lhes: Ouvi-me to-dos, e en-ten-dei:
 []


Underfull \hbox (badness 1331) in paragraph at lines 320--364
\TU/FreeSerif(0)/m/n/14.4 ou-vir, ouça. [][] []Quando \TU/FreeSerif(0)/m/it/14
.4 Je-sus \TU/FreeSerif(0)/m/n/14.4 dei-xou a
 []


Underfull \hbox (badness 1968) in paragraph at lines 320--364
\TU/FreeSerif(0)/m/n/14.4 os pe-ca-dos se-xu-ais, os ho-mi-cí-dios, [][]
 []


Underfull \hbox (badness 1983) in paragraph at lines 320--364
\TU/FreeSerif(0)/m/n/14.4 e con-ta-mi-nam o ser hu-mano. [][] []\TU/FreeSerif(0
)/m/it/14.4 Jesus
 []


Underfull \vbox (badness 10000) has occurred while \output is active []

 [446]

LaTeX Warning: Reference `0' on page 447 undefined on input line 365.


Underfull \hbox (badness 10000) in paragraph at lines 365--409
[][] []\TU/FreeSerif(0)/m/n/14.4 Na-que-les dias, quando ha-via uma
 []


Underfull \hbox (badness 2096) in paragraph at lines 365--409
\TU/FreeSerif(0)/m/n/14.4 a si, e disse-lhes: [][] []Tenho com-pai-xão
 []


Underfull \hbox (badness 1655) in paragraph at lines 365--409
\TU/FreeSerif(0)/m/n/14.4 ca-sas des-mai-a-rão no ca-mi-nho; por-que
 []


Underfull \hbox (badness 3343) in paragraph at lines 365--409
\TU/FreeSerif(0)/m/n/14.4 dis-cí-pu-los lhe res-pon-de-ram: De onde
 []


Underfull \hbox (badness 4647) in paragraph at lines 365--409
\TU/FreeSerif(0)/m/n/14.4 da mul-ti-dão. [][] []E ti-nham uns pou-cos
 []


Underfull \hbox (badness 1178) in paragraph at lines 365--409
[][] []\TU/FreeSerif(0)/m/n/14.4 Os que co-me-ram eram quase qua-tro
 []


Underfull \hbox (badness 3333) in paragraph at lines 365--409
\TU/FreeSerif(0)/m/n/14.4 le-van-tas-tes?Responderam-lhe: Doze. [][]
 []


Underfull \hbox (badness 1412) in paragraph at lines 365--409
\TU/FreeSerif(0)/m/n/14.4 mil, quan-tas ces-tas cheias de pe-da-ços
 []


Underfull \hbox (badness 3428) in paragraph at lines 365--409
\TU/FreeSerif(0)/m/n/14.4 ca-mi-nho per-gun-tou a seus dis-cí-pu-los:
 []


Underfull \hbox (badness 1097) in paragraph at lines 365--409
\TU/FreeSerif(0)/m/n/14.4 com os san-tos an-jos, envergonhar-se-á
 []


Underfull \vbox (badness 10000) has occurred while \output is active []

 [447]
Underfull \vbox (badness 10000) has occurred while \output is active []



LaTeX Warning: Reference `0' on page 448 undefined on input line 410.


Underfull \hbox (badness 2512) in paragraph at lines 410--473
\TU/FreeSerif(0)/m/n/14.4 di-ante de-les. [][] []E suas rou-pas fi-ca-ram
 []


Underfull \hbox (badness 1024) in paragraph at lines 410--473
\TU/FreeSerif(0)/m/n/14.4 lhe per-gun-ta-ram à parte: Por que nós
 []


Underfull \hbox (badness 1622) in paragraph at lines 410--473
\TU/FreeSerif(0)/m/n/14.4 seus dis-cí-pu-los, e lhes di-zia: O Fi-lho
 []


Underfull \hbox (badness 4096) in paragraph at lines 410--473
\TU/FreeSerif(0)/m/n/14.4 eles se ca-la-ram; por-que eles ha-viam
 []


Underfull \hbox (badness 1253) in paragraph at lines 410--473
[][] []\TU/FreeSerif(0)/m/n/14.4 Pois quem não é con-tra nós, é por
 []

[448]
Underfull \vbox (badness 10000) has occurred while \output is active []


Underfull \vbox (badness 10000) has occurred while \output is active []

 [449]

LaTeX Warning: Reference `0' on page 450 undefined on input line 474.

! Undefined control sequence.
l.482 {\RQ
          {Gênesis 1:27
The control sequence at the end of the top line
of your error message was never \def'ed. If you have
misspelled it (e.g., `\hobx'), type `I' and the correct
spelling (e.g., `I\hbox'). Otherwise just continue,
and I'll forget about whatever was undefined.


Underfull \hbox (badness 1371) in paragraph at lines 474--537
\TU/FreeSerif(0)/m/it/14.4 ho-mem \TU/FreeSerif(0)/m/n/14.4 cor-reu até ele; 
e pondo-se de
 []


Underfull \hbox (badness 1194) in paragraph at lines 474--537
\TU/FreeSerif(0)/m/n/14.4 E vol-tando a to-mar con-sigo aos doze,
 []


Underfull \hbox (badness 1097) in paragraph at lines 474--537
\TU/FreeSerif(0)/m/n/14.4 será vosso ser-vi-dor. [][] []E qual-quer que
 []

[450]
Underfull \vbox (badness 10000) has occurred while \output is active []


Underfull \vbox (badness 10000) has occurred while \output is active []

 [451]
Underfull \vbox (badness 10000) has occurred while \output is active []



LaTeX Warning: Reference `0' on page 452 undefined on input line 538.

! Undefined control sequence.
l.560 {\RQ
          {Isaías 56:7
The control sequence at the end of the top line
of your error message was never \def'ed. If you have
misspelled it (e.g., `\hobx'), type `I' and the correct
spelling (e.g., `I\hbox'). Otherwise just continue,
and I'll forget about whatever was undefined.


Underfull \hbox (badness 1320) in paragraph at lines 538--582
\TU/FreeSerif(0)/m/n/14.4 que está adi-ante de vós; e as-sim que
 []


Underfull \hbox (badness 1117) in paragraph at lines 538--582
\TU/FreeSerif(0)/m/n/14.4 soltai-o, e trazei-o. [][] []E se al-guém vos
 []


Underfull \hbox (badness 4156) in paragraph at lines 538--582
\TU/FreeSerif(0)/m/n/14.4 suas rou-pas, e \TU/FreeSerif(0)/m/it/14.4 Je-sus \TU
/FreeSerif(0)/m/n/14.4 sentou-se so-bre
 []


Underfull \hbox (badness 1226) in paragraph at lines 538--582
\TU/FreeSerif(0)/m/n/14.4 vol-ta-ram a Je-ru-sa-lém; e, en-quanto ele
 []


Underfull \hbox (badness 1122) in paragraph at lines 538--582
\TU/FreeSerif(0)/m/n/14.4 res-pon-deu: Tam-bém eu vos fa-rei uma
 []

[452]
Underfull \vbox (badness 10000) has occurred while \output is active []



LaTeX Warning: Reference `0' on page 453 undefined on input line 583.

! Undefined control sequence.
l.597 {\RQ
          {Salmos 118:22-23
The control sequence at the end of the top line
of your error message was never \def'ed. If you have
misspelled it (e.g., `\hobx'), type `I' and the correct
spelling (e.g., `I\hbox'). Otherwise just continue,
and I'll forget about whatever was undefined.

! Undefined control sequence.
l.625 {\RQ
          {Êxodo 3:6
The control sequence at the end of the top line
of your error message was never \def'ed. If you have
misspelled it (e.g., `\hobx'), type `I' and the correct
spelling (e.g., `I\hbox'). Otherwise just continue,
and I'll forget about whatever was undefined.

! Undefined control sequence.
l.633 {\RQ
          {Deuteronômio 6:4-5
The control sequence at the end of the top line
of your error message was never \def'ed. If you have
misspelled it (e.g., `\hobx'), type `I' and the correct
spelling (e.g., `I\hbox'). Otherwise just continue,
and I'll forget about whatever was undefined.

! Undefined control sequence.
l.636 {\RQ
          {Levítico 19:18
The control sequence at the end of the top line
of your error message was never \def'ed. If you have
misspelled it (e.g., `\hobx'), type `I' and the correct
spelling (e.g., `I\hbox'). Otherwise just continue,
and I'll forget about whatever was undefined.

! Undefined control sequence.
l.643 {\RQ
          {Salmos 110:1
The control sequence at the end of the top line
of your error message was never \def'ed. If you have
misspelled it (e.g., `\hobx'), type `I' and the correct
spelling (e.g., `I\hbox'). Otherwise just continue,
and I'll forget about whatever was undefined.


Underfull \hbox (badness 1852) in paragraph at lines 583--662
\TU/FreeSerif(0)/m/n/14.4 cercou-a, fun-dou \TU/FreeSerif(0)/m/it/14.4 nela \TU
/FreeSerif(0)/m/n/14.4 uma prensa de
 []


Underfull \hbox (badness 2818) in paragraph at lines 583--662
\TU/FreeSerif(0)/m/n/14.4 a uns la-vra-do-res; e partiu-se da-quela
 []


Underfull \hbox (badness 7740) in paragraph at lines 583--662
\TU/FreeSerif(0)/m/n/14.4 terra. [][] []E, quando che-gou o tempo,
 []


Underfull \hbox (badness 1132) in paragraph at lines 583--662
\TU/FreeSerif(0)/m/n/14.4 que re-ce-besse dos la-vra-do-res do fruto
 []


Underfull \hbox (badness 1796) in paragraph at lines 583--662
\TU/FreeSerif(0)/m/n/14.4 feriram-no, e mandaram-no va-zio. [][] []E
 []


Underfull \hbox (badness 2409) in paragraph at lines 583--662
\TU/FreeSerif(0)/m/n/14.4 a man-dar ou-tro, ao qual ma-ta-ram, e
 []


Underfull \hbox (badness 1448) in paragraph at lines 583--662
\TU/FreeSerif(0)/m/n/14.4 me-nos res-pei-ta-rão o meu fi-lho. [][] []Mas
 []


Underfull \hbox (badness 1184) in paragraph at lines 583--662
\TU/FreeSerif(0)/m/n/14.4 en-tão o dei-xa-ram e se re-ti-ra-ram. [][] []E
 []


Underfull \hbox (badness 1681) in paragraph at lines 583--662
\TU/FreeSerif(0)/m/n/14.4 e o pri-meiro casou-se com a mu-lher,
 []


Underfull \hbox (badness 5787) in paragraph at lines 583--662
\TU/FreeSerif(0)/m/n/14.4 e o ter-ceiro da mesma ma-neira. [][]
 []


Underfull \hbox (badness 2443) in paragraph at lines 583--662
[][] []\TU/FreeSerif(0)/m/n/14.4 Jesus viu que ele ha-via res-pon-dido
 []


Underfull \hbox (badness 1769) in paragraph at lines 583--662
\TU/FreeSerif(0)/m/n/14.4 à arca do te-souro, ob-ser-vava como a
 []


Underfull \hbox (badness 1895) in paragraph at lines 583--662
\TU/FreeSerif(0)/m/n/14.4 mul-ti-dão lan-çava di-nheiro na arca do
 []

[453]
Underfull \vbox (badness 1968) has occurred while \output is active []


Underfull \vbox (badness 4832) has occurred while \output is active []

 [454]
Underfull \vbox (badness 6188) has occurred while \output is active []



LaTeX Warning: Reference `0' on page 455 undefined on input line 663.


Underfull \hbox (badness 1097) in paragraph at lines 663--704
[][] []\TU/FreeSerif(0)/m/n/14.4 Quando ele es-tava sa-indo do tem-plo,
 []

[455]
Underfull \vbox (badness 10000) has occurred while \output is active []


Underfull \vbox (badness 1968) has occurred while \output is active []

 [456]

LaTeX Warning: Reference `0' on page 457 undefined on input line 705.

! Undefined control sequence.
l.740 {\RQ
          {Zacarias 13:7
The control sequence at the end of the top line
of your error message was never \def'ed. If you have
misspelled it (e.g., `\hobx'), type `I' and the correct
spelling (e.g., `I\hbox'). Otherwise just continue,
and I'll forget about whatever was undefined.


Underfull \hbox (badness 1552) in paragraph at lines 705--813
[]\TU/FreeSerif(0)/m/n/14.4 Em ver-dade vos digo, que onde quer
 []


Underfull \hbox (badness 3229) in paragraph at lines 705--813
\TU/FreeSerif(0)/m/n/14.4 for pre-gado, tam-bém o que esta fez
 []


Underfull \hbox (badness 1931) in paragraph at lines 705--813
\TU/FreeSerif(0)/m/it/14.4 o cor-deiro da \TU/FreeSerif(0)/m/n/14.4 Pás-coa, 
seus dis-cí-pu-los
 []


Underfull \hbox (badness 1102) in paragraph at lines 705--813
\TU/FreeSerif(0)/m/n/14.4 pre-pa-rar para co-mer-des a Pás-coa?” [][]
 []


Underfull \hbox (badness 2111) in paragraph at lines 705--813
[]\TU/FreeSerif(0)/m/n/14.4 E man-dou dois de seus dis-cí-pu-los, e
 []


Underfull \hbox (badness 3623) in paragraph at lines 705--813
\TU/FreeSerif(0)/m/n/14.4 a ele se-gui. [][] []E onde quer que ele
 []


Underfull \hbox (badness 1152) in paragraph at lines 705--813
\TU/FreeSerif(0)/m/n/14.4 Pás-coa com meus dis-cí-pu-los? [][] []E ele
 []


Underfull \hbox (badness 1043) in paragraph at lines 705--813
\TU/FreeSerif(0)/m/n/14.4 se-rão dis-per-sas. Za-ca-rias 13:7  [][] []Mas
 []


Underfull \hbox (badness 1859) in paragraph at lines 705--813
\TU/FreeSerif(0)/m/n/14.4 ne-nhuma te ne-ga-rei.” E to-dos di-ziam
 []


Underfull \hbox (badness 1292) in paragraph at lines 705--813
\TU/FreeSerif(0)/m/n/14.4 as mes-mas pa-la-vras. [][] []Quando vol-tou,
 []


Underfull \hbox (badness 1082) in paragraph at lines 705--813
\TU/FreeSerif(0)/m/n/14.4 não con-cor-da-vam en-tre si. [][] []E al-guns
 []


Underfull \hbox (badness 1087) in paragraph at lines 705--813
\TU/FreeSerif(0)/m/n/14.4 Ben-dito?” [][] []Jesus res-pon-deu: “Eu sou.
 []


Underfull \hbox (badness 1430) in paragraph at lines 705--813
\TU/FreeSerif(0)/m/n/14.4 do sumo sa-cer-dote. [][] []Quando ela viu
 []


Underfull \vbox (badness 10000) has occurred while \output is active []

 [457]
Underfull \vbox (badness 1968) has occurred while \output is active []


Underfull \vbox (badness 4832) has occurred while \output is active []

 [458]

LaTeX Warning: Reference `0' on page 459 undefined on input line 814.


Underfull \hbox (badness 1248) in paragraph at lines 814--876
[][] []\TU/FreeSerif(0)/m/n/14.4 E logo ao ama-nhe-cer, os che-fes dos
 []


Underfull \hbox (badness 4279) in paragraph at lines 814--876
\TU/FreeSerif(0)/m/n/14.4 res-pon-des nada? Olha quan-tas \TU/FreeSerif(0)/m/it
/14.4 coi-sas
 []


Underfull \hbox (badness 1014) in paragraph at lines 814--876
\TU/FreeSerif(0)/m/n/14.4 fi-cou sur-preso. [][] []Na festa, \TU/FreeSerif(0)/m
/it/14.4 Pi-la-tos \TU/FreeSerif(0)/m/n/14.4 lhes
 []


Underfull \hbox (badness 6284) in paragraph at lines 814--876
\TU/FreeSerif(0)/m/n/14.4 sol-tava um preso, qual-quer um que
 []


Underfull \hbox (badness 1264) in paragraph at lines 814--876
\TU/FreeSerif(0)/m/n/14.4 ca-beça com uma cana, cus-pi-ram nele,
 []


Underfull \hbox (badness 1655) in paragraph at lines 814--876
\TU/FreeSerif(0)/m/n/14.4 es-car-ne-ce-ram, despiram-lhe a púr-pura,
 []


Underfull \hbox (badness 1478) in paragraph at lines 814--876
[][] []\TU/FreeSerif(0)/m/n/14.4 E for-ça-ram um Si-mão ci-re-neu, que
 []


Underfull \hbox (badness 1400) in paragraph at lines 814--876
\TU/FreeSerif(0)/m/n/14.4 dele, lançando-lhes sor-tes, para o que
 []


Underfull \hbox (badness 1748) in paragraph at lines 814--876
\TU/FreeSerif(0)/m/n/14.4 tu que der-ru-bas o tem-plo, e em três
 []


Underfull \hbox (badness 1642) in paragraph at lines 814--876
\TU/FreeSerif(0)/m/n/14.4 Ele sal-vou a ou-tros, a si mesmo não
 []


Underfull \hbox (badness 1314) in paragraph at lines 814--876
\TU/FreeSerif(0)/m/n/14.4 ve-ja-mos, e crei-a-mos! Os que es-ta-vam
 []

[459]
Underfull \vbox (badness 10000) has occurred while \output is active []


Underfull \vbox (badness 1931) has occurred while \output is active []

 [460]

LaTeX Warning: Reference `0' on page 461 undefined on input line 877.


Underfull \hbox (badness 10000) in paragraph at lines 877--900
[][] []\TU/FreeSerif(0)/m/n/14.4 Ha-vendo pas-sado o sá-bado, Ma-ria
 []


Underfull \hbox (badness 2671) in paragraph at lines 877--900
\TU/FreeSerif(0)/m/n/14.4 Ma-da-lena, e Ma-ria \TU/FreeSerif(0)/m/it/14.4 mãe 
\TU/FreeSerif(0)/m/n/14.4 de Ti-ago, e
 []


Underfull \hbox (badness 5893) in paragraph at lines 877--900
\TU/FreeSerif(0)/m/n/14.4 Sa-lomé, com-pra-ram es-pe-ci-a-rias, para
 []


Underfull \hbox (badness 1337) in paragraph at lines 877--900
\TU/FreeSerif(0)/m/n/14.4 o pri-meiro dia da se-mana, vi-e-ram ao
 []


Underfull \hbox (badness 2875) in paragraph at lines 877--900
\TU/FreeSerif(0)/m/n/14.4 a Je-sus Na-za-reno cru-ci-fi-cado. Ele já
 []


Underfull \hbox (badness 2326) in paragraph at lines 877--900
\TU/FreeSerif(0)/m/n/14.4 fu-gi-ram do se-pul-cro, por-que te-mor e
 []


Underfull \hbox (badness 2818) in paragraph at lines 877--900
\TU/FreeSerif(0)/m/n/14.4 pri-mei-ra-mente a Ma-ria Ma-da-lena, da
 []


Underfull \hbox (badness 1253) in paragraph at lines 877--900
\TU/FreeSerif(0)/m/n/14.4 forma a dois de-les, que es-ta-vam indo
 []


Underfull \vbox (badness 10000) has occurred while \output is active []

 [461])
("./source/NT/42 - LUK_src.tex"
[leftcolumn badness]: 1000000 on 13.97514pt
[rightcolumn badness]: 1000000 on 13.97514pt
[leftcolumn badness]: 1000000 on 13.97514pt
[rightcolumn badness]: 1000000 on 13.97514pt
[leftcolumn badness]: 1000000 on 13.97514pt
[rightcolumn badness]: 1000000 on 13.97514pt
[leftcolumn badness]: 1000000 on 13.97514pt
[rightcolumn badness]: 1000000 on 13.97514pt
[leftcolumn badness]: 1000000 on 13.97514pt
[rightcolumn badness]: 1000000 on 13.97514pt
[leftcolumn badness]: 1000000 on 13.97514pt
[rightcolumn badness]: 1000000 on 13.97514pt
- LAST -
Extra skip:19.13034pt
Left:80.39978pt/2.0304pt
Right:63.29984pt/0.0pt
Split: 80.39978pt
Output:80.39978pt
Pageshrink: 0.0pt
Pagestretch: 0.0pt
@colht:660.06499pt
FLUSHEND [output]: 80.39978pt
FLUSHEND [leftcolumn badness]: 0
FUSHEND [rightcolumn badness]: 10000
 [462]
Underfull \hbox (badness 2894) in paragraph at lines 133--133
[][][][] \TU/FreeSerif(0)/b/n/10 1:78  \TU/FreeSerif(0)/m/n/10 pro-funda mi-se-r
i-cór-dia Lit. das en-tra-nhas de
 []


Underfull \hbox (badness 3058) in paragraph at lines 4--136
\TU/FreeSerif(0)/m/n/14.4 or-dem o re-lato das coi-sas que en-tre
 []


Underfull \hbox (badness 1097) in paragraph at lines 4--136
\TU/FreeSerif(0)/m/n/14.4 vi-ram que desde o prin-cí-pio, e fo-ram
 []


Underfull \hbox (badness 2478) in paragraph at lines 4--136
[][] []\TU/FreeSerif(0)/m/n/14.4 E su-ce-deu que, ter-mi-na-dos os dias
 []


Underfull \hbox (badness 1831) in paragraph at lines 4--136
\TU/FreeSerif(0)/m/n/14.4 cir-cun-ci-dar o me-nino, e o cha-ma-vam
 []


Underfull \hbox (badness 1325) in paragraph at lines 4--136
\TU/FreeSerif(0)/m/n/14.4 aos nos-sos an-ces-trais, [][][][][] e se lem-brar
 []


Underfull \vbox (badness 7238) has occurred while \output is active []

 [463


]
Underfull \vbox (badness 4832) has occurred while \output is active []


Underfull \vbox (badness 1092) has occurred while \output is active []

 [464]

LaTeX Warning: Reference `0' on page 465 undefined on input line 137.

! Undefined control sequence.
l.168 {\RQ
          {Êxodo 13:2,12
The control sequence at the end of the top line
of your error message was never \def'ed. If you have
misspelled it (e.g., `\hobx'), type `I' and the correct
spelling (e.g., `I\hbox'). Otherwise just continue,
and I'll forget about whatever was undefined.


Underfull \hbox (badness 2837) in paragraph at lines 137--204
\TU/FreeSerif(0)/m/n/14.4 pois, até Be-lém, e ve-ja-mos isso que
 []


Underfull \hbox (badness 1205) in paragraph at lines 137--204
\TU/FreeSerif(0)/m/n/14.4 e visto, como lhes ha-via sido dito. [][]
 []


Underfull \hbox (badness 1442) in paragraph at lines 137--204
\TU/FreeSerif(0)/m/n/14.4 se diz na Lei do Se-nhor: um par de
 []


Underfull \hbox (badness 1337) in paragraph at lines 137--204
\TU/FreeSerif(0)/m/n/14.4 se-gundo a Lei do Se-nhor, vol-ta-ram à
 []

[465]
Underfull \vbox (badness 10000) has occurred while \output is active []


Underfull \vbox (badness 4832) has occurred while \output is active []

 [466]

LaTeX Warning: Reference `0' on page 467 undefined on input line 205.


Underfull \vbox (badness 10000) has occurred while \output is active []

 [467]
Underfull \vbox (badness 10000) has occurred while \output is active []



LaTeX Warning: Reference `0' on page 468 undefined on input line 310.

! Undefined control sequence.
l.314 {\RQ
          {Deuteronômio 8:3
The control sequence at the end of the top line
of your error message was never \def'ed. If you have
misspelled it (e.g., `\hobx'), type `I' and the correct
spelling (e.g., `I\hbox'). Otherwise just continue,
and I'll forget about whatever was undefined.

! Undefined control sequence.
l.320 {\RQ
          {Deuteronômio 6:13
The control sequence at the end of the top line
of your error message was never \def'ed. If you have
misspelled it (e.g., `\hobx'), type `I' and the correct
spelling (e.g., `I\hbox'). Otherwise just continue,
and I'll forget about whatever was undefined.

! Undefined control sequence.
l.324 {\RQ
          {Salmos 91:11
The control sequence at the end of the top line
of your error message was never \def'ed. If you have
misspelled it (e.g., `\hobx'), type `I' and the correct
spelling (e.g., `I\hbox'). Otherwise just continue,
and I'll forget about whatever was undefined.

! Undefined control sequence.
l.327 {\RQ
          {Salmos 91:12
The control sequence at the end of the top line
of your error message was never \def'ed. If you have
misspelled it (e.g., `\hobx'), type `I' and the correct
spelling (e.g., `I\hbox'). Otherwise just continue,
and I'll forget about whatever was undefined.

! Undefined control sequence.
l.333 {\RQ
          {Deuteronômio 6:16
The control sequence at the end of the top line
of your error message was never \def'ed. If you have
misspelled it (e.g., `\hobx'), type `I' and the correct
spelling (e.g., `I\hbox'). Otherwise just continue,
and I'll forget about whatever was undefined.

! Undefined control sequence.
l.347 {\RQ
          {Isaías 61:1-2
The control sequence at the end of the top line
of your error message was never \def'ed. If you have
misspelled it (e.g., `\hobx'), type `I' and the correct
spelling (e.g., `I\hbox'). Otherwise just continue,
and I'll forget about whatever was undefined.


Underfull \hbox (badness 1681) in paragraph at lines 310--377
\TU/FreeSerif(0)/m/n/14.4 Se-nhor teu Deus, e só a ele ser-vi-rás.
 []

[468]
Underfull \vbox (badness 1968) has occurred while \output is active []


Underfull \vbox (badness 6188) has occurred while \output is active []

 [469]

LaTeX Warning: Reference `0' on page 470 undefined on input line 378.


Underfull \hbox (badness 10000) in paragraph at lines 378--429
[][] []\TU/FreeSerif(0)/m/n/14.4 E acon-te-ceu que as mul-ti-dões o
 []


Underfull \hbox (badness 2573) in paragraph at lines 378--429
\TU/FreeSerif(0)/m/n/14.4 com-pri-miam para ou-vir a pa-la-vra de
 []


Underfull \hbox (badness 10000) in paragraph at lines 378--429
[][] []\TU/FreeSerif(0)/m/n/14.4 Então ace-na-ram aos com-pa-nhei-ros
 []


Underfull \hbox (badness 1297) in paragraph at lines 378--429
[][] []\TU/FreeSerif(0)/m/n/14.4 E acon-te-ceu que, quando ele es-tava
 []


Underfull \hbox (badness 1342) in paragraph at lines 378--429
\TU/FreeSerif(0)/m/n/14.4 man-dou, para lhes dar tes-te-mu-nho. [][]
 []


Underfull \hbox (badness 1097) in paragraph at lines 378--429
\TU/FreeSerif(0)/m/n/14.4 e os fa-ri-seus co-me-ça-ram a ques-ti-o-nar,
 []


Underfull \hbox (badness 2229) in paragraph at lines 378--429
\TU/FreeSerif(0)/m/n/14.4 Deus? [][] []Porém Je-sus, co-nhe-cendo os
 []


Underfull \hbox (badness 1102) in paragraph at lines 378--429
\TU/FreeSerif(0)/m/n/14.4 pen-sais em vos-sos co-ra-ções? [][] []O que
 []


Underfull \hbox (badness 1248) in paragraph at lines 378--429
\TU/FreeSerif(0)/m/n/14.4 tem po-der so-bre a terra para per-doar
 []


Underfull \hbox (badness 1342) in paragraph at lines 378--429
\TU/FreeSerif(0)/m/n/14.4 em sua casa; e ha-via \TU/FreeSerif(0)/m/it/14.4 ali 
\TU/FreeSerif(0)/m/n/14.4 uma grande
 []


Underfull \hbox (badness 1264) in paragraph at lines 378--429
\TU/FreeSerif(0)/m/n/14.4 Po-deis vós fa-zer je-juar os con-vi-da-dos
 []


Underfull \hbox (badness 1024) in paragraph at lines 378--429
\TU/FreeSerif(0)/m/n/14.4 será ade-quado ao ve-lho. [][] []E nin-guém
 []


Underfull \vbox (badness 10000) has occurred while \output is active []


Underfull \vbox (badness 10000) has occurred while \output is active []

 [470]
Underfull \vbox (badness 10000) has occurred while \output is active []


Underfull \vbox (badness 6284) has occurred while \output is active []

 [471]

LaTeX Warning: Reference `0' on page 472 undefined on input line 430.


Underfull \hbox (badness 10000) in paragraph at lines 430--490
[][] []\TU/FreeSerif(0)/m/n/14.4 E acon-te-ceu que, no se-gundo
 []


Underfull \hbox (badness 10000) in paragraph at lines 430--490
\TU/FreeSerif(0)/m/n/14.4 pe-las plan-ta-ções, e seus dis-cí-pu-los
 []


Underfull \hbox (badness 10000) in paragraph at lines 430--490
\TU/FreeSerif(0)/m/n/14.4 iam ar-ran-cando es-pi-gas, e co-miam,
 []


Underfull \hbox (badness 1087) in paragraph at lines 430--490
\TU/FreeSerif(0)/m/n/14.4 grande quan-ti-dade dos seus dis-cí-pu-los,
 []


Underfull \hbox (badness 4254) in paragraph at lines 430--490
\TU/FreeSerif(0)/m/n/14.4 suas en-fer-mi-da-des, como tam-bém os
 []


Underfull \hbox (badness 10000) in paragraph at lines 430--490
\TU/FreeSerif(0)/m/n/14.4 ator-men-ta-dos por es-pí-ri-tos imun-dos;
 []


Underfull \hbox (badness 1571) in paragraph at lines 430--490
[][] []\TU/FreeSerif(0)/m/n/14.4 Contentai-vos nesse dia, e sal-tai de
 []


Underfull \hbox (badness 2293) in paragraph at lines 430--490
[][] []\TU/FreeSerif(0)/m/n/14.4 Dai, e será vos dado; me-dida boa,
 []


Underfull \hbox (badness 1215) in paragraph at lines 430--490
\TU/FreeSerif(0)/m/n/14.4 me-dida que me-dir-des vos me-di-rão de
 []


Underfull \hbox (badness 1939) in paragraph at lines 430--490
\TU/FreeSerif(0)/m/n/14.4 es-ti-ver com-ple-ta-mente ca-pa-ci-tado será
 []


Underfull \hbox (badness 2310) in paragraph at lines 430--490
\TU/FreeSerif(0)/m/n/14.4 por-que es-tava fun-dada so-bre a ro-cha.
 []


Underfull \vbox (badness 1968) has occurred while \output is active []

 [472]
Underfull \vbox (badness 10000) has occurred while \output is active []


Underfull \vbox (badness 10000) has occurred while \output is active []

 [473]

LaTeX Warning: Reference `0' on page 474 undefined on input line 491.


Underfull \hbox (badness 3068) in paragraph at lines 491--553
\TU/FreeSerif(0)/m/n/14.4 aos ou-vi-dos do povo, ele en-trou em
 []


Underfull \hbox (badness 2205) in paragraph at lines 491--553
\TU/FreeSerif(0)/m/n/14.4 Ca-far-naum. [][] []E o servo de um certo
 []


Underfull \hbox (badness 3503) in paragraph at lines 491--553
[][] []\TU/FreeSerif(0)/m/n/14.4 Eles vi-e-ram a Je-sus, e rogaram-lhe
 []


Underfull \hbox (badness 1902) in paragraph at lines 491--553
\TU/FreeSerif(0)/m/n/14.4 lhe con-ce-de-res isto, [][] []porque ele ama
 []


Underfull \hbox (badness 4084) in paragraph at lines 491--553
\TU/FreeSerif(0)/m/n/14.4 mas quando já não es-tava longe da
 []


Underfull \vbox (badness 10000) has occurred while \output is active []

 [474]
Underfull \vbox (badness 1968) has occurred while \output is active []


Underfull \vbox (badness 10000) has occurred while \output is active []

 [475]

LaTeX Warning: Reference `0' on page 476 undefined on input line 554.


Underfull \hbox (badness 1946) in paragraph at lines 554--622
[][] []\TU/FreeSerif(0)/m/n/14.4 E acon-te-ceu de-pois disso, que \TU/FreeSerif
(0)/m/it/14.4 Je-sus
 []


Underfull \hbox (badness 1275) in paragraph at lines 554--622
\TU/FreeSerif(0)/m/n/14.4 para a terra dos ga-da-re-nos, que é do
 []


Underfull \hbox (badness 1939) in paragraph at lines 554--622
\TU/FreeSerif(0)/m/n/14.4 es-tar com ele; mas Je-sus o des-pe-diu,
 []


Underfull \vbox (badness 10000) has occurred while \output is active []

 [476]
Underfull \vbox (badness 10000) has occurred while \output is active []


Underfull \vbox (badness 10000) has occurred while \output is active []

 [477]

LaTeX Warning: Reference `0' on page 478 undefined on input line 623.


Underfull \hbox (badness 1454) in paragraph at lines 623--692
[][] []\TU/FreeSerif(0)/m/n/14.4 E os en-viou para pre-gar o reino de
 []


Underfull \hbox (badness 4084) in paragraph at lines 623--692
\TU/FreeSerif(0)/m/n/14.4 Deus e para cu-rar os en-fer-mos. [][] []E
 []


Underfull \hbox (badness 1325) in paragraph at lines 623--692
\TU/FreeSerif(0)/m/n/14.4 ou-tros, que al-gum pro-feta dos an-ti-gos
 []


Underfull \hbox (badness 1418) in paragraph at lines 623--692
\TU/FreeSerif(0)/m/n/14.4 con-ta-ram \TU/FreeSerif(0)/m/it/14.4 a Je-sus \TU/Fr
eeSerif(0)/m/n/14.4 to-das as coi-sas que
 []


Underfull \hbox (badness 2237) in paragraph at lines 623--692
\TU/FreeSerif(0)/m/n/14.4 o céu, abençoou-os e partiu-os, e os
 []


Underfull \hbox (badness 1590) in paragraph at lines 623--692
\TU/FreeSerif(0)/m/n/14.4 deu a seus dis-cí-pu-los, para \TU/FreeSerif(0)/m/i
t/14.4 os \TU/FreeSerif(0)/m/n/14.4 po-rem
 []


Underfull \hbox (badness 2310) in paragraph at lines 623--692
\TU/FreeSerif(0)/m/n/14.4 dos pro-fe-tas an-ti-gos res-sus-ci-tou”. [][] []E
 []


Underfull \hbox (badness 1033) in paragraph at lines 623--692
\TU/FreeSerif(0)/m/n/14.4 ele to-mou con-sigo a Pe-dro, João, e a
 []


Underfull \hbox (badness 1874) in paragraph at lines 623--692
[][] []\TU/FreeSerif(0)/m/n/14.4 E ro-guei aos teus dis-cí-pu-los que o
 []


Underfull \hbox (badness 2529) in paragraph at lines 623--692
\TU/FreeSerif(0)/m/n/14.4 e per-versa! Até quando es-ta-rei ainda
 []


Underfull \hbox (badness 2753) in paragraph at lines 623--692
\TU/FreeSerif(0)/m/n/14.4 perguntar-lhe so-bre essa pa-la-vra. [][] []E
 []


Underfull \hbox (badness 4647) in paragraph at lines 623--692
\TU/FreeSerif(0)/m/n/14.4 levantou-se en-tre eles uma dis-cus-são
 []


Underfull \hbox (badness 1087) in paragraph at lines 623--692
\TU/FreeSerif(0)/m/n/14.4 junto a si. [][] []Então disse-lhes: “Quem
 []


Underfull \hbox (badness 1817) in paragraph at lines 623--692
\TU/FreeSerif(0)/m/n/14.4 numa al-deia de sa-ma-ri-ta-nos, para lhe
 []


Underfull \hbox (badness 1028) in paragraph at lines 623--692
\TU/FreeSerif(0)/m/n/14.4 fa-ze-rem os pre-pa-ra-ti-vos. [][] []Mas não o
 []


Underfull \hbox (badness 1648) in paragraph at lines 623--692
\TU/FreeSerif(0)/m/n/14.4 dis-cí-pu-los, Ti-ago e João, vi-ram \TU/FreeSeri
f(0)/m/it/14.4 isso \TU/FreeSerif(0)/m/n/14.4 ,
 []


Underfull \vbox (badness 10000) has occurred while \output is active []

 [478]
Underfull \vbox (badness 10000) has occurred while \output is active []


Underfull \vbox (badness 10000) has occurred while \output is active []

 [479]
Underfull \vbox (badness 1968) has occurred while \output is active []



LaTeX Warning: Reference `0' on page 480 undefined on input line 693.


Underfull \hbox (badness 1009) in paragraph at lines 693--750
\TU/FreeSerif(0)/m/n/14.4 ti-ves-sem sido fei-tas as ma-ra-vi-lhas que
 []


Underfull \hbox (badness 2326) in paragraph at lines 693--750
[][] []\TU/FreeSerif(0)/m/n/14.4 E disse-lhe: Res-pon-deste bem; faze
 []


Underfull \hbox (badness 1163) in paragraph at lines 693--750
\TU/FreeSerif(0)/m/n/14.4 ti-ra-ram suas rou-pas, espancaram-no, e
 []


Underfull \hbox (badness 1087) in paragraph at lines 693--750
\TU/FreeSerif(0)/m/n/14.4 sentando-se tam-bém aos pés de Je-sus,
 []

[480]
Underfull \vbox (badness 1968) has occurred while \output is active []


Underfull \vbox (badness 10000) has occurred while \output is active []

 [481]
Underfull \vbox (badness 10000) has occurred while \output is active []



LaTeX Warning: Reference `0' on page 482 undefined on input line 751.


Underfull \hbox (badness 1259) in paragraph at lines 751--824
\TU/FreeSerif(0)/m/n/14.4 a orar, como João tam-bém en-si-nou a
 []


Underfull \hbox (badness 7168) in paragraph at lines 751--824
\TU/FreeSerif(0)/m/n/14.4 aos de-mô-nios por Bel-zebu, prín-cipe
 []


Underfull \hbox (badness 1270) in paragraph at lines 751--824
\TU/FreeSerif(0)/m/n/14.4 ou-tros sete es-pí-ri-tos pi-o-res que ele, e
 []


Underfull \hbox (badness 1701) in paragraph at lines 751--824
\TU/FreeSerif(0)/m/n/14.4 re-que-rido desta ge-ra-ção. [][] []Ai de vós,
 []

[482]
Underfull \vbox (badness 10000) has occurred while \output is active []


Underfull \vbox (badness 10000) has occurred while \output is active []

 [483]
Underfull \vbox (badness 10000) has occurred while \output is active []



LaTeX Warning: Reference `0' on page 484 undefined on input line 825.


Underfull \hbox (badness 1565) in paragraph at lines 825--903
\TU/FreeSerif(0)/m/n/14.4 cres-cem; não tra-ba-lham, nem fiam; e
 []


Underfull \hbox (badness 1308) in paragraph at lines 825--903
\TU/FreeSerif(0)/m/n/14.4 vosso Pai se agra-dou de dar a vós o
 []


Underfull \hbox (badness 2393) in paragraph at lines 825--903
\TU/FreeSerif(0)/m/n/14.4 Reino. [][] []Vendei o que ten-des, e daí
 []


Underfull \hbox (badness 5050) in paragraph at lines 825--903
\TU/FreeSerif(0)/m/n/14.4 pos-sam lhe abrir. [][] []Bem-aventurados
 []


Underfull \hbox (badness 1092) in paragraph at lines 825--903
\TU/FreeSerif(0)/m/n/14.4 po-rém, sa-bei: que se o chefe da casa
 []

[484]
Underfull \vbox (badness 10000) has occurred while \output is active []


Underfull \vbox (badness 10000) has occurred while \output is active []

 [485]
Underfull \vbox (badness 10000) has occurred while \output is active []



LaTeX Warning: Reference `0' on page 486 undefined on input line 904.


Underfull \hbox (badness 10000) in paragraph at lines 904--954
\TU/FreeSerif(0)/m/n/14.4 pre-sen-tes al-guns, que lhe con-ta-vam
 []


Underfull \hbox (badness 1590) in paragraph at lines 904--954
\TU/FreeSerif(0)/m/n/14.4 dos ga-li-leus cujo san-gue Pi-la-tos ti-nha
 []


Underfull \hbox (badness 10000) in paragraph at lines 904--954
\TU/FreeSerif(0)/m/n/14.4 mis-tu-rado com seus sa-cri-fí-cios. [][] []E
 []


Underfull \hbox (badness 10000) in paragraph at lines 904--954
\TU/FreeSerif(0)/m/n/14.4 res-pon-dendo Je-sus, disse-lhes: Vós
 []


Underfull \hbox (badness 1668) in paragraph at lines 904--954
\TU/FreeSerif(0)/m/n/14.4 pen-sais que es-tes ga-li-leus fo-ram mais
 []


Underfull \hbox (badness 3219) in paragraph at lines 904--954
\TU/FreeSerif(0)/m/n/14.4 pen-sais que eram mais cul-pa-dos dos
 []


Underfull \hbox (badness 2478) in paragraph at lines 904--954
\TU/FreeSerif(0)/m/n/14.4 Je-ru-sa-lém? [][] []Não, eu vos digo; an-tes,
 []


Underfull \hbox (badness 1917) in paragraph at lines 904--954
[][] []\TU/FreeSerif(0)/m/n/14.4 E Je-sus vendo-a, chamou-a para si,
 []


Underfull \hbox (badness 1748) in paragraph at lines 904--954
\TU/FreeSerif(0)/m/n/14.4 coi-sas, to-dos seus ad-ver-sá-rios fi-ca-ram
 []


Underfull \hbox (badness 1953) in paragraph at lines 904--954
[][] []\TU/FreeSerif(0)/m/n/14.4 Semelhante é ao grão da mos-tarda,
 []


Underfull \hbox (badness 1845) in paragraph at lines 904--954
\TU/FreeSerif(0)/m/n/14.4 que um ho-mem, tomando-o, lançou-o
 []


Underfull \hbox (badness 2253) in paragraph at lines 904--954
[][] []\TU/FreeSerif(0)/m/n/14.4 Porque quando o chefe da casa se
 []


Underfull \hbox (badness 2951) in paragraph at lines 904--954
\TU/FreeSerif(0)/m/n/14.4 Je-ru-sa-lém, que ma-tas aos pro-fe-tas, e
 []

[486]
Underfull \vbox (badness 10000) has occurred while \output is active []


Underfull \vbox (badness 10000) has occurred while \output is active []

 [487]

LaTeX Warning: Reference `0' on page 488 undefined on input line 955.


Underfull \hbox (badness 2698) in paragraph at lines 955--1006
[][] []\TU/FreeSerif(0)/m/n/14.4 E acon-te-ceu que, en-trando ele num
 []


Underfull \hbox (badness 1102) in paragraph at lines 955--1006
\TU/FreeSerif(0)/m/n/14.4 dele. [][] []E res-pon-dendo Je-sus, fa-lou aos
 []


Underfull \hbox (badness 1424) in paragraph at lines 955--1006
\TU/FreeSerif(0)/m/n/14.4 no sá-bado, não o tire logo? [][] []E nada
 []


Underfull \hbox (badness 2698) in paragraph at lines 955--1006
\TU/FreeSerif(0)/m/n/14.4 os pri-mei-ros as-sen-tos, disse-lhes uma
 []


Underfull \hbox (badness 2343) in paragraph at lines 955--1006
\TU/FreeSerif(0)/m/n/14.4 tu es-ti-ver, [][] []E ve-nha o que con-vi-dou
 []


Underfull \hbox (badness 2913) in paragraph at lines 955--1006
\TU/FreeSerif(0)/m/n/14.4 a ti e a ele, e te diga: Dá lu-gar a
 []


Underfull \hbox (badness 1552) in paragraph at lines 955--1006
\TU/FreeSerif(0)/m/n/14.4 de volta, e tu se-jas re-com-pen-sado. [][]
 []


Underfull \hbox (badness 4072) in paragraph at lines 955--1006
\TU/FreeSerif(0)/m/n/14.4 não têm como te re-com-pen-sar; pois
 []


Underfull \hbox (badness 1005) in paragraph at lines 955--1006
\TU/FreeSerif(0)/m/n/14.4 tu se-rás re-com-pen-sado na res-sur-rei-ção
 []


Underfull \hbox (badness 3281) in paragraph at lines 955--1006
\TU/FreeSerif(0)/m/n/14.4 disse-lhe: Bem-aventurado aquele que
 []


Underfull \hbox (badness 1521) in paragraph at lines 955--1006
\TU/FreeSerif(0)/m/n/14.4 tudo já está pre-pa-rado. [][] []E cada um
 []


Underfull \hbox (badness 1205) in paragraph at lines 955--1006
\TU/FreeSerif(0)/m/n/14.4 ao vol-tar, anun-ciou es-tas coi-sas a seu
 []


Underfull \hbox (badness 2478) in paragraph at lines 955--1006
\TU/FreeSerif(0)/m/n/14.4 mul-ti-dões iam com ele; e virando-se,
 []


Underfull \vbox (badness 10000) has occurred while \output is active []

 [488]
Underfull \vbox (badness 10000) has occurred while \output is active []



LaTeX Warning: Reference `0' on page 489 undefined on input line 1007.


Underfull \hbox (badness 4048) in paragraph at lines 1007--1052
\TU/FreeSerif(0)/m/n/14.4 e pe-ca-do-res para o ou-vi-rem. [][] []E os
 []


Underfull \hbox (badness 2368) in paragraph at lines 1007--1052
\TU/FreeSerif(0)/m/n/14.4 e per-dendo uma de-las, não deixa no
 []


Underfull \hbox (badness 1983) in paragraph at lines 1007--1052
\TU/FreeSerif(0)/m/n/14.4 de-serto as no-venta e nove, e vai em
 []


Underfull \hbox (badness 1194) in paragraph at lines 1007--1052
[][] []\TU/FreeSerif(0)/m/n/14.4 E encontrando-a, \TU/FreeSerif(0)/m/it/14.4 n
ão \TU/FreeSerif(0)/m/n/14.4 a po-nha so-bre
 []

[489]
Underfull \vbox (badness 10000) has occurred while \output is active []



LaTeX Warning: Reference `0' on page 490 undefined on input line 1053.


Underfull \hbox (badness 3281) in paragraph at lines 1053--1096
\TU/FreeSerif(0)/m/n/14.4 mais ser \TU/FreeSerif(0)/m/it/14.4 meu \TU/FreeSerif
(0)/m/n/14.4 mor-domo. [][] []E disse o
 []

[490]
Underfull \vbox (badness 10000) has occurred while \output is active []


Underfull \vbox (badness 1968) has occurred while \output is active []

 [491]

LaTeX Warning: Reference `0' on page 492 undefined on input line 1097.


Underfull \hbox (badness 1132) in paragraph at lines 1097--1151
\TU/FreeSerif(0)/m/n/14.4 por vós. E se teu ir-mão pe-car con-tra
 []


Underfull \hbox (badness 1983) in paragraph at lines 1097--1151
\TU/FreeSerif(0)/m/n/14.4 ve-zes ao dia, e se sete ve-zes ao dia
 []


Underfull \hbox (badness 3168) in paragraph at lines 1097--1151
\TU/FreeSerif(0)/m/n/14.4 Arranca-te da-qui pe-las tuas ra-í-zes, e
 []


Underfull \hbox (badness 1117) in paragraph at lines 1097--1151
\TU/FreeSerif(0)/m/n/14.4 vos for man-dado, di-zei: So-mos ser-vos
 []


Underfull \hbox (badness 1546) in paragraph at lines 1097--1151
\TU/FreeSerif(0)/m/n/14.4 em uma cama; um será to-mado, e o
 []


Underfull \hbox (badness 1552) in paragraph at lines 1097--1151
\TU/FreeSerif(0)/m/n/14.4 mo-endo; uma será to-mada, e a ou-tra
 []


Underfull \hbox (badness 2846) in paragraph at lines 1097--1151
[][] []\TU/FreeSerif(0)/m/n/14.4 E res-pon-dendo, disseram-lhe: Onde,
 []


Underfull \vbox (badness 10000) has occurred while \output is active []

 [492]

LaTeX Warning: Reference `0' on page 493 undefined on input line 1152.


Underfull \hbox (badness 1515) in paragraph at lines 1152--1208
\TU/FreeSerif(0)/m/n/14.4 ho-mem tudo o que \TU/FreeSerif(0)/m/it/14.4 está \T
U/FreeSerif(0)/m/n/14.4 es-crito pe-los
 []


Underfull \hbox (badness 1383) in paragraph at lines 1152--1208
\TU/FreeSerif(0)/m/n/14.4 es-tava sendo lhes dito. [][] []E acon-te-ceu
 []


Underfull \hbox (badness 5091) in paragraph at lines 1152--1208
\TU/FreeSerif(0)/m/n/14.4 um cego sen-tado junto ao ca-mi-nho,
 []


Underfull \hbox (badness 2073) in paragraph at lines 1152--1208
[][] []\TU/FreeSerif(0)/m/n/14.4 E os que es-ta-vam mais a frente o
 []


Underfull \hbox (badness 1616) in paragraph at lines 1152--1208
\TU/FreeSerif(0)/m/n/14.4 re-pre-en-diam, para que ca-lasse; po-rém
 []


Underfull \vbox (badness 10000) has occurred while \output is active []

 [493]
Underfull \vbox (badness 10000) has occurred while \output is active []



LaTeX Warning: Reference `0' on page 494 undefined on input line 1209.


Underfull \hbox (badness 1292) in paragraph at lines 1209--1268
\TU/FreeSerif(0)/m/n/14.4 Digo-vos, que se es-tes se ca-la-rem, as
 []


Underfull \hbox (badness 1337) in paragraph at lines 1209--1268
\TU/FreeSerif(0)/m/n/14.4 che-gando, viu a ci-dade, e cho-rou por
 []

[494]
Underfull \vbox (badness 10000) has occurred while \output is active []


Underfull \vbox (badness 10000) has occurred while \output is active []

 [495]

LaTeX Warning: Reference `0' on page 496 undefined on input line 1269.


Underfull \hbox (badness 1028) in paragraph at lines 1269--1330
[][] []\TU/FreeSerif(0)/m/n/14.4 E acon-te-ceu, num da-que-les dias que,
 []


Underfull \hbox (badness 1092) in paragraph at lines 1269--1330
\TU/FreeSerif(0)/m/n/14.4 ,o man-da-ram sem nada. [][] []E vol-tou a
 []


Underfull \hbox (badness 1748) in paragraph at lines 1269--1330
\TU/FreeSerif(0)/m/n/14.4 man-dar ao ter-ceiro; mas eles, fe-rindo
 []


Underfull \hbox (badness 2042) in paragraph at lines 1269--1330
\TU/FreeSerif(0)/m/n/14.4 tam-bém a este, \TU/FreeSerif(0)/m/it/14.4 o \TU/Fr
eeSerif(0)/m/n/14.4 ex-pul-sa-ram. [][] []E o
 []


Underfull \hbox (badness 2401) in paragraph at lines 1269--1330
\TU/FreeSerif(0)/m/n/14.4 a meu fi-lho amado; tal-vez quando o
 []


Underfull \hbox (badness 2671) in paragraph at lines 1269--1330
\TU/FreeSerif(0)/m/n/14.4 vendo-o, dis-cu-ti-ram en-tre si, di-zendo:
 []


Underfull \hbox (badness 2635) in paragraph at lines 1269--1330
\TU/FreeSerif(0)/m/n/14.4 para eles, disse: Por que, en-tão, isto
 []


Underfull \hbox (badness 1655) in paragraph at lines 1269--1330
[][] []\TU/FreeSerif(0)/m/n/14.4 E, observando-o, man-da-ram es-piões,
 []


Underfull \hbox (badness 1642) in paragraph at lines 1269--1330
\TU/FreeSerif(0)/m/n/14.4 por meio de algo que ele dis-sesse, e
 []


Underfull \hbox (badness 1178) in paragraph at lines 1269--1330
\TU/FreeSerif(0)/m/n/14.4 dar tri-buto a Cé-sar, ou não? [][] []E ele,
 []


Underfull \hbox (badness 1577) in paragraph at lines 1269--1330
\TU/FreeSerif(0)/m/n/14.4 tem-pos fu-tu-ros, e da res-sur-rei-ção dos
 []


Underfull \hbox (badness 1406) in paragraph at lines 1269--1330
\TU/FreeSerif(0)/m/n/14.4 e são fi-lhos de Deus, pois são fi-lhos
 []


Underfull \hbox (badness 3942) in paragraph at lines 1269--1330
\TU/FreeSerif(0)/m/n/14.4 ele disse a seus dis-cí-pu-los: [][] []Tomai
 []


Underfull \hbox (badness 1259) in paragraph at lines 1269--1330
\TU/FreeSerif(0)/m/n/14.4 jan-ta-res. [][] []Que de-vo-ram as ca-sas das
 []


Underfull \vbox (badness 10000) has occurred while \output is active []

 [496]
Underfull \vbox (badness 10000) has occurred while \output is active []



LaTeX Warning: Reference `0' on page 497 undefined on input line 1331.


Underfull \hbox (badness 1342) in paragraph at lines 1331--1380
\TU/FreeSerif(0)/m/n/14.4 vi-e-rem a acon-te-cer? [][] []Então ele disse:
 []


Underfull \hbox (badness 1946) in paragraph at lines 1331--1380
\TU/FreeSerif(0)/m/n/14.4 mui-tos vi-rão em meu nome, di-zendo:
 []


Underfull \hbox (badness 1253) in paragraph at lines 1331--1380
\TU/FreeSerif(0)/m/n/14.4 Eu sou \TU/FreeSerif(0)/m/it/14.4 o Cristo \TU/FreeSe
rif(0)/m/n/14.4 . E o tempo já está
 []


Underfull \hbox (badness 2376) in paragraph at lines 1331--1380
\TU/FreeSerif(0)/m/n/14.4 es-tas coi-sas acon-te-çam pri-meiro; mas
 []


Underfull \hbox (badness 1087) in paragraph at lines 1331--1380
\TU/FreeSerif(0)/m/n/14.4 lu-ga-res gran-des ter-re-mo-tos e fo-mes, e
 []


Underfull \hbox (badness 1442) in paragraph at lines 1331--1380
\TU/FreeSerif(0)/m/n/14.4 e gran-des si-nais do céu. [][] []Mas an-tes
 []

[497]
Underfull \vbox (badness 10000) has occurred while \output is active []


Underfull \vbox (badness 10000) has occurred while \output is active []

 [498]

LaTeX Warning: Reference `0' on page 499 undefined on input line 1381.


Underfull \hbox (badness 4229) in paragraph at lines 1381--1482
[][] []\TU/FreeSerif(0)/m/n/14.4 Es-tava perto a festa dos pães sem
 []


Underfull \hbox (badness 1675) in paragraph at lines 1381--1482
\TU/FreeSerif(0)/m/n/14.4 já ar-ru-mado; preparai-a ali. [][] []E indo
 []


Underfull \hbox (badness 1033) in paragraph at lines 1381--1482
\TU/FreeSerif(0)/m/n/14.4 eles, acha-ram como lhes ti-nha dito; e
 []


Underfull \hbox (badness 1248) in paragraph at lines 1381--1482
\TU/FreeSerif(0)/m/n/14.4 sentou-se \TU/FreeSerif(0)/m/it/14.4 à mesa \TU/Free
Serif(0)/m/n/14.4 ,e com ele os doze
 []


Underfull \hbox (badness 1147) in paragraph at lines 1381--1482
\TU/FreeSerif(0)/m/n/14.4 Se-nhor, fe-ri-re-mos com a es-pada? [][] []E
 []


Underfull \hbox (badness 1348) in paragraph at lines 1381--1482
\TU/FreeSerif(0)/m/n/14.4 disse: Ho-mem, não sei o que di-zes.E
 []


Underfull \vbox (badness 10000) has occurred while \output is active []

 [499]
Underfull \vbox (badness 10000) has occurred while \output is active []


Underfull \vbox (badness 10000) has occurred while \output is active []

 [500]

LaTeX Warning: Reference `0' on page 501 undefined on input line 1483.


Underfull \hbox (badness 4518) in paragraph at lines 1483--1557
\TU/FreeSerif(0)/m/n/14.4 o le-va-ram a Pi-la-tos. [][] []E co-me-ça-ram
 []


Underfull \hbox (badness 1314) in paragraph at lines 1483--1557
\TU/FreeSerif(0)/m/n/14.4 a acusá-lo, di-zendo: En-con-tra-mos este
 []


Underfull \hbox (badness 4024) in paragraph at lines 1483--1557
\TU/FreeSerif(0)/m/n/14.4 di-zendo: Tu és o Rei dos ju-deus?E
 []


Underfull \hbox (badness 4752) in paragraph at lines 1483--1557
\TU/FreeSerif(0)/m/n/14.4 com seus sol-da-dos, desprezando-o, e
 []


Underfull \hbox (badness 2359) in paragraph at lines 1483--1557
\TU/FreeSerif(0)/m/n/14.4 a este ho-mem, como que per-verte o
 []


Underfull \hbox (badness 1077) in paragraph at lines 1483--1557
\TU/FreeSerif(0)/m/n/14.4 ali, e aos mal-fei-to-res, um à di-reita, e
 []


Underfull \hbox (badness 1400) in paragraph at lines 1483--1557
\TU/FreeSerif(0)/m/n/14.4 perdoa-lhes, por-que não sa-bem o que
 []


Underfull \hbox (badness 1983) in paragraph at lines 1483--1557
\TU/FreeSerif(0)/m/n/14.4 sor-tes. [][] []E o povo es-tava olhando; e
 []


Underfull \hbox (badness 2469) in paragraph at lines 1483--1557
\TU/FreeSerif(0)/m/n/14.4 aproximando-se dele, e mostrando-lhe
 []


Underfull \hbox (badness 1242) in paragraph at lines 1483--1557
\TU/FreeSerif(0)/m/n/14.4 mal-fei-to-res que es-ta-vam pen-du-ra-dos o
 []


Underfull \hbox (badness 2057) in paragraph at lines 1483--1557
\TU/FreeSerif(0)/m/n/14.4 in-sul-tava, di-zendo: Se tu és o Cristo,
 []


Underfull \hbox (badness 3386) in paragraph at lines 1483--1557
\TU/FreeSerif(0)/m/n/14.4 Tu ainda não te-mes a Deus, \TU/FreeSerif(0)/m/it/1
4.4 mesmo
 []


Underfull \hbox (badness 5741) in paragraph at lines 1483--1557
\TU/FreeSerif(0)/m/n/14.4 es-tando na mesma con-de-na-ção? [][] []E
 []


Underfull \hbox (badness 3525) in paragraph at lines 1483--1557
\TU/FreeSerif(0)/m/n/14.4 nós re-al-mente \TU/FreeSerif(0)/m/it/14.4 es-ta-mos
 sendo pu-ni-dos
 []


Underfull \hbox (badness 1303) in paragraph at lines 1483--1557
\TU/FreeSerif(0)/m/n/14.4 jus-ta-mente, por-que es-ta-mos re-ce-bendo
 []


Underfull \hbox (badness 1648) in paragraph at lines 1483--1557
\TU/FreeSerif(0)/m/n/14.4 E des-can-sa-ram o sá-bado, con-forme o
 []


Underfull \vbox (badness 6284) has occurred while \output is active []


Underfull \vbox (badness 10000) has occurred while \output is active []

 [501]
Underfull \vbox (badness 10000) has occurred while \output is active []


Underfull \vbox (badness 10000) has occurred while \output is active []

 [502]

LaTeX Warning: Reference `0' on page 503 undefined on input line 1558.


Underfull \hbox (badness 5533) in paragraph at lines 1558--1629
[][] []\TU/FreeSerif(0)/m/n/14.4 E no pri-meiro \TU/FreeSerif(0)/m/it/14.4 dia 
\TU/FreeSerif(0)/m/n/14.4 da se-mana, de
 []


Underfull \hbox (badness 3449) in paragraph at lines 1558--1629
\TU/FreeSerif(0)/m/n/14.4 junto de-las. [][] []E acha-ram a pe-dra já
 []


Underfull \hbox (badness 1603) in paragraph at lines 1558--1629
\TU/FreeSerif(0)/m/n/14.4 de como ele vos fa-lou, quando ainda
 []


Underfull \hbox (badness 2012) in paragraph at lines 1558--1629
\TU/FreeSerif(0)/m/n/14.4 com o que ti-nha acon-te-cido. [][] []E eis
 []


Underfull \hbox (badness 4205) in paragraph at lines 1558--1629
\TU/FreeSerif(0)/m/n/14.4 para que não o re-co-nhe-ces-sem. [][] []E
 []


Underfull \hbox (badness 1642) in paragraph at lines 1558--1629
\TU/FreeSerif(0)/m/n/14.4 vós dis-cu-tis en-quanto an-dam, e fi-cais
 []


Underfull \hbox (badness 1496) in paragraph at lines 1558--1629
\TU/FreeSerif(0)/m/n/14.4 tris-tes? [][] []E um \TU/FreeSerif(0)/m/it/14.4 de-le
s \TU/FreeSerif(0)/m/n/14.4 ,cujo nome era
 []


Underfull \hbox (badness 1152) in paragraph at lines 1558--1629
\TU/FreeSerif(0)/m/n/14.4 es-tava nosso co-ra-ção ar-dendo em nós,
 []


Underfull \hbox (badness 1097) in paragraph at lines 1558--1629
\TU/FreeSerif(0)/m/n/14.4 onze, e aos que es-ta-vam com eles, [][]
 []


Underfull \hbox (badness 1831) in paragraph at lines 1558--1629
[][] []\TU/FreeSerif(0)/m/n/14.4 E que em seu nome fosse pre-gado
 []


Underfull \vbox (badness 10000) has occurred while \output is active []

 [503]
Underfull \vbox (badness 10000) has occurred while \output is active []


Underfull \vbox (badness 10000) has occurred while \output is active []

 [504])
("./source/NT/43 - JHN_src.tex"
- LAST -
Extra skip:3.1248pt
Left:165.8995pt/3.1248pt
Right:165.8995pt/0.0pt
Split: 168.44948pt
Output:168.44948pt
Pageshrink: 0.0pt
Pagestretch: 0.0pt
@colht:660.06499pt
FLUSHEND [output]: 168.44948pt
FLUSHEND [leftcolumn badness]: 10000
FUSHEND [rightcolumn badness]: 10000
 [505]
Underfull \hbox (badness 1163) in paragraph at lines 4--68
[][] []\TU/FreeSerif(0)/m/n/14.4 Ao \TU/FreeSerif(0)/m/it/14.4 seu \TU/FreeSeri
f(0)/m/n/14.4 pró-prio veio, e os seus não
 []


Underfull \hbox (badness 1226) in paragraph at lines 4--68
\TU/FreeSerif(0)/m/n/14.4 Fi-lho, que está no seio do Pai, ele \TU/FreeSerif(
0)/m/it/14.4 o
 []


Underfull \hbox (badness 1019) in paragraph at lines 4--68
\TU/FreeSerif(0)/m/n/14.4 e disse-lhe: Acha-mos \TU/FreeSerif(0)/m/it/14.4 aquel
e \TU/FreeSerif(0)/m/n/14.4 de quem
 []


Underfull \vbox (badness 10000) has occurred while \output is active []

 [506


]
Underfull \vbox (badness 10000) has occurred while \output is active []



LaTeX Warning: Reference `0' on page 507 undefined on input line 69.


Underfull \hbox (badness 2237) in paragraph at lines 69--106
\TU/FreeSerif(0)/m/n/14.4 as-sim como as ove-lhas, e os bois; e
 []


Underfull \hbox (badness 1742) in paragraph at lines 69--106
\TU/FreeSerif(0)/m/n/14.4 se lem-bra-ram que ele lhes ti-nha dito
 []

[507]
Underfull \vbox (badness 10000) has occurred while \output is active []



LaTeX Warning: Reference `0' on page 508 undefined on input line 107.

[508]
Underfull \vbox (badness 10000) has occurred while \output is active []



LaTeX Warning: Reference `0' on page 509 undefined on input line 152.


Underfull \hbox (badness 1281) in paragraph at lines 152--216
\TU/FreeSerif(0)/m/n/14.4 os fa-ri-seus ou-vi-ram que Je-sus fa-zia e
 []


Underfull \hbox (badness 2368) in paragraph at lines 152--216
\TU/FreeSerif(0)/m/n/14.4 ne-ces-sá-rio pas-sar por Sa-ma-ria. [][] []Veio
 []


Underfull \hbox (badness 1496) in paragraph at lines 152--216
[][] []\TU/FreeSerif(0)/m/n/14.4 Respondeu Je-sus, e disse-lhe: Se tu
 []

[509]
Underfull \vbox (badness 10000) has occurred while \output is active []


Underfull \vbox (badness 10000) has occurred while \output is active []

 [510]
Underfull \vbox (badness 10000) has occurred while \output is active []



LaTeX Warning: Reference `0' on page 511 undefined on input line 217.


Underfull \hbox (badness 2285) in paragraph at lines 217--276
\TU/FreeSerif(0)/m/n/14.4 e su-biu Je-sus para Je-ru-sa-lém. [][] []E há
 []


Underfull \hbox (badness 1102) in paragraph at lines 217--276
[][] []\TU/FreeSerif(0)/m/n/14.4 Depois Je-sus achou-o no Tem-plo, e
 []

[511]
Underfull \vbox (badness 10000) has occurred while \output is active []


Underfull \vbox (badness 10000) has occurred while \output is active []

 [512]

LaTeX Warning: Reference `0' on page 513 undefined on input line 277.


Underfull \hbox (badness 5637) in paragraph at lines 277--357
\TU/FreeSerif(0)/m/n/14.4 se-me-lhan-te-mente tam-bém dos pei-xes,
 []


Underfull \hbox (badness 1253) in paragraph at lines 277--357
\TU/FreeSerif(0)/m/n/14.4 Este é ver-da-dei-ra-mente o Pro-feta que
 []


Underfull \hbox (badness 1163) in paragraph at lines 277--357
\TU/FreeSerif(0)/m/n/14.4 Je-sus que vi-riam, e o to-ma-riam, para
 []


Underfull \vbox (badness 10000) has occurred while \output is active []

 [513]
Underfull \vbox (badness 10000) has occurred while \output is active []


Underfull \vbox (badness 10000) has occurred while \output is active []

 [514]
Underfull \vbox (badness 10000) has occurred while \output is active []



LaTeX Warning: Reference `0' on page 515 undefined on input line 358.


Underfull \hbox (badness 1320) in paragraph at lines 358--416
\TU/FreeSerif(0)/m/n/14.4 fa-zes. [][] []Pois nin-guém que pro-cura ser
 []


Underfull \hbox (badness 1215) in paragraph at lines 358--416
\TU/FreeSerif(0)/m/n/14.4 Es-cri-tu-ras, não as ha-vendo apren-dido?
 []


Underfull \hbox (badness 1997) in paragraph at lines 358--416
[][] []\TU/FreeSerif(0)/m/n/14.4 Quem fala de si mesmo busca sua
 []


Underfull \hbox (badness 2828) in paragraph at lines 358--416
\TU/FreeSerif(0)/m/n/14.4 Moi-sés a Lei? Mas nin-guém de vós
 []


Underfull \hbox (badness 1910) in paragraph at lines 358--416
\TU/FreeSerif(0)/m/n/14.4 cum-pre a Lei. Por que pro-cu-rais me
 []


Underfull \hbox (badness 1540) in paragraph at lines 358--416
[][] []\TU/FreeSerif(0)/m/n/14.4 Respondeu Je-sus, e disse-lhes: Uma
 []


Underfull \hbox (badness 1163) in paragraph at lines 358--416
\TU/FreeSerif(0)/m/n/14.4 quando vier o Cristo, nin-guém sa-berá
 []


Underfull \hbox (badness 1454) in paragraph at lines 358--416
\TU/FreeSerif(0)/m/n/14.4 por-que dele sou, e ele me en-viou. [][]
 []


Underfull \hbox (badness 3471) in paragraph at lines 358--416
\TU/FreeSerif(0)/m/n/14.4 so-bre ele; e os fa-ri-seus e os che-fes
 []


Underfull \hbox (badness 3701) in paragraph at lines 358--416
\TU/FreeSerif(0)/m/n/14.4 pois, os fa-ri-seus: Es-tais vós tam-bém
 []

[515]
Underfull \vbox (badness 10000) has occurred while \output is active []


Underfull \vbox (badness 10000) has occurred while \output is active []

 [516]

LaTeX Warning: Reference `0' on page 517 undefined on input line 417.


Underfull \hbox (badness 3623) in paragraph at lines 417--495
[][] []\TU/FreeSerif(0)/m/n/14.4 Po-rém Je-sus foi para o monte das
 []


Underfull \hbox (badness 1178) in paragraph at lines 417--495
\TU/FreeSerif(0)/m/n/14.4 Oli-vei-ras. [][] []E pela ma-nhã cedo vol-tou
 []


Underfull \hbox (badness 6842) in paragraph at lines 417--495
\TU/FreeSerif(0)/m/n/14.4 ao Tem-plo, e todo o povo veio a
 []


Underfull \hbox (badness 10000) in paragraph at lines 417--495
\TU/FreeSerif(0)/m/n/14.4 ele; e sentando-se, ensinava-os. [][] []E
 []


Underfull \hbox (badness 1939) in paragraph at lines 417--495
\TU/FreeSerif(0)/m/n/14.4 mas terá luz de vida. [][] []Disseram-lhe
 []


Underfull \hbox (badness 2343) in paragraph at lines 417--495
[][] []\TU/FreeSerif(0)/m/n/14.4 Eu sou o que tes-te-mu-nho de mim
 []


Underfull \hbox (badness 4013) in paragraph at lines 417--495
\TU/FreeSerif(0)/m/n/14.4 pois: Onde está teu Pai? Res-pon-deu
 []


Underfull \hbox (badness 2846) in paragraph at lines 417--495
\TU/FreeSerif(0)/m/n/14.4 pa-la-vras fa-lou Je-sus junto à arca do
 []


Underfull \hbox (badness 5924) in paragraph at lines 417--495
\TU/FreeSerif(0)/m/n/14.4 pa-la-vra, ver-da-dei-ra-mente se-reis meus
 []


Underfull \hbox (badness 3138) in paragraph at lines 417--495
\TU/FreeSerif(0)/m/n/14.4 So-mos des-cen-dên-cia [][][][][] de Abraão, e
 []


Underfull \hbox (badness 1629) in paragraph at lines 417--495
\TU/FreeSerif(0)/m/n/14.4 de-mô-nio? [][] []Respondeu Je-sus: Eu não
 []


Underfull \hbox (badness 1838) in paragraph at lines 417--495
\TU/FreeSerif(0)/m/n/14.4 verá a morte. [][] []Disseram-lhe pois os
 []


Underfull \hbox (badness 1552) in paragraph at lines 417--495
\TU/FreeSerif(0)/m/n/14.4 e tu di-zes: Se al-guém guar-dar mi-nha
 []


Underfull \hbox (badness 1577) in paragraph at lines 417--495
\TU/FreeSerif(0)/m/n/14.4 e se dis-ser que não o co-nheço, se-rei
 []


Underfull \hbox (badness 1874) in paragraph at lines 417--495
\TU/FreeSerif(0)/m/n/14.4 ele viu, e se ale-grou. [][] []Disseram-lhe,
 []


Underfull \hbox (badness 1478) in paragraph at lines 417--495
\TU/FreeSerif(0)/m/n/14.4 Je-sus se es-con-deu, e saiu do Tem-plo,
 []


Underfull \vbox (badness 10000) has occurred while \output is active []

 [517]
Underfull \vbox (badness 1968) has occurred while \output is active []


Underfull \vbox (badness 1931) has occurred while \output is active []

 [518]

LaTeX Warning: Reference `0' on page 519 undefined on input line 496.


Underfull \hbox (badness 6978) in paragraph at lines 496--543
[][] []\TU/FreeSerif(0)/m/n/14.4 E indo \TU/FreeSerif(0)/m/it/14.4 Je-sus \TU/F
reeSerif(0)/m/n/14.4 pas-sando, viu a um
 []


Underfull \hbox (badness 1057) in paragraph at lines 496--543
\TU/FreeSerif(0)/m/n/14.4 a ele, ele fa-lará por si mesmo. [][] []Isto
 []


Underfull \vbox (badness 10000) has occurred while \output is active []

 [519]
Underfull \vbox (badness 10000) has occurred while \output is active []



LaTeX Warning: Reference `0' on page 520 undefined on input line 544.


Underfull \hbox (badness 1231) in paragraph at lines 544--595
\TU/FreeSerif(0)/m/n/14.4 nome, e as leva fora. [][] []E quando tira
 []


Underfull \hbox (badness 1057) in paragraph at lines 544--595
\TU/FreeSerif(0)/m/n/14.4 fora suas ove-lhas, vai adi-ante de-las, e
 []


Underfull \hbox (badness 1237) in paragraph at lines 544--595
\TU/FreeSerif(0)/m/n/14.4 en-tão, os Ju-deus, e lhe dis-se-ram: Até
 []


Underfull \hbox (badness 1552) in paragraph at lines 544--595
\TU/FreeSerif(0)/m/n/14.4 para o ape-dre-ja-rem. [][] []Respondeu-lhes
 []

[520]
Underfull \vbox (badness 10000) has occurred while \output is active []


Underfull \vbox (badness 1968) has occurred while \output is active []

 [521]

LaTeX Warning: Reference `0' on page 522 undefined on input line 596.


Underfull \hbox (badness 1270) in paragraph at lines 596--667
[]\TU/FreeSerif(0)/m/n/14.4 Então de-pois disto vol-tou a di-zer aos
 []


Underfull \hbox (badness 1521) in paragraph at lines 596--667
\TU/FreeSerif(0)/m/n/14.4 mas vou para despertá-lo do sono. [][]
 []


Underfull \hbox (badness 2057) in paragraph at lines 596--667
\TU/FreeSerif(0)/m/n/14.4 como ele o amava! [][] []E al-guns de-les
 []


Underfull \vbox (badness 10000) has occurred while \output is active []

 [522]
Underfull \vbox (badness 10000) has occurred while \output is active []



LaTeX Warning: Reference `0' on page 523 undefined on input line 668.


Underfull \hbox (badness 1189) in paragraph at lines 668--728
\TU/FreeSerif(0)/m/n/14.4 com ele es-ta-vam sen-ta-dos \TU/FreeSerif(0)/m/it/14
.4 à mesa \TU/FreeSerif(0)/m/n/14.4 . [][]
 []


Underfull \hbox (badness 1137) in paragraph at lines 668--728
\TU/FreeSerif(0)/m/n/14.4 ó fi-lha de Sião; eis que teu Rei vem
 []


Underfull \hbox (badness 1565) in paragraph at lines 668--728
\TU/FreeSerif(0)/m/n/14.4 isto ao prin-cí-pio; mas sendo Je-sus já
 []


Underfull \hbox (badness 1043) in paragraph at lines 668--728
[]\TU/FreeSerif(0)/m/n/14.4 Pelo que tam-bém a mul-ti-dão lhe saiu
 []


Underfull \hbox (badness 1122) in paragraph at lines 668--728
\TU/FreeSerif(0)/m/n/14.4 ao en-con-tro, por-que ou-vira que fi-zera
 []


Underfull \hbox (badness 1024) in paragraph at lines 668--728
\TU/FreeSerif(0)/m/n/14.4 que o mundo vai após ele. [][] []E ha-via
 []


Underfull \hbox (badness 1701) in paragraph at lines 668--728
\TU/FreeSerif(0)/m/n/14.4 que ve-jam dos olhos, e en-ten-dam do
 []

[523]
Underfull \vbox (badness 10000) has occurred while \output is active []


Underfull \vbox (badness 10000) has occurred while \output is active []

 [524]
Underfull \vbox (badness 10000) has occurred while \output is active []



LaTeX Warning: Reference `0' on page 525 undefined on input line 729.


Underfull \hbox (badness 1014) in paragraph at lines 729--776
\TU/FreeSerif(0)/m/n/14.4 Is-ca-ri-o-tes. [][] []E após o pe-daço de pão,
 []

[525]
Underfull \vbox (badness 10000) has occurred while \output is active []


Underfull \vbox (badness 10000) has occurred while \output is active []

 [526]

LaTeX Warning: Reference `0' on page 527 undefined on input line 777.


Underfull \vbox (badness 10000) has occurred while \output is active []

 [527]

LaTeX Warning: Reference `0' on page 528 undefined on input line 822.


Underfull \vbox (badness 10000) has occurred while \output is active []

 [528]

LaTeX Warning: Reference `0' on page 529 undefined on input line 856.


Underfull \hbox (badness 1946) in paragraph at lines 856--893
\TU/FreeSerif(0)/m/n/14.4 por-que nem ao Pai, nem a mim me
 []


Underfull \hbox (badness 1931) in paragraph at lines 856--893
\TU/FreeSerif(0)/m/n/14.4 no-va-mente deixo o mundo, e vou ao
 []


Underfull \hbox (badness 1924) in paragraph at lines 856--893
\TU/FreeSerif(0)/m/n/14.4 to-das as coi-sas; e não ne-ces-si-tas que
 []


Underfull \vbox (badness 10000) has occurred while \output is active []

 [529]

LaTeX Warning: Reference `0' on page 530 undefined on input line 894.


Underfull \vbox (badness 10000) has occurred while \output is active []

 [530]

LaTeX Warning: Reference `0' on page 531 undefined on input line 924.


Underfull \hbox (badness 2521) in paragraph at lines 924--967
[][] []\TU/FreeSerif(0)/m/n/14.4 Responderam-lhe: A Je-sus Na-za-reno.
 []


Underfull \hbox (badness 1009) in paragraph at lines 924--967
\TU/FreeSerif(0)/m/n/14.4 era co-nhe-cido do sa-cer-dote, e fa-lou à
 []


Underfull \hbox (badness 1253) in paragraph at lines 924--967
\TU/FreeSerif(0)/m/n/14.4 se con-ta-mi-nas-sem, mas que pu-des-sem
 []


Underfull \vbox (badness 10000) has occurred while \output is active []

 [531]
Underfull \vbox (badness 10000) has occurred while \output is active []



LaTeX Warning: Reference `0' on page 532 undefined on input line 968.


Underfull \hbox (badness 1337) in paragraph at lines 968--1031
\TU/FreeSerif(0)/m/n/14.4 e o ves-ti-ram de uma roupa ver-me-lha.
 []


Underfull \hbox (badness 6078) in paragraph at lines 968--1031
[][] []\TU/FreeSerif(0)/m/n/14.4 E di-ziam: Te-nhas ale-gria, Rei dos
 []


Underfull \hbox (badness 1472) in paragraph at lines 968--1031
\TU/FreeSerif(0)/m/n/14.4 Ju-deus! E davam-lhe bo-fe-ta-das. [][] []Saiu
 []


Underfull \hbox (badness 1028) in paragraph at lines 968--1031
\TU/FreeSerif(0)/m/n/14.4 Eis que eu o trago para fora \TU/FreeSerif(0)/m/it/14
.4 até \TU/FreeSerif(0)/m/n/14.4 vós,
 []


Underfull \hbox (badness 1005) in paragraph at lines 968--1031
\TU/FreeSerif(0)/m/n/14.4 dos Ju-deus este tí-tulo; por-que o lu-gar
 []


Underfull \hbox (badness 1286) in paragraph at lines 968--1031
\TU/FreeSerif(0)/m/n/14.4 disse ao dis-cí-pulo: Eis aí tua mãe. E
 []


Underfull \hbox (badness 1077) in paragraph at lines 968--1031
\TU/FreeSerif(0)/m/n/14.4 é ver-da-deiro, e sabe que é ver-dade o
 []

[532]
Underfull \vbox (badness 10000) has occurred while \output is active []


Underfull \vbox (badness 10000) has occurred while \output is active []

 [533]

LaTeX Warning: Reference `0' on page 534 undefined on input line 1032.


Underfull \hbox (badness 1087) in paragraph at lines 1032--1081
[][] []\TU/FreeSerif(0)/m/n/14.4 E no pri-meiro \TU/FreeSerif(0)/m/it/14.4 dia 
\TU/FreeSerif(0)/m/n/14.4 da se-mana Ma-ria
 []


Underfull \hbox (badness 1314) in paragraph at lines 1032--1081
\TU/FreeSerif(0)/m/n/14.4 es-curo, ao se-pul-cro; e viu a pe-dra já
 []


Underfull \hbox (badness 1448) in paragraph at lines 1032--1081
[][] []\TU/FreeSerif(0)/m/n/14.4 E abaixando-se, viu es-tar os len-çóis;
 []


Underfull \vbox (badness 10000) has occurred while \output is active []

 [534]
Underfull \vbox (badness 10000) has occurred while \output is active []



LaTeX Warning: Reference `0' on page 535 undefined on input line 1082.


Underfull \hbox (badness 2932) in paragraph at lines 1082--1118
\TU/FreeSerif(0)/m/n/14.4 do lado di-reito do barco, e acha-reis.
 []


Underfull \hbox (badness 1057) in paragraph at lines 1082--1118
\TU/FreeSerif(0)/m/n/14.4 cô-va-dos) tra-zendo a rede de pei-xes. [][]
 []


Underfull \hbox (badness 1033) in paragraph at lines 1082--1118
\TU/FreeSerif(0)/m/n/14.4 mais do que es-tes \TU/FreeSerif(0)/m/it/14.4 ou-tros \TU/FreeSerif(0)/m/n/14.4 ? Disse-lhes
 []


Underfull \hbox (badness 1092) in paragraph at lines 1082--1118
\TU/FreeSerif(0)/m/n/14.4 glo-ri-fi-ca-ria a Deus com \TU/FreeSerif(0)/m/it/14.
4 sua \TU/FreeSerif(0)/m/n/14.4 morte. E
 []

[535]
Underfull \vbox (badness 10000) has occurred while \output is active []

)
("./source/NT/44 - ACT_src.tex"
- LAST -
Extra skip:0.9744pt
Left:456.59857pt/3.1392pt
Right:458.76338pt/0.0pt
Split: 460.23094pt
Output:460.23094pt
Pageshrink: 0.0pt
Pagestretch: 0.0pt
@colht:660.06499pt
FLUSHEND [output]: 460.23094pt
FLUSHEND [leftcolumn badness]: 10000
FUSHEND [rightcolumn badness]: 10000
 [536]
Underfull \hbox (badness 1406) in paragraph at lines 4--40
\TU/FreeSerif(0)/m/n/14.4 das coi-sas re-la-ti-vas ao reino de Deus.
 []


Underfull \hbox (badness 1077) in paragraph at lines 4--40
\TU/FreeSerif(0)/m/n/14.4 a pro-messa do Pai que (disse ele) de
 []


Underfull \hbox (badness 1590) in paragraph at lines 4--40
\TU/FreeSerif(0)/m/n/14.4 des-tes. [][] []Então aque-les que ti-nham se
 []


Underfull \vbox (badness 10000) has occurred while \output is active []

 [537


]

LaTeX Warning: Reference `0' on page 538 undefined on input line 41.


Underfull \hbox (badness 4739) in paragraph at lines 41--107
\TU/FreeSerif(0)/m/n/14.4 e ro-ma-nos es-tran-gei-ros, tanto ju-deus
 []


Underfull \hbox (badness 1454) in paragraph at lines 41--107
\TU/FreeSerif(0)/m/n/14.4 do Pai a pro-messa do Es-pí-rito Santo,
 []


Underfull \hbox (badness 2735) in paragraph at lines 41--107
\TU/FreeSerif(0)/m/n/14.4 e aos ou-tros após-to-los: Que fa-re-mos,
 []


Underfull \vbox (badness 10000) has occurred while \output is active []

 [538]
Underfull \vbox (badness 10000) has occurred while \output is active []

 [539]

LaTeX Warning: Reference `0' on page 540 undefined on input line 108.


Underfull \hbox (badness 2376) in paragraph at lines 108--148
\TU/FreeSerif(0)/m/n/14.4 des-tes dias. [][] []Vós sois os fi-lhos dos
 []


Underfull \vbox (badness 10000) has occurred while \output is active []

 [540]

LaTeX Warning: Reference `0' on page 541 undefined on input line 149.


Underfull \hbox (badness 1383) in paragraph at lines 149--207
\TU/FreeSerif(0)/m/n/14.4 tes-te-mu-nho da res-sur-rei-ção do Se-nhor
 []


Underfull \hbox (badness 1248) in paragraph at lines 149--207
\TU/FreeSerif(0)/m/n/14.4 (que tra-du-zido é fi-lho da con-so-la-ção),
 []


Underfull \vbox (badness 6284) has occurred while \output is active []

 [541]
Underfull \vbox (badness 1931) has occurred while \output is active []



LaTeX Warning: Reference `0' on page 542 undefined on input line 208.


Underfull \hbox (badness 2384) in paragraph at lines 208--280
\TU/FreeSerif(0)/m/n/14.4 com Sa-fira, sua mu-lher, ven-deu uma
 []


Underfull \hbox (badness 1072) in paragraph at lines 208--280
\TU/FreeSerif(0)/m/n/14.4 e tra-zendo uma certa parte, de-po-si-tou
 []


Underfull \hbox (badness 5022) in paragraph at lines 208--280
\TU/FreeSerif(0)/m/it/14.4 -a \TU/FreeSerif(0)/m/n/14.4 junto aos pés dos apo
́s-to-los. [][] []E
 []


Underfull \hbox (badness 2343) in paragraph at lines 208--280
\TU/FreeSerif(0)/m/n/14.4 fora, e \TU/FreeSerif(0)/m/it/14.4 o \TU/FreeSerif(0)
/m/n/14.4 se-pul-ta-ram. [][] []E pas-sando o
 []


Underfull \hbox (badness 1648) in paragraph at lines 208--280
\TU/FreeSerif(0)/m/n/14.4 E es-ta-vam to-dos em con-cor-dân-cia no
 []


Underfull \hbox (badness 1112) in paragraph at lines 208--280
\TU/FreeSerif(0)/m/n/14.4 o povo os es-ti-mava gran-de-mente. [][] []E
 []


Underfull \hbox (badness 1221) in paragraph at lines 208--280
\TU/FreeSerif(0)/m/n/14.4 ao su-premo con-se-lho, [][][][][] e a to-dos os
 []


Underfull \hbox (badness 2229) in paragraph at lines 208--280
\TU/FreeSerif(0)/m/n/14.4 na pri-são; e vol-tando, anun-ci-a-ram, [][]
 []


Underfull \hbox (badness 1990) in paragraph at lines 208--280
\TU/FreeSerif(0)/m/n/14.4 di-zendo: Eis que os ho-mens que vós
 []


Underfull \hbox (badness 5050) in paragraph at lines 208--280
\TU/FreeSerif(0)/m/n/14.4 não en-si-nar-des \TU/FreeSerif(0)/m/it/14.4 mais \
TU/FreeSerif(0)/m/n/14.4 neste nome? E
 []


Underfull \hbox (badness 1748) in paragraph at lines 208--280
\TU/FreeSerif(0)/m/n/14.4 vossa dou-trina, e que-reis tra-zer so-bre
 []


Underfull \hbox (badness 1540) in paragraph at lines 208--280
\TU/FreeSerif(0)/m/n/14.4 e per-dão de pe-ca-dos. [][] []E nós so-mos
 []


Underfull \hbox (badness 2875) in paragraph at lines 208--280
\TU/FreeSerif(0)/m/n/14.4 um certo fa-ri-seu, de nome Ga-ma-liel,
 []


Underfull \hbox (badness 1859) in paragraph at lines 208--280
[]\TU/FreeSerif(0)/m/n/14.4 E lhes disse: Ho-mens is-ra-e-li-tas, olhai
 []


Underfull \hbox (badness 5064) in paragraph at lines 208--280
\TU/FreeSerif(0)/m/n/14.4 ho-mens, e deixai-os; por-que se este
 []


Underfull \hbox (badness 1668) in paragraph at lines 208--280
\TU/FreeSerif(0)/m/n/14.4 se des-fará. [][] []Mas se é de Deus, vós
 []


Underfull \hbox (badness 3668) in paragraph at lines 208--280
\TU/FreeSerif(0)/m/n/14.4 E cha-mando aos após-to-los, tendo \TU/FreeSerif(0)
/m/it/14.4 os
 []

[542]
Underfull \vbox (badness 10000) has occurred while \output is active []


Underfull \vbox (badness 6284) has occurred while \output is active []

 [543]
Underfull \vbox (badness 10000) has occurred while \output is active []



LaTeX Warning: Reference `0' on page 544 undefined on input line 281.


Underfull \hbox (badness 1360) in paragraph at lines 281--310
\TU/FreeSerif(0)/m/n/14.4 dos gre-gos con-tra os he-breus, de que
 []


Underfull \hbox (badness 1354) in paragraph at lines 281--310
[]\TU/FreeSerif(0)/m/n/14.4 Aos quais se apre-sen-ta-ram di-ante dos
 []


Underfull \hbox (badness 2088) in paragraph at lines 281--310
\TU/FreeSerif(0)/m/n/14.4 após-to-los; e eles, orando, pu-se-ram as
 []


Underfull \hbox (badness 1048) in paragraph at lines 281--310
\TU/FreeSerif(0)/m/n/14.4 cres-cia, e o nú-mero dos dis-cí-pu-los se
 []


Underfull \hbox (badness 1231) in paragraph at lines 281--310
[][] []\TU/FreeSerif(0)/m/n/14.4 E in-ci-ta-ram ao povo, aos an-ci-ãos e
 []


Underfull \hbox (badness 6236) in paragraph at lines 281--310
\TU/FreeSerif(0)/m/n/14.4 con-se-lho. [][][][][] [][] []E apre-sen-ta-ram fal-sa
s
 []

[544]

LaTeX Warning: Reference `0' on page 545 undefined on input line 311.


Underfull \hbox (badness 1769) in paragraph at lines 311--411
[][] []\TU/FreeSerif(0)/m/n/14.4 E disse o chefe dos sa-cer-do-tes: Por
 []


Underfull \hbox (badness 1043) in paragraph at lines 311--411
\TU/FreeSerif(0)/m/n/14.4 o tempo da pro-messa que Deus ti-nha
 []


Underfull \hbox (badness 1968) in paragraph at lines 311--411
\TU/FreeSerif(0)/m/n/14.4 ele foi visto por eles, e ordenou-lhes
 []


Underfull \hbox (badness 1117) in paragraph at lines 311--411
\TU/FreeSerif(0)/m/n/14.4 e seus co-ra-ções vol-ta-ram ao Egito; [][]
 []


Underfull \hbox (badness 1466) in paragraph at lines 311--411
\TU/FreeSerif(0)/m/n/14.4 para mim?, diz o Se-nhor; ou Qual é
 []


Underfull \hbox (badness 1062) in paragraph at lines 311--411
\TU/FreeSerif(0)/m/n/14.4 ao ou-vi-rem es-tas coi-sas, retalharam-se
 []


Underfull \vbox (badness 10000) has occurred while \output is active []

 [545]
Underfull \vbox (badness 10000) has occurred while \output is active []


Underfull \vbox (badness 10000) has occurred while \output is active []

 [546]
Underfull \vbox (badness 10000) has occurred while \output is active []



LaTeX Warning: Reference `0' on page 547 undefined on input line 412.


Underfull \hbox (badness 1270) in paragraph at lines 412--464
[][] []\TU/FreeSerif(0)/m/n/14.4 E Saulo tam-bém con-sen-tia na morte
 []


Underfull \hbox (badness 2735) in paragraph at lines 412--464
\TU/FreeSerif(0)/m/n/14.4 entregava-os à pri-são. [][] []Os que, pois,
 []


Underfull \hbox (badness 1442) in paragraph at lines 412--464
\TU/FreeSerif(0)/m/n/14.4 a pa-la-vra. [][] []E Fi-lipe, tendo des-cido à
 []


Underfull \hbox (badness 1681) in paragraph at lines 412--464
\TU/FreeSerif(0)/m/n/14.4 fi-car ad-mi-rado, di-zendo de si mesmo
 []


Underfull \hbox (badness 1478) in paragraph at lines 412--464
[]\TU/FreeSerif(0)/m/n/14.4 Então pu-se-ram as mãos so-bre eles, e
 []


Underfull \hbox (badness 2088) in paragraph at lines 412--464
\TU/FreeSerif(0)/m/n/14.4 ao ver que pela im-po-si-ção das mãos
 []


Underfull \hbox (badness 1005) in paragraph at lines 412--464
\TU/FreeSerif(0)/m/n/14.4 re-ceba o Es-pí-rito Santo. [][] []Mas Pe-dro
 []


Underfull \hbox (badness 1348) in paragraph at lines 412--464
\TU/FreeSerif(0)/m/n/14.4 Deus \TU/FreeSerif(0)/m/it/14.4 pu-desse \TU/FreeSeri
f(0)/m/n/14.4 ser ob-tido por meio de
 []


Underfull \hbox (badness 1005) in paragraph at lines 412--464
\TU/FreeSerif(0)/m/n/14.4 o Evan-ge-lho. [][] []E um anjo do Se-nhor
 []


Underfull \hbox (badness 1210) in paragraph at lines 412--464
\TU/FreeSerif(0)/m/n/14.4 para o sul, ao ca-mi-nho que desce de
 []

[547]
Underfull \vbox (badness 10000) has occurred while \output is active []


Underfull \vbox (badness 10000) has occurred while \output is active []

 [548]

LaTeX Warning: Reference `0' on page 549 undefined on input line 465.


Underfull \hbox (badness 3039) in paragraph at lines 465--528
\TU/FreeSerif(0)/m/n/14.4 tanto ho-mens como mu-lhe-res, ele \TU/FreeSerif(0)/m
/it/14.4 os
 []


Underfull \hbox (badness 1107) in paragraph at lines 465--528
\TU/FreeSerif(0)/m/n/14.4 de Deus. [][] []E to-dos os que o ou-viam
 []


Underfull \hbox (badness 1215) in paragraph at lines 465--528
[][] []\TU/FreeSerif(0)/m/n/14.4 Mas Saulo se es-for-çava muito mais,
 []


Underfull \hbox (badness 4752) in paragraph at lines 465--528
\TU/FreeSerif(0)/m/n/14.4 no nome do Se-nhor Je-sus; fa-lava e
 []


Underfull \hbox (badness 1009) in paragraph at lines 465--528
\TU/FreeSerif(0)/m/n/14.4 no te-mor do Se-nhor, e \TU/FreeSerif(0)/m/it/14.4 na \TU/FreeSerif(0)/m/n/14.4 con-so-la-
ção
 []


Underfull \hbox (badness 1077) in paragraph at lines 465--528
\TU/FreeSerif(0)/m/n/14.4 de nome Ta-bita, que tra-du-zido se diz
 []


Underfull \vbox (badness 10000) has occurred while \output is active []

 [549]
Underfull \vbox (badness 10000) has occurred while \output is active []



LaTeX Warning: Reference `0' on page 550 undefined on input line 529.


Underfull \hbox (badness 2790) in paragraph at lines 529--594
\TU/FreeSerif(0)/m/n/14.4 vi-são, cerca da hora nona do dia, a
 []


Underfull \hbox (badness 1102) in paragraph at lines 529--594
\TU/FreeSerif(0)/m/n/14.4 um anjo de Deus, que vi-nha a ele, e
 []


Underfull \hbox (badness 1067) in paragraph at lines 529--594
\TU/FreeSerif(0)/m/n/14.4 Deus. [][] []E agora en-via ho-mens a Jope,
 []


Underfull \hbox (badness 1968) in paragraph at lines 529--594
\TU/FreeSerif(0)/m/n/14.4 ou im-pura. [][] []E a voz vol-tou a \TU/FreeSerif(0)
/m/it/14.4 di-zer
 []


Underfull \hbox (badness 1571) in paragraph at lines 529--594
\TU/FreeSerif(0)/m/n/14.4 junto ao mar; quando ele vier, fa-lará
 []


Underfull \hbox (badness 1057) in paragraph at lines 529--594
\TU/FreeSerif(0)/m/n/14.4 em toda na-ção, aquele que o teme, e
 []


Underfull \hbox (badness 1852) in paragraph at lines 529--594
\TU/FreeSerif(0)/m/n/14.4 to-dos os pro-fe-tas dão tes-te-mu-nho, de
 []


Underfull \hbox (badness 1584) in paragraph at lines 529--594
\TU/FreeSerif(0)/m/n/14.4 per-dão dos pe-ca-dos por meio do seu
 []

[550]
Underfull \vbox (badness 10000) has occurred while \output is active []


Underfull \vbox (badness 10000) has occurred while \output is active []

 [551]
Underfull \vbox (badness 10000) has occurred while \output is active []



LaTeX Warning: Reference `0' on page 552 undefined on input line 595.


Underfull \hbox (badness 6396) in paragraph at lines 595--639
\TU/FreeSerif(0)/m/n/14.4 na Ju-deia, ou-vi-ram que tam-bém os
 []


Underfull \hbox (badness 1005) in paragraph at lines 595--639
\TU/FreeSerif(0)/m/n/14.4 um certo ob-jeto que des-cia como um
 []


Underfull \hbox (badness 1748) in paragraph at lines 595--639
\TU/FreeSerif(0)/m/n/14.4 como ele ti-nha dito: Ver-da-dei-ra-mente
 []


Underfull \hbox (badness 1019) in paragraph at lines 595--639
\TU/FreeSerif(0)/m/n/14.4 no Se-nhor. [][] []Porque ele era um bom
 []


Underfull \hbox (badness 1158) in paragraph at lines 595--639
\TU/FreeSerif(0)/m/n/14.4 fo-ram cha-ma-dos pela pri-meira vez de
 []

[552]
Underfull \vbox (badness 10000) has occurred while \output is active []


Underfull \vbox (badness 10000) has occurred while \output is active []

 [553]

LaTeX Warning: Reference `0' on page 554 undefined on input line 640.


Underfull \hbox (badness 1342) in paragraph at lines 640--673
\TU/FreeSerif(0)/m/n/14.4 pren-der a Pe-dro (e eram os dias dos
 []


Underfull \hbox (badness 1635) in paragraph at lines 640--673
\TU/FreeSerif(0)/m/n/14.4 acor-ren-tado com duas cor-ren-tes; e os
 []


Underfull \hbox (badness 3826) in paragraph at lines 640--673
\TU/FreeSerif(0)/m/n/14.4 de suas mãos. [][] []E o anjo lhe disse:
 []


Underfull \hbox (badness 1009) in paragraph at lines 640--673
[][] []\TU/FreeSerif(0)/m/n/14.4 E ele, re-co-nhe-cendo \TU/FreeSerif(0)/m/it/1
4.4 isto \TU/FreeSerif(0)/m/n/14.4 ,foi à casa
 []


Underfull \hbox (badness 1067) in paragraph at lines 640--673
\TU/FreeSerif(0)/m/n/14.4 man-dou que eles fos-sem le-va-dos \TU/FreeSerif(0)/m
/it/14.4 para
 []


Underfull \vbox (badness 10000) has occurred while \output is active []

 [554]

LaTeX Warning: Reference `0' on page 555 undefined on input line 674.


Underfull \hbox (badness 3792) in paragraph at lines 733--733
[][][][] \TU/FreeSerif(0)/b/n/10 13:34  \TU/FreeSerif(0)/m/n/10 Ou: de-te-ri-o-r
a-ção, pu-tre-fa-ção. Tam-bém nos
 []


Underfull \hbox (badness 1400) in paragraph at lines 674--762
\TU/FreeSerif(0)/m/n/14.4 es-tava \TU/FreeSerif(0)/m/it/14.4 ali \TU/FreeSerif(
0)/m/n/14.4 , al-guns pro-fe-tas e mes-tres:
 []


Underfull \hbox (badness 2005) in paragraph at lines 674--762
\TU/FreeSerif(0)/m/n/14.4 a pa-la-vra de Deus nas si-na-go-gas dos
 []


Underfull \hbox (badness 1189) in paragraph at lines 674--762
\TU/FreeSerif(0)/m/n/14.4 ir-mãos, se em vós há \TU/FreeSerif(0)/m/it/14.
4 al-guma \TU/FreeSerif(0)/m/n/14.4 pa-la-vra
 []


Underfull \hbox (badness 1048) in paragraph at lines 674--762
\TU/FreeSerif(0)/m/n/14.4 es-tas pa-la-vras. [][] []E tendo ter-mi-nado \TU/Fre
eSerif(0)/m/it/14.4 a
 []


Underfull \hbox (badness 5893) in paragraph at lines 674--762
\TU/FreeSerif(0)/m/it/14.4 isto \TU/FreeSerif(0)/m/n/14.4 ,alegraram-se, e glo-r
i-fi-ca-vam ao
 []


Underfull \vbox (badness 10000) has occurred while \output is active []

 [555]
Underfull \vbox (badness 1968) has occurred while \output is active []

 [556]

LaTeX Warning: Reference `0' on page 557 undefined on input line 763.


Underfull \hbox (badness 1205) in paragraph at lines 763--806
\TU/FreeSerif(0)/m/n/14.4 sa-cri-fí-cio \TU/FreeSerif(0)/m/it/14.4 a eles \TU
/FreeSerif(0)/m/n/14.4 . [][] []Mas os após-to-los
 []


Underfull \hbox (badness 1675) in paragraph at lines 763--806
\TU/FreeSerif(0)/m/n/14.4 que, con-tudo, não te-nha dei-xado a si
 []


Underfull \hbox (badness 1577) in paragraph at lines 763--806
\TU/FreeSerif(0)/m/n/14.4 ci-dade, e feito mui-tos dis-cí-pu-los, eles
 []


Underfull \vbox (badness 10000) has occurred while \output is active []

 [557]
Underfull \vbox (badness 1968) has occurred while \output is active []



LaTeX Warning: Reference `0' on page 558 undefined on input line 807.


Underfull \hbox (badness 4429) in paragraph at lines 807--871
\TU/FreeSerif(0)/m/n/14.4 de Moi-sés, não po-deis ser sal-vos. [][]
 []


Underfull \hbox (badness 1067) in paragraph at lines 807--871
\TU/FreeSerif(0)/m/n/14.4 eles, or-de-na-ram que Paulo, Bar-nabé e
 []


Underfull \hbox (badness 1902) in paragraph at lines 807--871
\TU/FreeSerif(0)/m/n/14.4 e aos an-ci-ãos a Je-ru-sa-lém so-bre esta
 []


Underfull \hbox (badness 1521) in paragraph at lines 807--871
\TU/FreeSerif(0)/m/n/14.4 vós sa-beis que há muito tempo Deus
 []


Underfull \hbox (badness 1033) in paragraph at lines 807--871
\TU/FreeSerif(0)/m/it/14.4 meu \TU/FreeSerif(0)/m/n/14.4 es-co-lheu en-tre no
́s, para que por
 []


Underfull \hbox (badness 6510) in paragraph at lines 807--871
\TU/FreeSerif(0)/m/n/14.4 nos-sos ama-dos Bar-nabé e Paulo. [][]
 []


Underfull \hbox (badness 1158) in paragraph at lines 807--871
[]\TU/FreeSerif(0)/m/n/14.4 Homens que têm ar-ris-cado suas vi-das
 []


Underfull \hbox (badness 2932) in paragraph at lines 807--871
[][] []\TU/FreeSerif(0)/m/n/14.4 Então en-vi-a-mos a Ju-das e a Si-las,
 []


Underfull \hbox (badness 2221) in paragraph at lines 807--871
\TU/FreeSerif(0)/m/n/14.4 os quais \TU/FreeSerif(0)/m/it/14.4 vos \TU/FreeSerif
(0)/m/n/14.4 di-rão as mes-mas coi-sas
 []


Underfull \hbox (badness 1742) in paragraph at lines 807--871
\TU/FreeSerif(0)/m/n/14.4 ne-ces-sá-rias: [][] []Que vos abs-te-nhais das
 []


Underfull \hbox (badness 2221) in paragraph at lines 807--871
\TU/FreeSerif(0)/m/n/14.4 Bar-nabé: Vol-te-mos a vi-si-tar a nos-sos
 []

[558]
Underfull \vbox (badness 1968) has occurred while \output is active []


Underfull \vbox (badness 10000) has occurred while \output is active []

 [559]

LaTeX Warning: Reference `0' on page 560 undefined on input line 872.


Underfull \hbox (badness 1675) in paragraph at lines 872--939
\TU/FreeSerif(0)/m/n/14.4 e an-ci-ãos em Je-ru-sa-lém, para que \TU/FreeSer
if(0)/m/it/14.4 as
 []


Underfull \hbox (badness 1708) in paragraph at lines 872--939
\TU/FreeSerif(0)/m/n/14.4 Passa à Ma-ce-dô-nia, e ajuda-nos! [][] []E
 []


Underfull \hbox (badness 4108) in paragraph at lines 872--939
\TU/FreeSerif(0)/m/n/14.4 o Se-nhor es-tava nos cha-mando para
 []


Underfull \hbox (badness 1490) in paragraph at lines 872--939
\TU/FreeSerif(0)/m/n/14.4 tendo na-ve-gado desde Trôade, vi-e-mos
 []


Underfull \hbox (badness 2556) in paragraph at lines 872--939
\TU/FreeSerif(0)/m/n/14.4 que ser-via a Deus; \TU/FreeSerif(0)/m/it/14.4 ela nos
 \TU/FreeSerif(0)/m/n/14.4 ou-viu; o
 []


Underfull \hbox (badness 2229) in paragraph at lines 872--939
\TU/FreeSerif(0)/m/n/14.4 para co-nosco. [][] []E acon-te-ceu, que ao
 []


Underfull \hbox (badness 1122) in paragraph at lines 872--939
\TU/FreeSerif(0)/m/n/14.4 isto, virou-se, e disse ao es-pí-rito: Em
 []


Underfull \hbox (badness 2970) in paragraph at lines 872--939
\TU/FreeSerif(0)/m/n/14.4 à praça, di-ante dos go-ver-nan-tes. [][] []E
 []


Underfull \hbox (badness 1107) in paragraph at lines 872--939
\TU/FreeSerif(0)/m/n/14.4 Es-tes ho-mens per-tur-bam nossa ci-dade,
 []


Underfull \hbox (badness 1762) in paragraph at lines 872--939
\TU/FreeSerif(0)/m/n/14.4 le-van-tou jun-ta-mente con-tra eles; e os
 []


Underfull \vbox (badness 10000) has occurred while \output is active []

 [560]
Underfull \vbox (badness 10000) has occurred while \output is active []



LaTeX Warning: Reference `0' on page 561 undefined on input line 940.


Underfull \hbox (badness 1845) in paragraph at lines 940--992
\TU/FreeSerif(0)/m/n/14.4 de \TU/FreeSerif(0)/m/it/14.4 seu \TU/FreeSerif(0)/m/
n/14.4 cos-tume, en-trou a eles, e por
 []


Underfull \hbox (badness 1337) in paragraph at lines 940--992
\TU/FreeSerif(0)/m/n/14.4 da ci-dade, que ou-viam es-tas coi-sas. [][]
 []


Underfull \hbox (badness 1087) in paragraph at lines 940--992
[]\TU/FreeSerif(0)/m/n/14.4 Mas quando os ju-deus de Tes-sa-lô-nica
 []


Underfull \hbox (badness 1910) in paragraph at lines 940--992
\TU/FreeSerif(0)/m/n/14.4 o que isto quer di-zer. [][] [](E to-dos os
 []


Underfull \hbox (badness 1194) in paragraph at lines 940--992
\TU/FreeSerif(0)/m/n/14.4 disse: Ho-mens ate-ni-en-ses, eu vejo em
 []


Underfull \hbox (badness 2057) in paragraph at lines 940--992
\TU/FreeSerif(0)/m/n/14.4 um al-tar, em que es-tava es-crito: AO
 []


Underfull \hbox (badness 4713) in paragraph at lines 940--992
\TU/FreeSerif(0)/m/n/14.4 so-bre a face da terra, de-ter-mi-nando
 []


Underfull \hbox (badness 1442) in paragraph at lines 940--992
\TU/FreeSerif(0)/m/n/14.4 li-mi-tes da mo-rada \TU/FreeSerif(0)/m/it/14.4 de-les
 \TU/FreeSerif(0)/m/n/14.4 ; [][] []Para que
 []


Underfull \hbox (badness 3168) in paragraph at lines 940--992
\TU/FreeSerif(0)/m/n/14.4 po-e-tas dis-se-ram; por-que tam-bém nós
 []


Underfull \hbox (badness 1184) in paragraph at lines 940--992
\TU/FreeSerif(0)/m/n/14.4 por ar-ti-fí-cio e ima-gi-na-ção hu-mana. [][]
 []


Underfull \hbox (badness 1194) in paragraph at lines 940--992
\TU/FreeSerif(0)/m/n/14.4 que se ar-re-pen-dam. [][] []Porque ele tem
 []


Underfull \hbox (badness 1838) in paragraph at lines 940--992
\TU/FreeSerif(0)/m/n/14.4 tendo o res-sus-ci-tado dos mor-tos. [][] []E
 []

[561]
Underfull \vbox (badness 10000) has occurred while \output is active []


Underfull \vbox (badness 10000) has occurred while \output is active []

 [562]

LaTeX Warning: Reference `0' on page 563 undefined on input line 993.


Underfull \hbox (badness 2435) in paragraph at lines 993--1035
[][] []\TU/FreeSerif(0)/m/n/14.4 E ele dis-pu-tava na si-na-goga a cada
 []


Underfull \hbox (badness 1270) in paragraph at lines 993--1035
\TU/FreeSerif(0)/m/n/14.4 bem ca-pa-ci-tado nas Es-cri-tu-ras. [][] []Este
 []


Underfull \hbox (badness 3049) in paragraph at lines 993--1035
\TU/FreeSerif(0)/m/n/14.4 au-xi-liou muito aos que ti-nham crido
 []


Underfull \vbox (badness 10000) has occurred while \output is active []


Underfull \vbox (badness 10000) has occurred while \output is active []

 [563]
Underfull \vbox (badness 10000) has occurred while \output is active []



LaTeX Warning: Reference `0' on page 564 undefined on input line 1036.


Underfull \hbox (badness 1297) in paragraph at lines 1036--1104
\TU/FreeSerif(0)/m/n/14.4 fos-tes ba-ti-za-dos? E eles dis-se-ram: No
 []


Underfull \hbox (badness 1292) in paragraph at lines 1036--1104
\TU/FreeSerif(0)/m/n/14.4 es-tava o es-pí-rito ma-ligno sal-tou so-bre
 []


Underfull \hbox (badness 2922) in paragraph at lines 1036--1104
\TU/FreeSerif(0)/m/n/14.4 mui-tos dos que pra-ti-ca-vam ocul-tismo
 []


Underfull \hbox (badness 1320) in paragraph at lines 1036--1104
\TU/FreeSerif(0)/m/n/14.4 na pre-sença de to-dos; e cal-cu-la-ram o
 []


Underfull \hbox (badness 1845) in paragraph at lines 1036--1104
\TU/FreeSerif(0)/m/n/14.4 preço de-les, e acha-ram que \TU/FreeSerif(0)/m/it/1
4.4 cus-ta-vam
 []


Underfull \hbox (badness 3199) in paragraph at lines 1036--1104
\TU/FreeSerif(0)/m/n/14.4 com os tra-ba-lha-do-res de se-me-lhan-tes
 []

[564]
Underfull \vbox (badness 10000) has occurred while \output is active []


Underfull \vbox (badness 4832) has occurred while \output is active []

 [565]

LaTeX Warning: Reference `0' on page 566 undefined on input line 1105.


Underfull \hbox (badness 1924) in paragraph at lines 1105--1171
\TU/FreeSerif(0)/m/n/14.4 beijavam-no; [][] []Entristecendo-se muito,
 []


Underfull \vbox (badness 10000) has occurred while \output is active []

 [566]
Underfull \vbox (badness 1968) has occurred while \output is active []



LaTeX Warning: Reference `0' on page 567 undefined on input line 1172.


Underfull \vbox (badness 1931) has occurred while \output is active []

 [567]
Underfull \hbox (badness 2334) in paragraph at lines 1172--1244
\TU/FreeSerif(0)/m/n/14.4 vi-e-mos a Cós, e \TU/FreeSerif(0)/m/it/14.4 n \TU/
FreeSerif(0)/m/n/14.4 o \TU/FreeSerif(0)/m/it/14.4 dia \TU/FreeSerif(0)/m/n/14.
4 se-guinte a
 []


Underfull \hbox (badness 1163) in paragraph at lines 1172--1244
\TU/FreeSerif(0)/m/n/14.4 um na-vio que pas-sava para a Fe-ní-cia,
 []


Underfull \hbox (badness 1248) in paragraph at lines 1172--1244
\TU/FreeSerif(0)/m/n/14.4 nós em-bar-ca-mos nele, e par-ti-mos. [][] []E
 []


Underfull \hbox (badness 2035) in paragraph at lines 1172--1244
\TU/FreeSerif(0)/m/n/14.4 tendo Chi-pre à vista, e deixando-a à
 []


Underfull \hbox (badness 1168) in paragraph at lines 1172--1244
\TU/FreeSerif(0)/m/n/14.4 aque-les ho-mens, e purificando-se com
 []


Underfull \hbox (badness 1178) in paragraph at lines 1172--1244
\TU/FreeSerif(0)/m/n/14.4 em duas cor-ren-tes; e per-gun-tou quem
 []


Underfull \vbox (badness 10000) has occurred while \output is active []

 [568]
Underfull \vbox (badness 10000) has occurred while \output is active []



LaTeX Warning: Reference `0' on page 569 undefined on input line 1245.


Underfull \hbox (badness 1852) in paragraph at lines 1245--1296
\TU/FreeSerif(0)/m/n/14.4 eu no ca-mi-nho, e che-gando perto de
 []


Underfull \hbox (badness 3189) in paragraph at lines 1245--1296
\TU/FreeSerif(0)/m/n/14.4 co-migo, e \TU/FreeSerif(0)/m/it/14.4 as-sim \TU/Free
Serif(0)/m/n/14.4 che-guei a Da-masco.
 []


Underfull \hbox (badness 1694) in paragraph at lines 1245--1296
\TU/FreeSerif(0)/m/n/14.4 Se-nhor, eles sa-bem que eu pren-dia e
 []


Underfull \hbox (badness 1796) in paragraph at lines 1245--1296
\TU/FreeSerif(0)/m/n/14.4 e guar-dava as rou-pas da-que-les que o
 []

[569]
Underfull \vbox (badness 10000) has occurred while \output is active []


Underfull \vbox (badness 10000) has occurred while \output is active []

 [570]

LaTeX Warning: Reference `0' on page 571 undefined on input line 1297.


Underfull \hbox (badness 3482) in paragraph at lines 1297--1353
[][] []\TU/FreeSerif(0)/m/n/14.4 E Paulo, olhando fi-xa-mente para o
 []


Underfull \hbox (badness 2409) in paragraph at lines 1297--1353
\TU/FreeSerif(0)/m/n/14.4 eu sou fa-ri-seu, fi-lho de fa-ri-seu; pela
 []


Underfull \hbox (badness 2653) in paragraph at lines 1297--1353
\TU/FreeSerif(0)/m/n/14.4 di-zendo: Ne-nhum mal acha-mos neste
 []


Underfull \hbox (badness 2376) in paragraph at lines 1297--1353
\TU/FreeSerif(0)/m/n/14.4 ho-mem; e se al-gum es-pí-rito ou anjo
 []


Underfull \hbox (badness 2698) in paragraph at lines 1297--1353
\TU/FreeSerif(0)/m/n/14.4 fa-lou com ele, não bri-gue-mos con-tra
 []


Underfull \hbox (badness 1038) in paragraph at lines 1297--1353
\TU/FreeSerif(0)/m/n/14.4 mais de qua-renta os que fi-ze-ram este
 []


Underfull \hbox (badness 1178) in paragraph at lines 1297--1353
\TU/FreeSerif(0)/m/n/14.4 não ma-tar-mos a Paulo. [][] []Agora, pois,
 []


Underfull \hbox (badness 2165) in paragraph at lines 1297--1353
\TU/FreeSerif(0)/m/n/14.4 pe-rante vós, como se fosse para que
 []


Underfull \hbox (badness 1776) in paragraph at lines 1297--1353
\TU/FreeSerif(0)/m/n/14.4 mal-di-ção fi-ze-ram ju-ra-mento para não
 []


Underfull \hbox (badness 2662) in paragraph at lines 1297--1353
\TU/FreeSerif(0)/m/n/14.4 es-tas coi-sas. [][] []E ele, cha-mando a si
 []


Underfull \hbox (badness 2556) in paragraph at lines 1297--1353
\TU/FreeSerif(0)/m/n/14.4 dei-xando irem com ele os ca-va-lei-ros,
 []


Underfull \vbox (badness 10000) has occurred while \output is active []

 [571]
Underfull \vbox (badness 10000) has occurred while \output is active []



LaTeX Warning: Reference `0' on page 572 undefined on input line 1354.


Underfull \hbox (badness 1412) in paragraph at lines 1354--1394
[][] []\TU/FreeSerif(0)/m/n/14.4 E cinco dias de-pois, des-ceu o sumo
 []


Underfull \hbox (badness 10000) in paragraph at lines 1354--1394
\TU/FreeSerif(0)/m/n/14.4 sa-cer-dote Ana-nias, com os an-ci-ãos
 []


Underfull \hbox (badness 3039) in paragraph at lines 1354--1394
\TU/FreeSerif(0)/m/n/14.4 e um certo ora-dor Tér-tulo; os quais
 []


Underfull \hbox (badness 10000) in paragraph at lines 1354--1394
\TU/FreeSerif(0)/m/n/14.4 com-pa-re-ce-ram di-ante do go-ver-na-dor
 []


Underfull \hbox (badness 1990) in paragraph at lines 1354--1394
\TU/FreeSerif(0)/m/n/14.4 agra-de-ci-mento o re-co-nhe-ce-mos. [][] []Mas
 []


Underfull \hbox (badness 1817) in paragraph at lines 1354--1394
\TU/FreeSerif(0)/m/n/14.4 por vós. [][] []Tendo ou-vido es-tas coi-sas,
 []


Underfull \hbox (badness 2426) in paragraph at lines 1354--1394
\TU/FreeSerif(0)/m/n/14.4 Fé-lix, que sa-bia mais de-ta-lha-da-mente
 []


Underfull \hbox (badness 1231) in paragraph at lines 1354--1394
\TU/FreeSerif(0)/m/n/14.4 so-bre o Ca-mi-nho, adiou-lhes, di-zendo:
 []


Underfull \hbox (badness 5008) in paragraph at lines 1354--1394
\TU/FreeSerif(0)/m/n/14.4 Quando o co-man-dante Lí-sias des-cer,
 []


Underfull \hbox (badness 1622) in paragraph at lines 1354--1394
\TU/FreeSerif(0)/m/n/14.4 eu pro-cu-ra-rei sa-ber me-lhor de vos-sos
 []


Underfull \hbox (badness 1460) in paragraph at lines 1354--1394
\TU/FreeSerif(0)/m/n/14.4 dis-cur-sado so-bre a jus-tiça, o do-mí-nio
 []

[572]
Underfull \vbox (badness 10000) has occurred while \output is active []



LaTeX Warning: Reference `0' on page 573 undefined on input line 1395.


Underfull \hbox (badness 4366) in paragraph at lines 1395--1435
\TU/FreeSerif(0)/m/n/14.4 dele con-tra Paulo, e lhe ro-ga-ram; [][]
 []


Underfull \hbox (badness 1803) in paragraph at lines 1395--1435
[]\TU/FreeSerif(0)/m/n/14.4 Pedindo fa-vor con-tra ele, para que o
 []


Underfull \hbox (badness 1721) in paragraph at lines 1395--1435
\TU/FreeSerif(0)/m/it/14.4 lá \TU/FreeSerif(0)/m/n/14.4 . [][] []Ele disse: En-
tão aque-les den-tre
 []


Underfull \hbox (badness 1226) in paragraph at lines 1395--1435
\TU/FreeSerif(0)/m/n/14.4 eles se reu-nido aqui, fa-zendo ne-nhum
 []


Underfull \hbox (badness 1509) in paragraph at lines 1395--1435
\TU/FreeSerif(0)/m/n/14.4 sen-tado no tri-bu-nal, man-dei tra-zer ao
 []


Underfull \vbox (badness 10000) has occurred while \output is active []

 [573]
Underfull \vbox (badness 10000) has occurred while \output is active []


Underfull \vbox (badness 10000) has occurred while \output is active []

 [574]

LaTeX Warning: Reference `0' on page 575 undefined on input line 1436.


Underfull \hbox (badness 1248) in paragraph at lines 1436--1490
\TU/FreeSerif(0)/m/n/14.4 tes-te-mu-nhar, de que con-forme a mais
 []


Underfull \hbox (badness 1902) in paragraph at lines 1436--1490
\TU/FreeSerif(0)/m/n/14.4 de mim e dos que iam co-migo. [][] []E
 []


Underfull \hbox (badness 1009) in paragraph at lines 1436--1490
\TU/FreeSerif(0)/m/n/14.4 e tes-te-mu-nha, tanto das coi-sas que \TU/FreeSerif(
0)/m/it/14.4 já
 []


Underfull \hbox (badness 2707) in paragraph at lines 1436--1490
\TU/FreeSerif(0)/m/n/14.4 e por toda a terra da Ju-deia, e aos
 []


Underfull \vbox (badness 10000) has occurred while \output is active []

 [575]
Underfull \vbox (badness 10000) has occurred while \output is active []



LaTeX Warning: Reference `0' on page 576 undefined on input line 1491.


Underfull \hbox (badness 6094) in paragraph at lines 1491--1565
\TU/FreeSerif(0)/m/n/14.4 de Tes-sa-lô-nica. [][] []E no \TU/FreeSerif(0)/m/i
t/14.4 dia \TU/FreeSerif(0)/m/n/14.4 se-guinte,
 []


Underfull \hbox (badness 1968) in paragraph at lines 1491--1565
\TU/FreeSerif(0)/m/n/14.4 do Chi-pre, por-que os ven-tos es-ta-vam
 []


Underfull \hbox (badness 2057) in paragraph at lines 1491--1565
\TU/FreeSerif(0)/m/n/14.4 con-tra o vento, nós dei-xa-mos ser-mos
 []


Underfull \hbox (badness 1210) in paragraph at lines 1491--1565
\TU/FreeSerif(0)/m/it/14.4 na-vio \TU/FreeSerif(0)/m/n/14.4 . [][] []E no ter-ce
iro \TU/FreeSerif(0)/m/it/14.4 dia \TU/FreeSerif(0)/m/n/14.4 , com as
 []


Underfull \hbox (badness 1062) in paragraph at lines 1491--1565
\TU/FreeSerif(0)/m/n/14.4 dias, e sendo afli-gi-dos por não pouca
 []


Underfull \hbox (badness 1320) in paragraph at lines 1491--1565
\TU/FreeSerif(0)/m/n/14.4 . [][] []E \TU/FreeSerif(0)/m/it/14.4 quando \TU/Free
Serif(0)/m/n/14.4 os ma-ri-nhei-ros es-ta-vam
 []


Underfull \hbox (badness 1127) in paragraph at lines 1491--1565
\TU/FreeSerif(0)/m/n/14.4 mas a popa es-tava se des-tru-indo com
 []


Underfull \hbox (badness 1515) in paragraph at lines 1491--1565
\TU/FreeSerif(0)/m/n/14.4 che-gas-sem à terra \TU/FreeSerif(0)/m/it/14.4 firme
 \TU/FreeSerif(0)/m/n/14.4 . [][] []E \TU/FreeSerif(0)/m/it/14.4 de-pois
 []

[576]
Underfull \vbox (badness 10000) has occurred while \output is active []


Underfull \vbox (badness 10000) has occurred while \output is active []

 [577]
Underfull \vbox (badness 10000) has occurred while \output is active []



LaTeX Warning: Reference `0' on page 578 undefined on input line 1566.


Underfull \hbox (badness 1028) in paragraph at lines 1566--1611
[][] []\TU/FreeSerif(0)/m/n/14.4 E tendo so-bre-vi-vido, en-tão sou-be-ram
 []


Underfull \hbox (badness 1831) in paragraph at lines 1566--1611
\TU/FreeSerif(0)/m/n/14.4 que a ilha se cha-mava Malta. [][] []E os
 []


Underfull \hbox (badness 3029) in paragraph at lines 1566--1611
\TU/FreeSerif(0)/m/n/14.4 be-ne-vo-lên-cia in-co-mum; por-que, tendo
 []


Underfull \hbox (badness 1360) in paragraph at lines 1566--1611
\TU/FreeSerif(0)/m/n/14.4 to-dos, por causa da chuva que es-tava
 []


Underfull \hbox (badness 1442) in paragraph at lines 1566--1611
\TU/FreeSerif(0)/m/n/14.4 ao fogo, so-freu ne-nhum mal. [][] []E eles
 []


Underfull \hbox (badness 1817) in paragraph at lines 1566--1611
\TU/FreeSerif(0)/m/n/14.4 , e di-ziam que ele era um deus. [][] []E
 []


Underfull \hbox (badness 1708) in paragraph at lines 1566--1611
\TU/FreeSerif(0)/m/n/14.4 nos in-for-mado ou fa-lado de ti al-gum
 []

[578]
Underfull \vbox (badness 10000) has occurred while \output is active []

)
("./source/NT/66 - REV_src.tex"
[leftcolumn badness]: 1000000 on 12.0pt
[rightcolumn badness]: 1000000 on 12.0pt
[leftcolumn badness]: 1000000 on 12.0pt
[rightcolumn badness]: 1000000 on 12.0pt
[leftcolumn badness]: 1000000 on 12.0pt
[rightcolumn badness]: 1000000 on 12.0pt
[leftcolumn badness]: 1000000 on 12.0pt
[rightcolumn badness]: 1000000 on 12.0pt
- LAST -
Extra skip:7.26476pt
Left:651.96272pt/0.0pt
Right:644.69797pt/0.0pt
Split: 652.33034pt
Output:652.33034pt
Pageshrink: 0.0pt
Pagestretch: 0.0pt
@colht:660.06499pt
FLUSHEND [output]: 652.33034pt
FLUSHEND [leftcolumn badness]: 10000
FUSHEND [rightcolumn badness]: 10000
 [579] [580


]

LaTeX Warning: Reference `0' on page 581 undefined on input line 41.


Underfull \hbox (badness 1383) in paragraph at lines 41--85
\TU/FreeSerif(0)/m/n/14.4 dei-xaste o teu pri-meiro amor. [][] []Então
 []


Underfull \hbox (badness 1454) in paragraph at lines 41--85
\TU/FreeSerif(0)/m/n/14.4 en-ga-nar meus ser-vos, para que fa-çam
 []


Underfull \vbox (badness 10000) has occurred while \output is active []

 [581]

LaTeX Warning: Reference `0' on page 582 undefined on input line 86.


Underfull \hbox (badness 2326) in paragraph at lines 86--116
\TU/FreeSerif(0)/m/n/14.4 con-ta-mi-na-ram suas rou-pas, e an-da-rão
 []


Underfull \vbox (badness 10000) has occurred while \output is active []

 [582]

LaTeX Warning: Reference `0' on page 583 undefined on input line 117.


Underfull \hbox (badness 1910) in paragraph at lines 117--136
[][] []\TU/FreeSerif(0)/m/n/14.4 De-pois des-tas coi-sas eu olhei, e eis
 []


Underfull \hbox (badness 2884) in paragraph at lines 117--136
\TU/FreeSerif(0)/m/n/14.4 era de apa-rên-cia se-me-lhante à pe-dra
 []


LaTeX Warning: Reference `0' on page 583 undefined on input line 137.


Underfull \vbox (badness 10000) has occurred while \output is active []

 [583]
Underfull \vbox (badness 10000) has occurred while \output is active []



LaTeX Warning: Reference `0' on page 584 undefined on input line 156.


Underfull \hbox (badness 1092) in paragraph at lines 156--183
[][] []\TU/FreeSerif(0)/m/n/14.4 E eu vi quando o Co-reiro abriu um
 []

[584]

LaTeX Warning: Reference `0' on page 585 undefined on input line 184.


Underfull \hbox (badness 1342) in paragraph at lines 184--205
\TU/FreeSerif(0)/m/n/14.4 doze mil fo-ram se-la-dos; [][] []da tribo de
 []


Underfull \vbox (badness 1968) has occurred while \output is active []


Underfull \vbox (badness 10000) has occurred while \output is active []

 [585]

LaTeX Warning: Reference `0' on page 586 undefined on input line 206.


Underfull \hbox (badness 1320) in paragraph at lines 206--232
\TU/FreeSerif(0)/m/n/14.4 al-tar, tendo um in-cen-sá-rio de ouro; e
 []


LaTeX Warning: Reference `0' on page 586 undefined on input line 233.


Underfull \hbox (badness 1173) in paragraph at lines 233--264
\TU/FreeSerif(0)/m/n/14.4 do abismo. [][] []E o poço do abismo foi
 []


Underfull \hbox (badness 1424) in paragraph at lines 233--264
[][] []\TU/FreeSerif(0)/m/n/14.4 E ti-nham cau-das se-me-lhan-tes às de
 []


Underfull \vbox (badness 10000) has occurred while \output is active []

 [586]
Underfull \vbox (badness 10000) has occurred while \output is active []



LaTeX Warning: Reference `0' on page 587 undefined on input line 265.

[587]

LaTeX Warning: Reference `0' on page 588 undefined on input line 283.


Underfull \vbox (badness 10000) has occurred while \output is active []


Underfull \vbox (badness 10000) has occurred while \output is active []

 [588]

LaTeX Warning: Reference `0' on page 589 undefined on input line 312.


Underfull \vbox (badness 10000) has occurred while \output is active []

 [589]

LaTeX Warning: Reference `0' on page 590 undefined on input line 344.


Underfull \hbox (badness 1221) in paragraph at lines 344--365
\TU/FreeSerif(0)/m/n/14.4 a fe-rida da es-pada, e so-bre-vi-veu. [][] []E
 []


Underfull \vbox (badness 10000) has occurred while \output is active []

 [590]

LaTeX Warning: Reference `0' on page 591 undefined on input line 366.


Underfull \vbox (badness 1968) has occurred while \output is active []

 [591]

LaTeX Warning: Reference `0' on page 592 undefined on input line 397.


LaTeX Warning: Reference `0' on page 592 undefined on input line 411.


Underfull \hbox (badness 1194) in paragraph at lines 411--438
\TU/FreeSerif(0)/m/n/14.4 Ba-bi-lô-nia veio em me-mó-ria di-ante de
 []

[592]
Underfull \vbox (badness 1968) has occurred while \output is active []



LaTeX Warning: Reference `0' on page 593 undefined on input line 439.

[593]

LaTeX Warning: Reference `0' on page 594 undefined on input line 463.


Underfull \hbox (badness 1292) in paragraph at lines 463--494
\TU/FreeSerif(0)/m/n/14.4 re-tri-bu-ído, e du-pli-cai a ela em do-bro,
 []


Underfull \hbox (badness 3396) in paragraph at lines 463--494
\TU/FreeSerif(0)/m/n/14.4 dela, cla-ma-ram, di-zendo: ‘\TU/FreeSerif(0)/m/it/
14.4 Ha-via \TU/FreeSerif(0)/m/n/14.4 algo
 []


Underfull \vbox (badness 10000) has occurred while \output is active []


Underfull \vbox (badness 10000) has occurred while \output is active []

 [594]
Underfull \vbox (badness 10000) has occurred while \output is active []



LaTeX Warning: Reference `0' on page 595 undefined on input line 495.

[595]
Underfull \vbox (badness 1968) has occurred while \output is active []



LaTeX Warning: Reference `0' on page 596 undefined on input line 530.

[596]
Underfull \vbox (badness 1968) has occurred while \output is active []



LaTeX Warning: Reference `0' on page 597 undefined on input line 560.


Underfull \hbox (badness 1314) in paragraph at lines 560--606
\TU/FreeSerif(0)/m/n/14.4 o dé-cimo pri-meiro, ja-cinto; o dé-cimo
 []

[597]
Underfull \vbox (badness 10000) has occurred while \output is active []



LaTeX Warning: Reference `0' on page 598 undefined on input line 607.

[598]
Underfull \vbox (badness 4832) has occurred while \output is active []

) [599]
\tf@toc=\write6

\openout6 = main.toc

(./build/main.aux)
 ***********
LaTeX2e <2026-06-01>
L3 programming layer <2020/03/25>
 ***********


LaTeX Warning: There were undefined references.

Package rerunfilecheck Info: File `main.out' has not changed.
(rerunfilecheck)             Checksum: 53DD6D725FF7A194B8B601D060BF4473;1803.
)
(\end occurred inside a group at level 1)

### simple group (level 1) entered at line 557 ({)
### bottom level

Here is how much of LuaTeX's memory you used:
 31839 strings out of 475704
 195421,1648299 words of node,token memory allocated
 4855 words of node memory still in use:
   8 hlist, 2 vlist, 2 rule, 280 glue, 4 kern, 1 penalty, 1 glyph, 571 attribute
, 193 glue_spec, 286 attribute_list, 2 write, 1 pdf_action nodes
   avail lists: 1:20,2:3325,3:505,4:495,5:5736,6:62,7:17297,8:46,9:899,10:14,11:
1416
 53153 multiletter control sequences out of 65536+600000
 168 fonts using 160797339 bytes
 111i,11n,131p,1218b,3131s stack positions out of 10000i,1000n,20000p,200000b,200000s
</usr/share/texlive/texmf-dist/fonts/opentype/public/gnu-freefont/FreeSerifItali
c.otf></usr/share/texlive/texmf-dist/fonts/opentype/public/newcomputermodern/New
CMMono10-Book.otf></usr/share/texlive/texmf-dist/fonts/opentype/public/gnu-freef
ont/FreeSerif.otf></usr/share/texlive/texmf-dist/fonts/opentype/public/gnu-freef
ont/FreeSerifBold.otf></usr/share/texlive/texmf-dist/fonts/type1/public/amsfonts
/latxfont/lcirclew.pfb>
Output written on main.pdf (603 pages, 3036356 bytes).

PDF statistics: 3394 PDF objects out of 3580 (max. 8388607)
 2745 compressed objects within 28 object streams
 909 named destinations out of 1000 (max. 1048576)
 153 words of extra memory for PDF output out of 10000 (max. 100000000)

